X side (intuition indices) preferences over Y (student indices):
1: 87 34 110 199 72 129 187 139 32 102 22 103 1 118 49 104 33 124 113 173 94 9 157 26 69 150 183 70 105 143 82 46 156 4 86 169 149 14 189 57 24 140 107 91 184 177 89 45 166 132 25 134 128 194 115 84 133 73 111 144 29 19 175 174 66 121 5 97 181 151 15 158 172 36 141 180 78 153 185 76 131 48 112 167 159 17 160 52 176 114 120 99 27 8 161 42 2 54 77 196 100 130 138 182 168 152 162 83 40 63 197 142 16 147 108 61 145 96 3 193 67 163 170 137 68 10 171 31 93 64 106 92 30 81 136 109 190 179 35 186 53 79 80 11 146 155 47 28 101 125 164 7 165 148 6 119 88 195 23 74 44 192 95 90 13 127 116 200 21 123 41 38 12 126 71 59 198 39 37 58 98 191 50 117 43 20 65 56 122 154 60 188 55 62 18 51 135 178 85 75
2: 1 157 189 86 124 110 87 103 129 24 173 46 34 49 177 69 149 118 33 26 104 22 166 102 139 89 14 184 150 9 107 140 72 132 94 113 45 82 32 156 4 105 187 57 15 143 70 153 91 128 120 2 169 111 121 180 131 141 133 115 52 161 181 172 66 16 174 73 199 42 17 78 194 27 5 160 185 48 175 68 183 10 158 84 167 151 112 144 29 19 36 76 159 134 114 176 147 8 25 170 108 100 130 3 138 168 83 40 67 163 96 152 54 197 97 63 145 162 193 182 196 142 137 77 155 99 30 101 61 146 136 28 109 92 81 190 93 80 171 179 186 79 11 47 35 64 106 31 53 125 74 44 95 192 23 164 13 7 165 127 148 90 6 119 88 21 195 116 71 123 12 126 198 200 41 59 38 191 37 56 39 43 117 50 20 58 122 98 60 55 65 188 154 62 135 18 51 85 178 75
3: 121 34 86 4 45 49 166 124 57 113 139 173 149 69 24 132 169 9 22 46 156 104 89 72 177 187 1 32 87 103 110 189 42 158 26 14 91 33 107 157 140 143 184 118 150 70 174 94 105 102 129 82 76 185 19 183 141 176 194 5 159 84 115 29 52 180 78 27 133 120 8 48 25 172 161 73 114 160 112 175 181 17 134 2 111 128 15 66 131 167 153 142 36 168 147 144 199 196 182 170 40 197 68 151 96 152 138 77 163 3 99 108 97 162 83 10 145 63 54 67 193 137 130 100 16 79 155 11 30 136 80 47 171 146 125 106 101 35 53 93 179 81 64 186 92 31 61 109 190 44 127 28 165 88 13 90 148 164 195 95 74 23 192 6 7 119 200 38 116 126 12 41 123 59 21 71 198 191 43 50 58 39 117 37 98 20 154 56 188 65 122 60 51 135 18 62 55 85 178 75
4: 177 187 113 166 94 102 45 72 103 26 4 107 91 156 132 87 124 189 157 32 69 184 46 14 49 149 70 86 73 118 139 140 143 150 33 89 105 173 82 110 169 22 24 34 9 1 57 104 129 78 133 194 181 8 161 17 2 183 19 112 144 5 111 141 63 76 66 48 42 175 174 25 15 199 114 115 29 131 167 158 153 160 185 128 120 172 36 159 27 134 180 170 176 121 152 84 52 193 142 147 67 196 163 130 77 168 97 162 96 108 100 182 137 3 54 16 99 197 155 151 145 40 68 10 83 31 138 125 146 53 47 186 30 11 93 81 101 136 171 61 179 92 190 106 109 28 80 79 35 64 126 95 90 127 6 13 148 165 192 7 119 74 88 195 164 23 44 41 198 123 200 71 12 21 116 59 38 98 191 43 58 39 50 20 37 122 117 65 154 56 188 60 55 135 18 62 51 178 85 75
5: 4 103 149 187 124 150 46 45 94 139 173 24 143 72 156 132 57 189 129 49 14 107 86 104 91 118 110 169 9 70 33 26 34 184 32 22 89 102 113 1 105 140 82 166 25 87 69 177 153 199 157 78 174 112 141 84 114 66 17 144 19 120 42 160 161 185 121 76 115 29 128 15 158 111 180 5 159 36 176 194 8 48 175 2 131 152 133 73 183 134 181 40 172 147 27 52 167 170 138 182 168 163 108 151 63 54 3 162 100 99 101 10 137 193 97 142 96 68 197 145 67 77 16 136 130 196 83 64 31 61 30 186 35 125 106 28 80 11 92 47 155 179 81 93 171 190 79 146 53 109 195 164 44 119 23 90 7 88 127 95 13 6 148 165 192 74 200 21 123 71 198 116 41 12 126 38 59 56 50 20 37 43 117 39 58 191 98 122 154 60 188 65 55 51 135 62 18 178 85 75
6: 70 4 49 91 187 26 184 9 45 118 105 107 104 33 113 139 124 189 46 156 57 72 157 87 143 89 103 110 24 69 132 129 173 82 22 177 32 102 1 86 94 149 150 166 140 34 14 169 199 52 76 121 181 128 120 36 15 78 159 176 141 131 2 153 73 111 42 48 180 84 161 167 5 144 133 174 66 158 114 112 25 29 172 17 8 160 115 108 183 19 185 194 175 134 27 97 182 196 147 96 163 77 67 197 152 168 99 100 68 3 54 10 137 145 83 170 162 16 142 130 151 138 193 63 40 61 106 28 93 146 79 179 11 155 125 64 109 190 136 53 81 101 31 80 171 30 47 92 186 35 127 23 165 88 13 119 148 164 44 192 6 195 7 90 74 95 116 198 123 41 59 12 71 38 21 200 126 20 43 191 98 58 117 37 39 122 50 188 60 154 65 56 55 135 51 18 62 85 178 75
7: 113 87 34 49 1 118 46 129 187 103 57 143 184 22 139 104 94 105 102 86 107 32 33 4 72 26 149 140 70 169 110 173 14 124 89 150 166 157 69 177 24 9 132 91 189 156 82 153 45 181 167 159 48 121 17 131 25 120 27 15 66 183 158 78 160 141 42 176 114 144 52 172 29 133 134 76 5 8 84 194 2 115 112 111 128 73 36 19 185 199 161 175 180 174 147 170 97 163 162 182 145 16 54 100 130 197 83 96 3 196 152 10 67 137 108 151 99 77 142 138 40 68 168 63 193 93 30 64 101 155 79 125 28 190 80 35 31 53 106 179 146 109 92 186 148 136 171 61 11 47 81 13 88 195 165 23 90 44 95 127 74 7 6 164 119 192 21 198 12 38 71 59 200 116 126 41 123 58 50 191 43 98 39 20 117 37 122 154 188 60 56 65 55 135 178 51 18 62 85 75
8: 102 149 132 69 91 169 46 4 156 105 177 33 166 140 113 150 45 34 14 104 86 24 57 118 22 124 72 26 49 173 129 87 70 110 89 143 189 32 187 82 1 94 103 19 184 139 107 180 157 9 114 176 141 160 76 42 48 130 36 174 17 84 120 172 27 194 112 8 111 158 161 167 199 73 133 5 181 25 115 159 66 175 131 128 29 121 15 52 185 134 153 78 144 183 2 96 54 182 137 67 63 93 147 40 100 151 108 168 68 77 162 145 10 152 138 3 16 99 142 197 193 28 196 171 163 83 97 165 170 190 146 80 31 35 101 79 81 136 23 125 109 61 92 64 11 95 179 186 155 47 53 106 30 74 7 192 148 44 88 195 13 119 164 127 71 6 90 116 59 123 126 198 21 41 200 12 38 191 98 117 39 43 56 37 50 58 20 188 154 60 65 122 135 62 55 18 51 178 85 75
9: 87 124 1 91 156 72 34 70 110 22 184 89 14 82 107 33 4 32 187 132 46 104 118 129 166 69 102 94 189 84 143 45 157 103 173 140 57 113 169 24 177 150 181 105 49 149 86 26 9 183 139 175 194 66 48 133 8 114 176 144 159 73 120 128 160 112 172 121 161 131 5 111 153 17 27 15 76 180 115 158 174 52 185 19 42 199 167 29 78 2 141 134 36 168 25 137 145 182 147 162 142 152 3 67 16 197 163 77 193 54 99 68 106 40 100 63 151 108 170 83 130 196 97 35 138 61 10 96 146 125 53 92 179 11 30 101 79 81 28 109 31 186 190 47 171 93 155 80 64 136 6 119 74 195 23 13 127 7 95 88 90 44 165 192 164 148 59 126 116 200 198 12 38 21 123 71 41 117 20 191 37 98 50 39 43 58 60 56 65 188 154 122 135 18 51 55 62 85 178 75
10: 34 72 45 24 33 139 87 150 103 149 46 177 143 57 102 173 184 89 94 118 132 9 110 166 22 1 82 32 14 124 105 42 4 187 129 156 69 169 70 189 157 26 144 113 91 86 49 104 107 140 172 29 25 19 27 36 194 175 121 131 160 128 5 84 153 76 2 183 112 147 158 167 159 115 120 111 176 141 134 114 17 199 73 52 40 161 180 15 48 66 174 181 78 16 185 133 8 137 10 83 168 130 30 142 54 77 152 99 145 136 197 108 96 97 151 170 67 196 193 68 100 63 138 3 182 163 162 35 190 61 93 186 106 64 155 47 146 11 81 31 80 171 101 53 28 92 79 109 125 179 13 127 7 195 23 74 165 192 44 95 148 164 88 90 6 119 12 59 71 198 21 38 123 126 200 41 116 43 98 117 58 50 39 20 191 37 60 56 154 122 188 65 55 18 62 51 135 178 85 75
11: 143 70 34 26 166 22 105 110 72 184 86 91 149 45 24 89 129 14 107 33 102 9 118 177 46 124 156 87 94 157 82 139 140 49 187 4 57 32 1 189 132 69 150 169 103 176 104 173 199 113 52 174 73 8 131 42 48 160 128 25 15 158 112 2 159 172 76 27 29 114 120 167 17 141 180 185 19 115 84 175 66 183 111 144 134 78 193 133 161 36 181 5 153 194 121 170 100 196 137 130 96 108 145 40 147 142 152 162 67 68 99 10 190 63 151 197 16 138 77 3 97 182 83 54 28 92 168 53 163 106 80 171 186 146 35 179 93 81 61 101 64 136 11 47 109 125 79 31 155 30 6 13 7 165 148 44 88 192 119 195 74 23 90 164 95 126 12 127 198 116 41 21 71 200 59 38 50 123 20 37 191 98 117 58 39 43 55 60 188 122 56 65 154 62 135 18 51 178 85 75
12: 4 107 69 129 91 72 187 184 105 1 139 104 14 156 89 9 103 118 177 34 57 87 140 86 169 113 110 94 45 82 24 32 189 157 150 132 166 102 173 42 149 46 70 26 33 76 49 124 143 22 111 161 199 159 114 120 128 183 19 17 181 78 112 121 174 194 29 134 133 141 48 5 52 153 175 8 172 84 180 36 115 66 158 25 73 27 167 160 144 15 185 170 2 176 131 40 68 97 83 67 96 163 10 162 63 196 197 193 100 108 151 137 130 145 99 138 142 77 3 125 54 152 182 168 16 147 146 61 64 93 101 179 80 136 79 92 190 28 155 30 109 35 47 165 81 171 186 11 53 106 31 7 148 192 13 195 90 88 127 6 74 23 95 44 164 119 41 116 126 123 12 200 38 198 71 59 21 98 43 117 50 20 37 191 58 39 56 154 122 65 60 188 18 135 51 62 55 178 85 75
13: 94 19 57 91 113 156 87 1 70 139 118 46 45 177 33 89 102 189 149 4 132 104 185 82 187 32 103 140 107 24 143 173 34 172 14 26 72 105 129 86 69 9 157 150 22 184 166 49 110 124 115 169 180 29 183 199 120 73 2 84 160 17 153 67 133 42 111 36 134 121 66 194 158 176 114 52 131 159 8 112 161 167 128 78 15 76 181 174 141 48 5 175 25 145 27 151 144 97 196 142 100 130 68 182 99 163 170 10 147 168 162 16 108 63 83 3 40 152 77 193 96 138 197 30 137 54 93 109 35 53 171 92 101 136 47 125 11 31 190 106 155 80 64 179 88 61 81 146 186 28 79 95 119 195 74 192 165 44 127 23 13 6 148 7 90 164 59 200 71 21 12 123 116 41 126 198 38 50 39 191 20 98 43 58 37 62 117 65 60 122 56 154 188 51 55 18 135 85 178 75
14: 173 129 169 86 107 113 177 89 87 72 187 103 166 34 157 45 140 70 9 102 32 57 26 105 124 46 24 22 143 69 150 1 110 33 118 184 139 14 132 189 104 128 82 27 4 49 94 91 199 181 2 36 78 149 29 112 156 115 158 133 153 185 84 144 17 73 159 120 48 76 8 25 114 161 15 131 141 180 172 134 52 5 121 183 194 111 176 160 175 167 174 42 66 19 168 10 147 63 142 193 138 170 54 16 97 163 196 68 197 99 96 28 152 3 40 100 108 162 182 151 137 145 77 83 67 130 155 125 146 31 165 80 35 64 81 92 171 186 11 61 93 179 79 109 47 53 30 101 190 106 136 127 192 13 7 44 95 119 90 148 195 74 23 6 164 88 21 12 116 59 198 123 71 200 126 41 38 20 43 37 98 50 117 58 191 39 154 65 60 56 188 122 51 135 18 55 62 85 178 75
15: 166 87 91 149 139 184 57 104 103 9 49 107 24 72 89 129 150 33 70 32 169 157 34 173 113 124 69 14 118 17 46 73 140 102 132 82 1 94 189 22 187 177 156 105 4 143 194 86 167 45 110 112 26 141 174 78 42 84 180 131 27 36 176 111 153 160 5 52 15 183 134 48 114 76 120 185 19 159 144 2 172 115 158 175 25 66 29 128 161 199 121 181 152 8 133 163 147 170 130 96 68 138 100 137 193 162 182 108 63 196 77 40 142 197 10 16 28 99 83 54 67 151 145 3 90 171 97 168 109 30 101 155 136 93 106 79 80 31 61 186 35 81 53 47 179 146 190 92 11 64 164 125 195 6 95 148 74 7 88 23 165 192 116 13 44 119 127 126 71 98 21 59 198 200 12 123 41 38 39 117 43 20 50 58 37 154 191 56 65 60 122 188 135 62 178 55 18 51 85 75
16: 91 69 9 140 177 103 102 110 149 1 169 72 173 143 118 89 139 82 86 156 87 129 70 189 14 124 113 105 57 107 166 49 46 32 33 26 157 187 45 22 4 24 132 150 94 104 199 34 184 120 84 15 141 78 76 48 36 174 153 159 180 73 111 161 160 29 134 194 52 2 112 133 42 17 121 167 181 128 19 176 114 115 96 185 8 144 131 175 158 172 27 183 151 25 66 5 170 162 100 163 193 147 3 182 99 54 68 83 77 152 97 196 67 137 40 145 108 138 197 168 92 16 10 63 130 142 81 136 93 64 30 28 186 35 146 79 109 155 106 190 125 179 31 101 61 11 53 47 80 171 119 192 23 6 13 164 95 74 127 7 195 90 165 88 148 44 21 200 98 41 198 71 126 12 38 123 59 116 117 58 39 50 43 191 37 20 56 188 65 60 154 122 18 51 62 55 135 85 178 75
17: 150 156 9 105 45 94 149 70 69 132 189 24 143 46 14 118 82 184 49 173 1 113 32 187 91 104 169 110 89 22 4 103 124 157 36 140 177 129 107 33 87 86 102 139 34 26 72 166 57 167 29 84 120 76 161 159 181 175 78 2 134 66 185 172 52 17 111 48 141 27 176 25 19 153 131 15 183 42 144 115 158 199 128 133 112 180 160 73 194 121 16 5 174 8 114 152 96 100 68 53 108 40 137 171 10 182 147 162 63 67 97 138 151 83 145 3 197 54 168 196 77 163 142 193 125 99 170 130 155 92 47 64 109 146 61 28 31 11 179 106 30 81 79 186 136 101 190 80 93 35 90 88 6 7 44 23 165 95 119 164 148 74 13 195 192 127 41 38 116 200 123 59 198 126 21 71 12 191 58 50 37 20 98 39 117 43 65 122 56 60 154 188 51 135 18 55 62 178 85 75
18: 91 189 166 9 110 32 46 89 140 57 26 49 156 187 149 157 82 87 33 104 132 177 169 143 14 113 173 107 69 105 19 45 184 86 139 72 1 129 103 4 124 185 34 78 94 150 22 141 102 70 24 5 153 160 175 118 172 161 15 199 73 144 194 8 84 134 114 48 121 120 181 76 131 174 183 133 111 36 159 42 180 27 25 17 176 167 66 112 158 115 29 52 128 2 67 182 97 96 10 40 108 163 137 197 63 151 162 77 168 3 99 130 193 196 142 100 138 152 54 147 68 16 83 190 101 170 145 53 171 186 64 47 30 28 125 79 11 93 81 155 109 61 35 80 106 146 179 136 92 31 95 195 148 74 165 90 164 88 127 6 44 23 192 119 13 126 200 7 38 198 123 21 116 71 41 59 12 43 58 37 117 191 20 65 50 39 98 56 154 60 122 188 135 51 55 18 62 178 85 75
19: 110 149 69 9 22 33 189 46 94 150 143 34 72 49 184 1 118 89 173 139 169 24 91 166 124 129 14 105 156 82 86 70 4 57 32 45 103 107 112 104 26 187 177 102 157 87 132 52 113 140 176 194 133 144 42 111 128 159 181 172 36 29 19 153 174 120 27 114 17 8 161 160 78 199 66 15 185 115 131 183 76 5 121 48 2 134 73 84 180 175 141 158 138 25 167 152 40 130 68 108 196 83 63 193 168 142 151 170 3 67 16 147 99 10 182 77 145 100 197 54 163 162 96 97 137 53 136 61 47 11 64 171 80 92 190 125 101 186 109 155 106 93 179 35 31 81 7 28 30 79 146 119 88 127 23 195 148 6 90 165 44 164 95 74 192 13 198 123 116 38 59 41 200 12 21 126 71 191 50 20 43 58 117 39 98 37 122 60 65 188 154 56 62 55 135 18 51 178 85 75
20: 22 173 129 132 118 91 82 89 169 32 140 34 177 156 166 57 24 4 94 86 69 104 149 150 49 72 87 124 143 110 102 9 184 46 187 14 103 114 157 1 189 33 139 26 105 113 107 70 5 45 8 77 174 19 15 153 176 199 48 52 183 144 181 158 73 160 121 76 29 133 134 78 111 112 185 172 128 42 131 115 36 84 25 120 141 180 17 175 194 27 66 99 161 159 167 97 2 147 100 83 168 197 3 40 63 130 196 54 193 10 170 182 162 151 108 16 142 163 96 138 152 137 145 67 68 109 35 53 61 179 79 28 125 11 92 186 136 101 106 80 30 64 146 81 47 190 93 31 171 155 164 74 90 119 7 148 165 127 192 88 23 95 44 6 13 195 21 126 116 123 38 59 71 41 12 200 198 191 20 50 98 117 37 43 39 58 65 60 188 56 122 154 18 135 55 62 51 178 85 75
21: 104 82 139 87 189 132 129 14 49 105 110 57 69 166 46 157 89 4 86 32 9 187 140 124 107 150 94 113 26 118 45 24 149 173 91 169 70 103 22 33 1 177 156 184 143 128 34 72 160 121 115 167 102 27 131 25 42 114 5 158 15 19 134 36 180 8 147 175 181 17 133 52 183 84 185 2 199 161 141 76 48 66 194 174 78 172 120 29 176 144 73 112 159 111 130 151 153 193 163 137 182 138 170 68 40 83 96 142 108 196 67 152 97 168 16 10 162 54 99 63 3 145 77 197 100 171 190 93 31 47 30 179 92 35 146 186 136 109 61 28 81 106 192 53 155 101 64 125 79 11 80 165 6 88 7 148 119 23 90 44 127 164 13 195 74 71 95 198 59 200 12 38 116 123 41 21 126 117 58 20 191 50 43 37 188 98 39 154 60 56 122 65 135 18 62 51 55 178 85 75
22: 103 157 177 118 94 24 184 124 45 69 113 22 104 102 91 187 139 82 140 110 1 72 129 33 166 49 34 57 70 143 150 46 89 132 189 173 149 14 32 87 26 4 169 86 5 107 134 105 36 158 9 156 42 84 153 52 176 181 73 199 8 66 48 167 15 131 194 141 159 17 133 161 174 183 112 2 172 19 144 128 76 180 121 25 115 120 175 29 185 78 27 130 114 97 111 160 63 152 182 170 3 67 142 77 138 54 137 96 83 145 40 147 168 162 197 16 163 10 99 68 196 108 193 64 100 151 109 80 146 101 179 190 11 28 47 53 155 93 171 81 186 92 31 136 79 106 35 30 125 61 74 127 44 41 6 13 7 165 23 148 95 88 119 90 195 192 164 59 38 198 71 126 12 200 21 116 123 50 117 58 43 20 98 191 39 37 122 188 154 56 60 65 135 18 55 62 51 178 85 75
23: 91 174 103 139 72 104 187 129 32 107 46 113 184 132 157 110 166 24 82 143 57 87 9 34 177 33 4 150 49 89 189 194 22 105 70 156 86 169 173 94 1 69 45 124 14 149 118 140 26 102 134 42 121 17 19 5 8 63 181 73 161 25 183 84 167 66 115 159 197 185 141 112 128 29 111 2 15 27 175 180 144 131 78 176 172 114 199 158 76 160 48 120 153 133 36 152 151 52 142 137 168 10 68 54 193 145 67 77 40 99 108 196 182 162 100 97 3 83 147 96 130 30 16 170 163 138 190 11 80 6 146 28 106 35 64 61 125 92 155 136 81 31 171 109 179 47 186 101 79 93 53 119 90 74 13 23 88 127 164 195 7 192 165 95 71 44 148 126 21 38 123 198 200 41 59 116 12 37 43 117 191 39 20 50 58 188 98 154 56 122 60 65 62 18 51 178 55 135 85 75
24: 103 104 150 166 105 1 24 189 22 34 118 4 173 139 91 177 87 14 26 169 113 57 72 149 110 132 45 157 184 86 89 46 140 161 156 9 49 94 187 70 69 143 82 32 33 102 129 124 176 107 8 19 199 183 27 172 134 36 167 76 120 25 73 159 128 42 185 48 153 115 84 175 141 158 144 29 5 133 180 160 15 112 114 181 142 196 194 17 182 174 66 78 52 111 2 121 131 138 145 100 3 96 163 16 68 99 108 83 130 63 193 67 162 92 54 170 152 77 40 97 147 197 10 168 151 137 81 136 190 106 79 53 30 195 28 31 146 93 155 90 11 35 80 179 186 125 171 61 101 109 64 47 165 127 44 192 164 7 6 148 13 74 23 119 95 88 198 38 21 123 41 71 200 59 126 116 12 39 20 50 117 37 98 191 58 43 56 122 188 65 60 154 135 55 18 51 62 178 85 75
25: 91 14 46 118 103 139 33 157 86 150 104 105 124 102 199 156 189 129 82 166 22 72 149 1 184 110 69 113 34 49 169 87 177 9 94 143 70 32 26 194 4 57 173 140 24 132 107 89 187 45 114 2 159 8 5 48 66 112 167 19 42 68 185 181 27 25 120 153 133 141 183 84 73 29 128 161 111 175 115 174 78 158 76 15 134 52 36 121 180 131 17 172 144 176 160 193 63 16 163 196 145 97 170 147 137 142 100 108 10 77 190 197 47 182 40 99 96 162 168 152 3 130 83 151 67 54 138 171 136 155 79 31 92 186 30 61 64 28 80 11 81 125 53 109 179 101 146 35 93 106 13 90 127 7 44 6 88 165 192 74 148 164 119 95 195 23 12 38 59 71 198 41 43 116 200 126 21 123 117 98 20 58 191 50 37 39 122 188 60 65 56 154 62 55 135 51 18 178 85 75
26: 9 104 89 57 94 14 49 187 24 46 82 156 69 70 105 140 173 189 4 169 149 32 113 91 102 110 26 87 86 139 157 143 45 129 150 132 118 166 22 34 1 184 107 72 177 33 124 103 16 160 115 175 199 159 15 174 48 8 131 172 29 153 111 42 194 183 2 19 5 161 180 176 76 84 120 17 73 66 128 36 27 52 112 114 25 133 167 78 144 181 158 196 121 141 185 134 77 96 83 170 68 168 147 151 182 99 152 163 97 40 63 145 67 3 108 100 162 137 193 197 54 130 138 155 142 10 64 186 190 81 92 31 101 125 106 146 53 47 171 179 30 136 35 79 93 80 109 61 11 28 95 90 164 148 7 195 44 74 165 192 119 23 127 88 6 13 59 38 12 200 126 41 198 116 71 123 21 43 39 37 20 191 58 50 117 98 56 65 154 188 60 62 122 51 55 135 18 178 85 75
27: 103 70 26 57 14 73 166 86 1 113 189 110 139 105 87 174 34 9 104 140 91 4 32 129 150 173 22 107 118 177 132 33 69 102 124 187 112 111 94 89 143 72 49 184 157 24 45 82 169 149 133 120 156 46 8 27 167 25 19 134 175 183 180 131 78 36 199 66 159 52 128 114 145 161 2 42 84 48 181 176 5 15 158 185 172 160 194 153 115 121 76 17 141 144 16 197 137 29 151 97 162 3 138 54 108 182 83 147 96 99 10 67 193 142 130 81 100 63 168 47 40 152 163 68 170 77 196 171 155 146 28 11 101 190 79 92 80 186 61 64 93 179 35 31 30 109 106 53 125 136 195 127 119 192 164 74 6 23 95 13 90 165 88 44 148 7 200 41 116 71 123 38 12 198 21 126 43 59 39 58 20 191 37 50 98 117 188 60 122 65 56 154 55 51 62 135 18 178 85 75
28: 46 102 94 34 87 69 91 124 184 139 24 103 177 173 166 14 57 129 132 141 1 150 157 118 86 4 110 70 187 169 105 45 22 113 72 104 149 140 107 9 89 49 82 156 181 189 26 33 143 114 111 5 32 159 84 8 36 175 185 144 15 78 161 48 76 52 128 199 133 17 153 172 134 158 167 194 176 121 19 180 66 174 29 131 73 183 42 27 112 115 160 2 120 25 3 77 151 97 170 147 99 16 108 182 193 100 138 68 83 67 96 63 137 54 10 163 168 152 130 162 40 197 145 196 142 106 53 47 61 186 179 35 125 92 81 136 93 28 109 30 31 190 146 171 79 11 80 64 155 101 195 7 44 74 90 192 23 148 88 95 6 13 165 119 127 164 41 198 200 123 12 38 116 126 21 71 59 37 98 117 39 20 43 50 191 58 65 154 56 188 122 60 51 55 62 178 18 135 85 75
29: 103 177 82 157 69 150 139 105 9 49 124 94 143 34 140 107 189 166 45 149 22 113 104 173 32 14 102 72 89 70 169 187 24 91 110 46 156 26 33 184 4 87 132 57 86 118 183 131 1 129 181 76 112 167 144 159 160 120 185 52 175 134 17 111 115 128 158 194 2 73 180 8 15 78 48 153 66 133 199 36 176 19 42 172 114 84 27 29 5 161 40 174 121 141 16 25 152 162 99 10 68 108 163 130 196 138 197 63 170 96 182 193 77 142 145 147 137 83 54 97 168 67 100 151 3 53 92 101 125 146 31 80 11 35 81 93 28 136 47 155 171 30 61 64 106 190 109 186 79 179 165 74 7 88 23 6 13 95 119 148 192 127 90 195 164 44 21 38 59 200 198 123 41 126 71 12 117 98 116 58 50 39 43 20 37 191 65 60 122 56 188 154 55 62 135 51 18 85 178 75
30: 82 46 87 4 9 139 129 1 149 156 14 189 57 94 177 113 173 34 105 181 187 118 184 89 91 133 45 166 102 132 24 32 70 124 49 69 33 26 86 169 107 143 72 128 140 157 22 103 150 104 110 2 52 120 174 134 42 183 131 84 25 36 141 185 66 160 111 17 115 76 15 176 144 172 78 112 175 153 159 121 73 19 180 29 158 199 194 137 114 8 5 27 48 161 170 167 108 152 96 197 16 145 193 163 162 3 138 151 100 146 83 196 68 99 40 10 54 77 97 63 130 142 182 147 67 11 30 168 92 28 186 101 171 136 47 81 53 155 31 106 93 125 35 79 109 64 88 190 179 61 148 119 80 74 6 95 192 165 7 127 23 164 13 44 90 195 123 38 21 71 126 200 116 59 198 41 12 20 37 58 98 191 50 39 117 43 56 154 188 60 65 122 55 18 62 135 51 85 178 75
31: 140 156 129 86 150 32 34 14 69 189 105 184 33 49 107 94 70 104 89 143 1 169 166 24 46 82 87 26 124 45 132 4 91 113 103 9 110 139 57 177 153 157 72 118 173 149 102 187 199 22 78 2 27 48 133 84 158 42 172 8 120 66 76 159 161 52 121 17 15 181 144 176 131 36 5 175 141 194 25 167 183 112 111 128 160 73 174 114 134 151 29 185 115 182 19 180 99 197 54 63 77 138 193 168 162 100 170 137 40 130 108 147 3 196 16 163 96 97 101 68 142 10 83 145 152 67 109 80 136 47 190 11 186 155 92 35 106 171 30 79 31 81 146 125 28 93 61 64 179 53 6 13 164 90 165 127 148 23 7 44 116 195 192 88 119 74 95 21 38 198 12 126 59 41 71 123 200 43 191 50 20 37 98 58 117 39 56 65 122 154 60 188 62 18 51 55 135 85 178 75
32: 26 110 173 113 107 9 156 22 86 33 140 132 149 69 103 169 166 14 124 150 94 45 46 118 91 102 189 143 1 82 24 72 34 70 4 49 57 139 177 184 104 187 29 87 157 89 129 153 32 105 194 174 2 160 176 199 159 128 172 76 183 84 111 19 66 17 144 133 27 115 158 181 8 78 114 120 25 15 112 141 73 185 131 161 5 121 42 180 52 134 175 167 48 36 170 54 152 77 96 81 197 163 108 63 142 68 97 196 100 182 3 193 162 40 67 10 83 130 99 138 151 147 137 168 16 145 47 64 179 93 35 11 106 101 171 53 136 61 28 30 125 79 190 109 92 146 186 80 31 155 165 90 119 23 74 192 6 88 127 195 95 148 44 13 164 198 7 200 116 71 59 12 21 126 41 38 123 37 58 43 191 20 98 117 50 60 39 188 56 154 122 65 18 135 55 62 51 178 85 75
33: 24 91 86 9 87 104 22 143 33 82 169 110 184 69 46 45 144 34 102 70 194 181 32 57 89 157 156 113 129 105 103 1 49 132 72 14 118 173 177 124 150 189 94 107 166 139 26 66 5 140 187 149 15 4 160 172 84 161 174 19 115 42 27 17 78 111 176 52 2 133 76 134 128 8 185 175 48 159 199 73 120 121 153 141 180 112 158 25 29 183 131 114 167 36 100 83 145 170 67 77 3 182 68 137 108 10 151 147 40 193 96 99 16 197 163 152 97 138 142 162 168 63 155 146 196 54 130 31 179 30 186 11 171 136 93 47 106 61 125 53 80 35 28 79 92 109 81 64 101 190 195 90 44 7 148 74 192 119 88 6 13 164 95 23 127 165 126 38 71 198 117 116 200 41 21 123 12 59 39 37 20 58 43 50 191 98 56 65 60 154 188 122 51 135 62 18 55 178 85 75
34: 156 33 26 94 157 57 184 1 140 149 87 22 124 70 46 132 143 34 177 187 14 91 72 113 89 189 139 173 166 32 82 150 24 118 9 110 86 183 129 169 69 105 107 4 36 103 49 172 45 102 104 42 120 133 128 141 5 2 174 27 194 66 78 131 185 19 115 160 159 181 25 175 15 76 8 73 144 167 161 52 84 199 121 111 158 176 114 134 112 29 17 142 54 48 153 180 10 99 163 40 196 182 68 193 108 162 145 197 100 77 16 147 67 151 130 138 170 96 97 152 3 63 146 137 83 168 30 79 61 171 31 125 80 186 11 109 64 190 93 81 106 47 101 92 53 28 13 127 179 155 136 35 74 23 148 90 192 195 95 165 44 164 6 7 88 119 38 71 59 41 12 123 198 126 116 200 21 50 98 20 37 191 43 39 117 58 122 65 188 60 154 56 55 18 62 135 51 178 85 75
35: 187 173 22 14 189 1 150 110 89 46 94 26 72 103 157 129 143 149 24 32 124 86 177 169 160 4 184 82 104 91 107 87 156 132 9 140 185 120 105 34 166 45 102 33 69 70 118 49 57 113 73 139 5 78 17 27 111 158 183 25 84 172 134 180 128 29 141 131 199 144 66 2 133 176 112 15 194 161 153 121 114 19 159 181 52 174 76 36 175 48 167 8 42 115 142 138 68 168 147 151 99 137 196 197 63 130 77 16 163 83 96 3 67 108 152 100 193 182 54 170 40 145 10 162 97 79 47 28 186 106 171 92 31 64 61 101 125 190 35 146 109 11 136 81 30 93 53 80 179 155 23 74 195 165 7 148 38 192 164 90 44 6 95 119 13 88 127 126 116 123 198 21 71 59 200 12 41 117 43 58 191 50 37 98 39 20 65 188 56 154 60 122 18 51 135 62 55 178 85 75
36: 46 169 24 157 82 103 22 173 86 184 177 140 89 49 69 143 87 187 91 14 189 70 57 34 150 72 110 118 129 113 139 45 4 1 132 156 107 33 166 94 104 124 26 102 32 167 9 149 105 36 181 115 25 111 76 161 84 158 131 112 183 15 144 2 42 160 19 48 66 176 174 73 199 172 78 153 194 17 185 120 128 121 159 29 27 141 5 8 134 52 114 133 175 180 83 54 10 3 170 67 108 77 68 96 63 197 16 145 152 182 100 137 40 151 163 147 168 138 162 193 142 99 130 196 179 97 64 101 53 109 155 31 106 146 35 28 30 93 81 171 11 61 80 186 136 47 79 125 92 190 74 119 7 6 90 165 95 88 192 23 13 44 195 148 127 164 38 200 71 12 21 59 198 126 41 123 116 191 39 98 117 20 37 50 58 43 60 56 65 188 154 122 51 62 135 18 55 85 178 75
37: 9 1 129 86 46 139 34 33 118 187 132 184 57 22 14 94 26 87 173 49 69 24 82 102 177 143 91 110 157 150 32 4 189 149 45 124 104 166 113 105 169 70 72 140 89 183 107 156 103 159 29 158 128 25 176 194 19 66 15 120 115 133 131 160 134 172 84 76 17 42 199 175 161 121 2 181 185 114 144 5 73 174 112 8 52 153 78 36 141 167 48 27 111 180 162 142 197 170 163 77 130 97 152 108 68 3 147 92 145 168 193 63 67 80 196 40 182 54 96 10 138 100 83 99 109 151 137 16 186 179 81 79 31 30 155 106 64 53 11 101 61 35 47 190 125 93 171 146 136 28 88 90 23 6 119 74 148 95 164 7 127 165 195 44 13 192 41 21 198 38 12 59 200 71 123 116 126 98 37 117 20 191 50 43 58 39 56 60 154 65 122 188 18 62 51 55 135 85 178 75
38: 86 157 87 153 49 149 129 69 140 94 156 24 177 102 150 91 139 22 107 46 118 103 173 166 124 105 187 72 4 45 26 9 113 57 104 184 110 1 70 132 14 169 189 34 89 32 143 82 33 25 141 2 114 84 111 63 160 175 161 176 172 27 183 52 5 134 8 73 115 199 174 167 15 185 121 128 112 131 194 180 159 133 36 78 181 29 42 120 66 76 17 144 48 158 19 68 137 193 83 16 54 3 182 168 152 196 77 10 138 96 97 30 163 162 197 170 100 147 99 130 151 145 67 142 11 108 40 190 61 106 64 179 80 155 101 125 186 79 93 53 31 81 35 7 171 109 28 146 47 74 136 92 192 44 6 165 95 164 90 127 195 13 148 23 88 119 116 59 198 38 12 123 126 71 200 21 41 50 43 154 37 98 117 58 20 39 191 56 65 60 188 122 62 135 18 55 51 85 178 75
39: 86 124 143 110 70 91 107 24 139 9 82 22 14 34 104 94 118 49 105 69 102 157 158 187 72 129 89 87 103 189 140 177 173 46 26 166 4 57 45 169 156 132 32 184 33 149 1 5 84 113 175 150 153 115 19 36 111 185 2 133 66 78 48 141 97 134 161 144 73 8 199 52 17 120 174 194 25 183 180 112 131 159 181 29 76 121 160 172 15 167 176 114 128 27 42 3 77 163 68 63 10 196 142 151 152 100 108 145 54 96 40 130 168 83 147 182 170 67 162 137 11 197 16 99 193 28 138 80 146 125 92 31 186 171 95 61 53 195 64 79 47 109 136 101 190 192 155 30 93 81 179 35 106 90 44 165 74 164 7 88 13 6 148 200 119 198 23 127 71 41 59 116 12 126 38 123 21 43 117 50 191 37 39 20 98 58 122 60 65 154 188 56 51 62 18 55 135 178 85 75
40: 150 34 32 129 49 94 9 45 140 91 89 24 177 143 1 4 166 187 173 104 149 33 157 87 113 118 132 107 102 57 86 169 156 124 14 103 181 46 72 22 69 189 82 70 105 184 26 139 194 110 115 114 158 174 153 112 73 134 185 133 52 2 42 144 15 141 25 66 120 17 48 159 131 111 78 161 121 84 167 27 175 5 36 8 180 128 76 19 160 199 29 176 83 3 172 68 183 96 170 151 67 162 182 196 137 99 130 147 142 54 97 40 10 168 77 145 100 163 138 16 197 193 108 63 152 136 155 81 35 171 53 79 125 186 101 146 179 93 190 11 28 80 47 30 64 61 109 106 165 31 92 7 90 95 23 88 119 6 13 195 127 164 148 74 192 41 116 44 123 21 59 200 71 38 12 126 198 39 191 50 20 117 43 37 98 58 188 154 18 56 65 60 122 135 62 55 51 178 85 75
41: 33 189 177 139 157 72 103 104 32 45 173 34 86 149 118 105 26 113 14 94 4 69 24 166 140 82 89 143 22 150 187 124 9 25 87 49 1 107 129 57 91 102 156 46 169 110 132 70 184 134 27 73 76 2 48 185 144 158 128 170 17 133 181 175 183 115 36 120 5 161 19 112 199 84 159 174 172 168 196 42 160 66 153 121 176 52 194 29 167 78 8 180 145 111 15 114 131 141 83 138 182 197 97 77 163 54 67 151 193 108 100 3 68 137 147 40 10 152 96 162 130 99 142 16 63 35 109 179 64 101 171 190 125 53 47 81 192 28 155 92 30 31 74 11 146 106 79 186 80 136 93 61 90 6 127 164 44 165 148 195 88 119 13 95 7 59 23 116 123 12 126 71 198 20 58 200 41 21 38 117 191 50 43 98 37 39 60 122 154 56 188 65 51 135 55 62 18 178 85 75
42: 156 24 34 103 173 89 129 26 189 187 169 184 9 124 86 113 1 14 143 49 45 69 22 94 118 104 82 70 157 107 139 4 46 150 105 166 132 110 149 91 32 177 87 72 140 57 33 102 111 29 176 128 180 8 48 66 19 183 147 114 52 134 153 159 36 84 185 121 144 194 112 181 42 115 27 174 172 120 167 15 141 17 131 2 76 25 5 133 161 175 160 193 73 158 78 108 199 138 3 196 152 77 10 151 54 130 63 100 163 182 83 68 197 142 137 168 170 67 99 16 97 96 31 162 145 40 101 28 81 146 47 35 186 92 79 106 80 11 190 119 179 53 64 136 125 93 155 30 44 61 171 74 90 109 95 88 6 192 148 23 165 195 7 127 13 164 21 59 38 116 71 200 41 126 12 198 123 37 50 117 43 58 39 191 98 20 65 60 154 122 188 56 51 18 62 55 135 178 85 75
43: 166 140 22 42 143 87 14 150 139 32 4 49 132 86 177 189 184 46 82 33 175 57 103 173 149 34 91 89 181 156 69 187 24 45 110 70 94 157 9 169 124 113 118 129 107 1 104 105 72 26 102 36 29 73 128 19 66 114 76 159 48 8 172 194 176 15 141 158 131 120 112 17 183 134 199 144 121 153 25 84 111 78 133 160 167 52 174 161 2 115 185 27 5 180 68 54 182 142 97 168 137 170 152 108 10 63 67 162 193 40 3 99 138 197 16 196 163 151 83 130 77 145 100 147 96 47 35 171 136 53 81 155 28 11 61 93 101 106 92 13 79 190 109 64 80 30 179 7 146 31 186 125 23 165 164 127 6 44 90 192 95 119 195 74 148 88 59 41 38 116 126 71 198 200 21 123 12 43 117 20 39 50 58 37 191 98 154 60 56 122 188 65 18 62 55 51 135 85 178 75
44: 57 49 143 26 82 70 169 102 124 4 150 89 34 69 32 129 113 156 166 132 45 110 103 86 149 187 22 107 105 189 87 46 173 140 118 24 184 33 9 91 72 139 121 161 157 1 94 14 177 104 160 48 199 133 73 181 141 111 42 183 66 131 176 15 185 84 52 40 112 76 25 128 167 19 17 114 159 134 5 78 120 153 175 27 194 29 180 8 144 174 36 158 115 172 2 10 97 54 96 130 147 16 137 83 99 170 138 67 151 100 193 163 68 142 182 197 77 145 196 162 108 3 63 179 152 168 35 31 47 125 28 53 109 81 61 171 106 30 136 64 186 155 11 101 93 80 146 79 190 119 92 7 195 165 127 164 192 23 90 6 74 88 44 148 123 95 71 13 116 21 198 38 12 41 200 50 126 59 117 20 39 37 58 98 191 43 65 60 122 56 154 188 51 18 135 62 55 178 85 75
45: 177 102 82 33 1 9 87 91 86 107 132 157 69 46 189 129 118 150 45 139 104 124 26 105 34 156 22 49 113 173 24 143 57 140 72 187 70 103 110 89 94 149 144 4 32 14 169 166 15 183 184 19 134 153 114 36 159 180 76 133 42 5 160 174 17 25 199 73 66 121 194 8 185 172 29 120 167 176 161 158 141 27 115 142 52 111 112 48 84 181 175 128 2 131 40 78 83 137 108 152 10 197 99 53 63 147 79 170 151 168 67 68 130 138 3 100 16 182 77 54 97 145 162 196 92 193 163 96 35 93 136 30 171 190 28 179 81 47 31 61 155 125 186 64 146 11 106 109 101 80 127 7 165 95 88 195 192 119 74 164 44 6 148 23 90 13 21 123 71 59 200 116 12 126 198 41 191 38 98 50 20 117 37 58 43 39 60 154 65 122 56 188 62 135 55 51 18 178 85 75
46: 14 118 94 89 9 184 34 26 49 156 189 140 72 129 150 107 32 110 1 57 69 187 33 102 139 87 24 124 82 46 113 22 143 153 157 45 103 70 173 174 177 105 4 169 181 86 132 91 149 104 180 66 112 166 133 25 36 161 2 131 99 8 144 17 121 73 29 176 194 128 15 115 5 159 167 114 199 175 84 27 111 134 19 42 120 52 76 48 141 158 160 172 163 185 183 78 168 77 10 147 196 16 142 68 54 151 182 100 170 138 145 67 193 137 97 152 108 3 130 96 63 162 197 40 171 83 93 186 53 61 79 155 92 101 11 190 106 64 179 125 80 28 136 81 31 35 47 30 109 146 6 127 23 95 119 74 88 148 195 165 90 192 164 44 13 7 38 71 59 12 126 21 200 198 41 123 116 43 117 20 39 37 191 98 50 58 154 188 65 60 56 122 18 62 135 51 55 85 178 75
47: 140 139 32 57 82 9 33 70 4 184 132 45 104 103 105 157 89 14 110 86 1 87 22 143 150 166 113 72 187 46 49 34 129 189 177 24 173 107 102 26 156 169 69 94 118 91 199 149 124 161 158 19 131 48 172 181 42 78 121 176 183 36 5 128 76 185 8 15 114 175 111 2 167 194 17 180 141 160 27 25 174 52 120 159 29 133 68 144 66 153 115 112 73 84 134 108 99 152 10 63 197 54 77 145 11 67 96 142 137 163 182 16 168 3 97 162 130 100 196 40 83 147 170 151 193 138 179 146 35 53 64 93 171 106 190 109 79 186 136 81 101 30 92 28 155 80 47 61 31 125 90 44 74 165 195 119 95 6 164 7 192 13 127 126 23 148 88 12 198 58 71 123 21 200 41 116 59 38 117 37 39 43 98 60 20 191 50 65 188 122 56 154 18 62 55 135 51 178 85 75
48: 45 110 103 139 46 156 102 24 118 150 86 143 94 33 4 9 57 177 132 107 166 34 14 105 84 173 104 49 70 82 149 22 169 87 189 113 140 32 157 69 89 129 91 26 187 124 184 1 72 27 153 25 133 48 15 134 29 120 194 172 112 180 159 181 19 176 131 17 144 167 66 160 78 36 175 8 141 5 199 76 111 115 174 42 161 114 183 121 128 2 142 68 73 52 185 182 158 162 83 16 100 67 145 77 151 63 108 138 35 40 3 147 196 130 197 96 137 152 97 99 10 193 170 163 54 168 81 101 109 171 53 190 93 61 136 179 28 64 92 31 11 30 47 186 155 80 146 79 106 125 90 195 44 127 88 119 7 23 164 192 13 95 148 165 123 6 74 198 59 71 41 200 126 38 21 116 12 50 191 43 117 20 98 39 58 37 56 154 65 60 188 122 51 18 62 135 55 85 178 75
49: 82 57 24 132 70 156 22 32 184 129 103 91 49 118 166 157 72 69 87 1 107 124 140 173 149 33 4 94 26 189 89 110 177 150 46 86 139 102 113 169 9 34 14 143 187 105 104 45 8 73 48 180 29 175 66 194 2 5 141 78 111 185 167 52 25 144 172 76 199 158 181 159 131 160 161 176 128 114 17 174 115 121 19 134 42 27 153 133 36 120 183 84 68 15 112 151 63 40 54 138 193 100 130 99 147 137 163 170 16 96 31 152 10 83 168 145 77 196 142 67 97 197 64 3 93 182 108 162 79 179 47 30 61 81 80 186 190 155 136 109 101 92 106 35 171 53 28 146 125 90 11 164 13 192 95 148 23 6 127 74 41 88 165 44 7 119 195 71 116 198 38 21 59 200 126 123 12 98 50 58 122 117 43 39 37 20 191 154 65 188 60 56 51 55 135 62 18 85 75 178
50: 124 103 91 169 86 57 107 140 150 22 32 132 139 104 87 102 110 105 72 26 1 33 70 113 118 166 177 24 143 149 49 5 46 94 82 189 4 129 187 14 34 156 89 9 184 45 175 173 157 69 120 174 27 2 115 25 133 172 183 8 42 84 194 36 180 15 185 17 128 29 158 111 181 159 141 153 66 73 167 121 78 52 76 199 134 131 19 114 161 176 144 160 112 40 48 100 196 170 147 54 96 16 162 77 67 137 197 151 152 83 142 68 63 3 163 168 138 130 145 108 97 193 99 182 179 186 80 109 10 64 35 146 81 53 30 136 93 28 11 125 155 101 47 79 92 61 190 171 106 31 23 119 192 195 74 44 148 88 7 90 127 21 165 164 13 95 6 198 41 59 123 71 38 126 12 200 116 58 117 39 50 37 20 43 191 98 60 122 154 65 62 56 188 55 135 18 51 178 85 75
51: 173 1 149 124 72 140 49 24 184 32 4 70 33 139 86 9 45 143 166 156 26 82 102 110 69 34 132 105 94 129 157 118 87 104 91 46 57 169 189 89 150 187 107 177 113 14 103 22 153 141 2 84 48 111 27 175 25 76 128 29 134 133 194 161 78 17 159 180 8 144 174 172 42 131 158 112 160 120 167 181 19 185 73 176 114 115 183 97 36 66 199 15 5 121 52 130 54 163 152 162 138 3 99 63 196 68 145 16 142 170 100 137 147 40 77 108 168 67 96 10 182 83 197 193 151 125 186 106 47 92 53 81 28 190 109 30 11 79 64 171 35 179 80 155 61 6 93 146 90 101 136 31 7 195 95 148 74 164 127 119 13 44 88 165 192 21 23 12 38 123 126 198 200 116 71 59 39 41 20 98 50 37 43 117 191 58 60 188 122 51 56 65 154 18 62 55 135 178 85 75
52: 45 177 26 187 149 139 105 113 4 156 132 34 189 86 184 69 72 110 24 124 33 82 118 104 166 129 111 173 157 94 87 14 143 22 91 103 1 49 89 107 102 70 169 150 140 46 9 57 32 194 48 114 176 115 121 141 174 73 183 15 36 66 180 78 144 17 27 167 153 52 76 134 25 131 128 5 8 158 159 199 133 175 172 2 160 161 19 181 112 84 120 29 42 185 138 77 99 100 83 162 137 163 54 196 3 97 125 168 142 96 197 147 68 10 16 130 145 67 152 151 63 170 40 182 193 108 30 179 31 186 106 79 155 11 35 80 146 109 81 164 53 92 61 95 64 136 28 171 93 47 101 190 127 6 119 7 148 88 195 23 44 74 13 90 165 192 198 41 21 123 38 59 116 71 12 200 126 191 98 43 37 50 58 117 39 20 122 154 188 56 60 65 18 55 62 51 135 178 85 75
53: 110 24 22 70 45 103 149 91 82 157 46 156 1 118 150 166 113 49 169 89 57 4 86 105 140 34 187 124 102 132 14 26 104 143 72 173 94 87 129 107 199 33 9 69 189 139 177 73 184 32 131 181 29 128 2 27 160 84 25 19 120 134 8 115 36 174 17 111 161 121 15 185 141 180 175 52 158 194 66 112 78 167 176 153 5 183 144 133 172 42 76 48 114 159 138 99 130 145 152 163 40 196 182 63 83 67 77 3 97 96 54 10 197 168 16 147 100 193 108 142 162 151 68 170 137 35 64 93 101 81 80 28 31 109 7 106 179 186 171 53 146 61 190 125 79 11 155 92 136 30 44 47 119 90 6 164 13 195 127 23 192 74 95 88 165 148 198 116 12 71 123 21 41 59 126 38 191 200 43 39 20 58 98 37 50 117 122 56 188 65 60 154 135 55 18 62 51 178 85 75
54: 189 187 69 143 72 107 22 46 103 33 57 89 184 177 94 9 149 87 140 129 150 45 169 120 34 157 86 14 82 110 132 26 24 139 49 104 113 91 105 4 166 1 118 124 102 70 32 185 173 144 156 66 52 176 115 2 29 163 114 111 194 167 160 8 27 159 131 25 112 17 153 141 133 180 84 158 42 48 174 78 172 175 183 161 36 77 199 15 5 134 40 121 76 128 181 145 73 19 67 142 193 151 68 147 182 152 100 96 108 162 30 99 170 54 63 3 138 130 97 137 16 10 83 196 197 168 125 93 146 186 92 11 109 35 80 53 190 61 47 81 28 136 155 179 64 79 106 31 101 164 171 90 127 148 195 44 119 6 23 7 192 74 165 13 95 88 198 21 200 116 71 59 126 12 38 123 41 37 20 191 117 39 50 98 43 58 188 122 65 154 56 60 62 55 135 18 51 85 178 75
55: 157 149 156 143 150 22 139 72 1 4 173 24 14 91 189 184 187 57 89 94 104 118 82 113 110 107 9 87 140 34 177 45 129 86 132 69 166 32 70 169 33 105 49 46 103 26 102 124 120 180 114 15 27 160 52 159 153 36 48 29 17 183 66 112 172 134 25 181 19 78 42 175 161 128 141 144 194 174 176 133 158 121 76 10 131 199 73 2 152 8 185 167 5 84 111 115 147 137 130 83 182 96 97 142 99 138 63 197 77 196 193 3 108 40 16 100 168 54 151 67 162 68 136 170 145 163 61 190 125 92 53 179 80 146 28 101 81 31 109 79 155 171 93 11 35 106 64 186 47 30 148 165 192 6 127 44 95 23 90 74 88 164 119 195 7 13 59 12 200 198 21 126 116 41 71 123 20 38 37 191 43 50 117 39 58 98 60 122 188 154 56 51 65 18 55 135 62 85 178 75
56: 107 103 113 69 105 124 24 4 132 1 129 110 166 70 14 104 89 33 173 189 49 45 118 139 157 34 46 177 82 184 72 57 156 149 32 176 91 143 94 52 22 102 9 87 86 26 150 169 187 140 158 29 153 131 84 27 180 167 134 115 8 42 172 5 194 144 199 36 128 25 185 15 111 141 17 2 161 174 160 48 73 133 121 114 175 120 76 183 145 66 19 181 112 78 159 170 96 97 186 152 137 182 67 163 99 63 162 130 54 68 77 3 40 151 16 138 168 147 197 10 193 142 92 196 108 100 171 83 109 136 61 30 93 80 155 81 53 190 47 35 106 101 79 146 179 125 11 28 64 31 192 7 195 95 74 44 6 164 88 23 198 90 127 13 165 119 148 116 126 59 123 12 21 38 41 71 200 37 20 58 117 39 43 98 50 191 188 154 122 65 60 56 18 51 62 55 135 178 85 75
57: 156 33 70 57 82 184 69 177 14 143 49 32 103 91 118 139 129 45 26 187 102 166 94 140 46 22 104 86 34 157 4 173 113 9 124 132 107 87 150 189 24 169 1 105 89 110 72 199 78 149 172 42 114 183 120 84 185 115 2 83 144 36 158 73 8 128 52 19 121 181 141 68 112 5 17 134 48 180 160 27 15 174 25 176 153 66 175 133 29 159 167 111 76 161 131 194 137 182 170 63 162 54 108 99 130 197 3 67 40 152 16 196 168 77 97 147 100 10 193 163 151 142 96 138 145 30 53 186 109 155 101 81 190 179 35 92 28 125 31 61 146 136 64 106 11 47 13 80 93 171 79 23 165 90 6 95 88 127 148 195 7 164 74 44 192 119 59 39 12 198 21 126 41 38 71 123 116 200 50 98 20 191 43 58 37 117 60 154 65 56 122 188 18 51 135 62 55 178 85 75
58: 70 150 177 89 124 169 87 110 46 105 4 118 140 139 94 72 22 1 57 32 24 166 129 34 9 107 156 189 149 104 113 103 26 173 69 82 143 184 132 33 14 49 91 86 157 102 115 187 112 52 45 141 175 17 174 15 42 114 199 25 76 153 185 120 172 183 5 8 27 144 36 84 73 194 78 48 134 180 176 111 181 133 159 121 167 2 128 160 66 158 29 131 137 161 19 193 54 130 100 96 40 182 147 83 163 142 99 196 68 108 145 63 97 3 162 93 77 152 64 151 170 67 16 138 10 197 92 168 61 171 155 11 47 35 80 190 136 179 106 109 125 79 101 53 31 28 81 146 30 186 95 88 164 6 90 192 23 44 148 165 7 119 127 74 13 195 200 116 21 126 12 198 71 59 123 41 38 98 39 37 43 50 58 20 60 191 117 65 188 122 154 56 135 18 51 62 55 178 85 75
59: 110 14 94 57 105 173 69 150 46 139 103 166 33 9 49 87 91 4 124 129 22 24 177 169 156 26 157 1 89 70 107 189 102 113 72 104 45 149 118 143 132 184 86 140 82 187 34 115 185 32 134 153 84 160 128 181 15 180 27 42 194 175 112 144 199 2 5 121 167 8 114 172 19 73 29 17 36 131 78 162 76 176 25 120 183 66 133 141 158 48 174 196 161 111 52 159 145 152 108 10 54 137 16 197 170 3 142 99 77 63 130 96 67 40 147 97 182 193 138 83 68 168 163 151 100 190 47 106 28 81 101 125 136 53 31 179 80 155 92 171 109 64 146 165 186 35 61 79 93 6 11 30 127 95 148 7 74 13 90 44 164 195 192 119 88 23 12 200 71 21 198 41 59 116 38 123 126 20 43 39 117 58 37 50 98 191 65 56 60 122 188 135 154 55 62 18 51 85 178 75
60: 157 45 104 89 124 102 94 33 57 70 87 82 187 22 110 72 113 184 1 169 4 166 26 103 86 150 189 149 139 24 173 9 143 32 91 34 175 141 69 107 46 49 156 132 177 118 140 105 14 111 129 8 121 52 161 167 174 15 153 194 128 66 185 114 133 158 159 181 5 27 76 172 180 36 19 134 48 115 145 73 160 199 17 131 29 120 144 112 25 84 2 183 78 176 42 97 142 147 61 151 63 163 108 83 138 152 182 162 68 193 196 100 54 3 77 67 40 168 170 99 16 96 137 197 130 93 10 190 31 92 35 30 109 80 81 186 106 146 101 53 136 171 179 47 155 64 11 79 125 28 119 164 195 90 6 127 44 192 23 95 165 88 74 13 148 7 198 123 200 38 21 71 41 126 59 116 12 117 39 50 37 58 191 43 20 60 98 154 188 55 122 56 65 135 18 51 62 85 178 75
61: 91 32 189 1 124 87 113 49 86 140 34 70 118 4 46 22 166 143 169 14 102 150 45 107 89 177 69 156 110 94 9 173 72 82 187 26 131 139 57 33 24 132 105 120 103 129 27 157 149 128 153 104 184 159 42 25 121 36 167 73 161 175 199 144 52 115 185 141 76 66 114 8 111 181 174 133 29 2 112 78 158 5 176 183 99 194 48 172 160 180 134 84 19 63 15 17 170 10 83 67 77 130 108 196 193 142 163 68 182 16 145 137 54 151 97 168 138 147 152 3 40 171 146 96 100 197 162 179 125 61 47 11 136 80 186 190 155 81 31 92 109 64 53 79 28 101 35 30 93 106 165 7 23 6 13 192 119 95 195 148 164 127 44 88 74 90 116 41 21 12 71 200 123 59 38 126 117 198 20 43 98 58 37 191 39 50 60 56 122 135 154 188 65 18 62 51 55 85 178 75
62: 157 156 26 129 57 140 118 103 70 69 45 87 14 132 89 86 113 22 124 49 184 150 169 110 46 4 72 112 94 91 105 104 166 82 33 19 177 173 187 149 102 9 1 189 139 143 34 107 24 5 194 32 84 121 141 48 160 158 131 68 114 133 172 115 8 174 25 181 120 167 36 76 199 134 15 66 180 185 175 176 17 183 73 159 78 111 153 42 144 128 29 52 2 27 161 3 197 151 138 168 142 137 196 182 40 67 96 97 83 10 77 193 100 163 145 170 99 16 63 162 108 130 30 54 147 152 35 190 171 155 53 80 179 92 186 146 47 109 125 31 64 101 28 136 93 61 79 81 11 106 148 165 44 88 13 164 95 23 74 7 6 119 127 195 192 90 38 71 59 123 116 198 12 21 200 41 126 58 50 37 20 98 191 43 39 117 65 154 188 122 56 60 62 18 135 51 55 85 178 75
63: 32 24 33 94 45 156 104 14 4 72 69 22 1 70 149 49 124 87 189 110 143 107 103 140 177 105 34 82 113 132 194 102 173 118 26 91 57 139 150 86 187 89 129 157 9 184 166 46 169 160 158 73 172 5 120 176 133 180 17 134 66 25 115 10 144 121 131 36 19 161 29 185 48 141 8 181 84 78 114 111 83 112 159 183 76 128 175 27 153 42 15 174 199 197 2 52 167 93 196 163 168 170 97 152 16 162 100 182 77 138 193 99 108 54 151 145 63 147 68 137 142 67 3 130 92 40 96 30 106 186 125 79 109 53 80 146 190 81 179 64 101 11 155 31 28 171 47 35 61 136 6 74 165 148 195 164 127 90 7 192 44 95 88 13 119 23 123 198 200 126 59 116 41 38 21 12 71 58 43 20 37 39 117 191 98 50 65 122 56 188 154 60 51 135 55 18 62 85 178 75
64: 24 57 14 9 189 169 103 69 149 86 91 33 104 70 1 166 177 150 107 26 143 32 184 141 187 102 49 22 4 17 89 72 140 118 82 46 132 139 124 129 87 105 110 153 173 156 157 45 27 112 34 94 73 113 182 42 78 175 8 161 114 25 180 52 159 29 66 172 160 144 15 134 76 120 194 176 48 36 158 181 174 115 121 183 131 5 133 199 2 84 111 167 19 128 185 193 16 97 96 68 163 196 137 152 100 145 168 10 151 83 197 3 63 170 67 147 40 77 108 142 99 54 162 138 30 130 79 35 101 93 190 92 155 109 136 171 81 146 179 53 61 186 28 47 125 11 106 13 80 31 64 44 127 74 164 7 119 192 148 90 23 195 88 6 95 165 12 38 59 126 123 41 71 200 21 191 116 198 58 98 43 122 39 37 20 117 50 65 188 154 56 135 60 62 18 51 55 85 178 75
65: 1 166 49 33 140 91 150 104 72 177 46 34 87 169 110 45 157 105 173 94 102 82 107 129 70 184 103 124 86 22 149 143 57 113 89 132 118 32 69 187 189 9 24 139 25 26 156 27 84 17 14 4 180 176 112 5 114 78 144 134 121 183 2 8 153 128 141 172 76 199 73 115 52 174 15 48 167 29 194 66 133 181 19 111 175 161 158 42 131 68 160 159 185 138 120 36 163 83 96 130 40 196 147 67 145 162 193 170 97 168 3 142 63 54 100 101 16 152 99 182 137 108 77 10 151 106 197 125 155 47 186 109 146 79 61 171 81 30 35 11 31 93 190 53 64 136 179 80 28 92 23 192 88 195 165 6 127 74 148 13 95 44 164 7 119 90 59 116 198 21 200 41 71 38 12 126 123 58 39 20 37 191 98 43 50 117 56 60 122 154 65 188 62 18 135 51 55 178 85 75
66: 156 82 129 94 105 49 187 184 132 139 157 149 103 57 133 140 124 1 86 22 4 9 189 150 14 91 104 169 32 113 45 173 177 24 87 107 175 33 118 166 89 26 102 69 143 110 46 72 78 34 194 167 174 15 70 120 172 160 180 183 36 141 8 111 131 161 42 159 128 66 121 29 181 48 2 19 76 153 185 114 84 144 199 52 27 17 25 112 5 182 158 176 134 163 115 97 73 67 100 99 145 197 40 16 83 77 138 196 168 152 96 137 193 170 63 162 147 10 151 142 93 130 54 68 3 108 92 11 136 186 35 61 179 125 106 171 30 81 47 64 109 146 190 31 155 80 53 101 79 28 148 44 195 6 23 74 127 192 165 13 90 95 164 88 119 7 123 200 41 198 59 116 126 21 38 12 71 43 37 98 58 191 39 117 188 50 20 122 65 154 56 60 62 135 18 51 55 178 85 75
67: 86 173 187 105 24 4 110 156 166 32 124 69 70 129 132 57 150 46 169 149 189 107 45 177 89 72 87 143 91 1 102 140 34 22 118 14 157 104 184 103 9 26 33 139 94 113 49 141 82 2 144 121 111 84 174 194 27 183 175 78 112 152 8 73 120 52 133 181 159 25 131 17 48 66 199 36 158 180 153 128 115 160 5 42 176 114 161 19 172 185 167 134 76 29 15 145 16 193 163 96 168 10 137 67 182 3 97 151 138 54 190 142 77 40 99 197 196 100 162 83 147 68 63 130 35 125 170 108 92 171 146 53 79 109 93 186 61 64 11 81 101 136 80 106 31 30 179 155 47 28 13 90 44 95 88 119 127 7 23 195 6 192 74 148 165 21 164 71 200 12 116 126 38 41 59 123 198 98 117 39 58 191 43 37 50 60 20 65 154 122 56 188 55 135 18 51 62 85 178 75
68: 105 150 102 4 103 57 129 69 157 187 1 14 87 82 149 113 166 143 140 32 49 45 104 173 177 189 26 118 132 33 184 34 72 107 91 124 139 89 112 169 86 153 94 24 70 9 156 46 22 110 180 121 141 29 84 194 8 174 172 73 25 133 176 42 167 78 183 36 185 181 114 159 19 111 66 27 5 115 175 48 76 144 199 17 134 99 52 158 128 161 160 15 97 120 2 131 147 77 182 68 152 40 3 67 137 10 16 138 108 130 63 197 168 193 196 54 96 162 145 83 142 163 170 151 35 100 30 81 146 11 125 80 190 186 106 92 93 47 155 28 64 61 31 179 53 136 109 101 79 171 23 7 119 192 127 13 6 95 44 88 90 74 165 164 195 148 126 41 12 38 71 59 123 198 200 116 21 58 98 39 43 50 191 37 117 20 188 60 56 122 154 65 62 18 55 135 51 85 178 75
69: 102 103 4 157 189 69 14 140 82 72 22 26 57 113 173 19 129 49 184 91 107 166 33 105 118 1 24 156 139 149 110 9 150 104 132 89 86 70 45 169 27 87 32 46 187 143 177 34 124 144 36 94 158 128 25 8 73 66 29 185 48 131 175 115 153 84 76 111 112 181 159 2 141 174 180 172 199 120 121 160 176 167 194 133 5 42 17 114 161 52 78 15 183 134 54 162 196 145 83 96 182 108 130 67 193 97 151 99 170 137 138 152 142 100 10 147 40 16 63 163 68 197 77 168 3 146 31 106 186 53 164 101 109 155 136 125 11 190 93 28 80 81 64 179 61 30 35 92 47 79 171 13 6 23 90 44 74 95 7 192 119 127 165 195 88 148 41 59 126 12 198 116 38 123 21 200 50 71 39 191 20 37 98 43 117 58 188 65 154 122 56 60 51 55 62 18 135 178 85 75
70: 124 103 118 107 57 45 69 72 140 26 86 129 110 143 149 33 102 24 132 173 166 4 34 48 82 22 187 32 91 189 1 46 87 14 9 150 25 184 105 89 156 169 94 157 70 49 113 177 139 27 2 78 174 104 19 114 36 120 42 199 167 141 134 84 158 112 29 172 8 128 185 15 176 76 17 161 73 5 144 111 115 153 194 151 133 52 183 175 121 159 160 100 66 180 131 83 181 10 182 40 63 147 197 142 138 170 137 196 54 97 145 68 168 193 108 152 130 3 67 162 47 99 163 16 77 171 96 30 81 53 31 101 109 35 186 61 64 92 146 28 80 179 155 106 190 79 125 136 93 192 195 11 23 13 6 74 95 164 165 127 119 88 148 44 90 7 200 38 126 123 71 41 59 21 12 116 198 39 50 37 117 20 98 58 43 191 188 65 154 56 18 122 60 55 51 135 62 85 178 75
71: 187 139 173 110 118 32 105 46 9 57 45 177 69 33 129 157 150 24 14 143 156 160 86 70 107 26 72 124 34 1 149 166 189 22 87 82 49 102 89 132 103 140 4 184 104 91 169 66 8 94 73 133 174 113 27 5 111 112 181 19 153 15 115 158 134 175 167 42 29 48 183 36 25 145 2 120 52 176 3 131 172 141 194 76 199 114 84 161 144 185 121 180 128 137 159 78 17 163 197 67 138 96 10 99 162 54 77 28 182 108 142 152 170 63 100 79 16 130 147 40 193 196 68 97 168 83 151 93 47 101 179 146 35 81 92 190 136 30 186 31 11 64 106 53 80 155 125 109 61 171 192 195 74 165 90 23 13 7 88 164 44 148 127 6 95 119 200 116 123 12 38 126 71 41 59 21 198 117 43 98 37 20 50 58 39 191 122 188 60 65 56 154 62 135 51 18 85 178 55 75
72: 140 187 24 72 33 34 169 156 110 124 118 69 129 46 104 89 173 32 86 139 166 143 45 177 87 172 14 91 57 22 189 26 149 132 103 70 4 1 113 107 102 94 105 150 9 49 157 184 82 115 199 185 17 194 180 19 27 78 42 111 15 112 84 174 133 66 36 8 76 181 73 158 131 167 141 128 183 5 159 29 176 2 160 114 134 161 25 153 197 144 175 121 52 48 120 16 162 109 137 163 145 147 130 138 63 96 170 196 193 97 54 99 3 182 10 40 151 152 77 142 68 83 100 168 108 190 67 136 93 30 146 125 79 106 64 31 35 81 53 155 74 171 11 47 101 92 28 13 80 186 179 61 164 195 44 90 192 119 148 95 6 88 23 127 165 7 71 41 126 116 59 200 38 98 123 21 12 50 198 191 37 117 58 39 20 43 65 60 154 56 188 122 18 51 55 135 62 178 85 75
73: 14 139 45 49 69 32 110 177 104 129 89 140 187 57 157 1 103 189 156 94 124 82 173 166 24 102 26 184 34 46 22 143 91 9 86 72 132 33 107 118 105 113 149 70 169 150 87 76 52 4 19 121 161 153 141 174 158 144 8 120 180 131 48 185 73 15 27 78 2 67 25 176 66 128 133 183 111 115 17 199 172 42 5 84 160 134 29 181 112 167 114 36 159 175 194 197 10 162 68 100 63 99 77 151 96 97 35 83 138 130 147 3 190 168 152 170 47 145 16 137 163 81 142 182 40 54 125 108 196 193 30 101 179 80 64 28 53 11 93 136 155 106 61 31 109 79 171 146 186 92 165 148 23 119 13 195 127 7 44 90 88 38 6 164 192 95 123 74 21 200 41 12 126 71 116 59 198 58 50 117 37 39 98 191 20 43 65 56 154 122 60 188 135 18 55 62 51 85 178 75
74: 14 89 72 91 87 157 169 1 57 94 113 105 24 70 32 143 104 150 82 22 46 45 156 110 140 107 189 129 173 34 139 9 149 124 132 102 26 86 153 49 166 184 187 4 103 177 118 33 5 69 73 120 144 17 181 167 199 194 180 111 172 159 161 133 131 183 185 2 48 66 25 8 114 27 36 112 42 15 134 121 19 141 76 52 174 115 29 175 78 176 158 128 160 84 196 193 163 10 68 147 100 16 54 67 197 182 83 145 151 168 142 97 40 170 130 63 152 108 155 138 3 99 96 162 77 137 146 136 80 30 28 125 11 106 186 61 101 179 92 64 47 79 93 190 53 171 31 109 81 35 195 165 192 119 127 7 148 13 95 90 44 164 74 88 23 6 126 71 12 38 198 123 200 116 41 21 59 117 58 43 20 122 191 98 50 37 39 65 56 60 154 188 135 18 55 51 62 85 178 75
75: 118 110 113 150 87 89 177 105 46 156 33 166 184 14 69 173 94 124 143 22 157 129 149 103 169 187 107 104 45 49 4 72 86 1 132 32 70 57 140 24 82 9 102 25 91 34 26 139 189 52 174 181 111 153 176 185 161 158 48 66 159 27 76 133 160 128 194 17 167 137 141 175 5 42 84 2 83 144 73 120 36 115 172 112 19 121 183 199 78 114 15 180 131 134 8 142 29 108 197 162 67 10 100 182 11 40 168 68 152 138 54 3 151 196 147 99 63 145 97 96 193 170 16 130 77 163 179 146 79 61 155 190 109 30 53 47 171 125 64 101 136 92 186 106 28 93 31 35 81 80 7 6 74 119 148 192 164 195 44 23 127 165 13 95 88 90 123 198 116 71 21 126 41 200 38 59 12 98 117 39 58 20 43 50 37 188 191 60 154 122 56 65 18 62 135 51 55 178 85 75
76: 69 157 129 118 9 169 14 45 26 124 87 144 105 177 110 2 189 91 4 34 22 1 113 33 156 184 140 94 102 173 89 139 72 149 46 103 57 120 150 143 153 166 104 107 49 70 32 132 187 86 82 24 134 181 141 48 161 115 42 78 172 25 183 19 8 36 76 66 111 167 121 199 29 180 185 131 176 160 27 52 158 17 112 5 174 15 128 73 159 133 197 194 114 84 175 138 145 67 182 193 152 77 40 97 83 54 162 10 196 142 151 108 68 163 170 99 3 137 130 96 147 168 100 80 136 16 63 186 190 109 28 146 64 31 11 93 101 155 106 179 81 35 47 92 61 53 30 171 79 125 119 7 44 165 127 6 164 192 23 95 195 71 90 148 74 88 13 126 21 59 200 116 12 20 38 198 41 123 37 58 191 43 50 117 39 98 122 56 188 60 65 154 51 55 62 18 135 178 85 75
77: 24 187 189 49 173 150 102 72 139 86 9 169 33 129 166 26 82 132 140 45 107 91 57 69 94 156 89 1 157 22 48 103 104 143 118 34 87 110 177 4 105 184 149 124 32 115 113 112 17 14 70 46 185 183 121 141 153 167 160 19 111 181 2 144 199 194 78 134 114 120 161 76 174 172 36 8 131 128 25 66 5 176 27 158 84 29 15 180 42 52 159 175 73 197 97 133 196 10 96 130 168 142 16 152 77 182 138 54 40 67 193 3 63 83 99 137 100 145 68 163 170 162 151 80 147 108 171 28 179 125 136 31 64 106 109 81 61 79 146 93 30 186 47 92 190 155 101 11 53 164 35 7 6 88 165 23 44 148 90 127 95 192 74 13 119 195 38 21 123 12 43 116 59 200 41 126 71 198 98 191 50 20 117 58 39 37 122 60 65 154 188 56 55 135 51 62 18 178 85 75
78: 140 104 4 149 105 189 72 46 143 70 107 124 82 150 14 139 26 132 94 24 89 9 22 184 144 187 33 86 45 157 57 91 34 32 87 49 177 118 166 102 156 169 110 69 103 173 113 48 159 129 1 5 19 112 121 111 42 29 78 161 114 84 180 25 2 52 131 194 160 185 17 141 181 174 115 153 73 128 76 199 8 172 27 158 133 183 66 120 15 36 134 176 167 97 54 175 197 170 40 77 100 10 16 147 96 163 137 3 83 142 67 63 108 138 196 193 99 68 145 130 168 162 151 106 182 152 125 136 11 92 155 93 101 190 146 79 109 35 81 31 30 179 61 53 186 64 80 47 28 119 171 164 192 165 6 195 148 95 90 44 13 88 74 23 7 198 127 123 200 59 71 21 41 38 116 12 126 39 50 98 37 117 43 58 191 20 60 122 188 65 154 56 55 51 62 18 135 85 178 75
79: 118 157 22 57 184 45 102 94 33 91 139 89 32 140 187 34 124 113 149 26 189 105 9 103 1 104 166 4 69 49 110 82 24 86 107 132 46 150 70 87 177 173 156 72 129 14 169 143 19 5 134 17 2 199 183 29 52 133 180 42 15 181 36 141 27 84 111 78 153 76 167 194 66 174 114 8 48 144 121 120 185 112 176 25 131 161 160 158 175 128 172 115 73 159 182 97 68 130 67 196 197 108 147 3 193 168 63 100 170 83 138 99 77 145 152 142 54 162 16 10 96 40 137 163 31 101 151 81 53 30 125 61 93 171 64 109 146 186 28 155 35 47 80 179 11 190 92 106 79 136 23 195 88 119 7 165 164 44 127 6 95 192 13 74 148 90 21 123 126 116 41 38 200 59 71 12 198 117 20 58 50 191 98 43 39 37 122 56 60 154 65 188 135 55 62 18 51 85 178 75
80: 91 33 49 86 45 70 14 24 104 46 103 113 22 124 143 72 4 157 26 9 189 184 169 102 110 118 105 82 173 132 48 89 150 177 166 149 87 140 139 69 187 156 175 94 34 1 32 57 129 107 158 167 161 141 181 19 194 172 29 120 185 66 73 84 5 27 15 180 121 36 176 160 112 17 76 2 131 10 133 25 42 159 128 52 115 78 111 114 134 183 174 153 144 8 199 162 83 108 67 196 182 3 16 197 145 147 138 170 54 96 130 163 100 151 137 68 40 152 99 77 63 142 125 97 168 193 80 136 61 171 109 79 190 30 93 81 92 179 35 53 146 11 28 64 186 101 106 47 31 44 192 155 119 195 90 23 148 127 165 7 164 95 74 6 13 88 59 41 71 126 116 38 12 198 200 21 123 20 98 58 117 191 50 39 37 43 56 60 65 122 154 18 188 51 55 135 62 85 178 75
81: 1 14 49 89 46 91 149 157 113 9 87 124 140 94 129 45 42 150 70 132 118 166 156 187 72 22 184 82 86 102 110 103 24 143 34 173 169 107 139 69 32 189 33 105 177 26 57 84 4 104 131 66 121 194 133 112 141 181 199 36 19 134 158 159 161 15 5 73 176 52 172 76 48 183 167 25 114 153 180 8 27 17 160 120 128 185 78 111 115 2 174 29 144 175 67 99 163 145 162 96 182 10 54 68 3 138 16 63 83 193 170 40 100 151 197 142 130 97 137 152 196 168 179 147 77 79 108 80 155 11 106 81 146 125 190 53 186 30 109 101 92 28 31 35 47 93 64 136 61 171 90 127 74 88 7 164 13 6 192 198 95 23 148 165 195 119 44 41 71 38 116 123 200 126 12 21 59 37 20 50 39 191 98 43 117 58 65 188 122 60 56 154 62 18 55 135 51 85 178 75
82: 57 72 82 70 32 15 132 107 14 110 139 150 9 46 49 166 173 66 105 94 69 187 1 149 26 184 113 118 102 22 87 169 89 143 34 124 129 33 140 177 78 157 91 194 189 86 104 103 4 45 24 156 48 161 158 29 76 160 180 133 134 17 114 183 174 8 73 120 181 2 144 185 199 131 159 112 84 5 52 25 153 19 111 176 128 175 115 36 27 167 172 121 196 42 141 182 16 163 68 142 67 162 54 10 99 96 3 170 108 197 137 97 168 100 83 130 193 145 147 152 151 77 40 63 138 179 155 109 186 146 93 101 80 92 61 53 47 81 136 79 11 28 64 171 23 190 31 35 125 106 30 148 7 90 74 13 127 195 165 44 88 6 164 192 95 119 21 59 12 123 71 126 198 116 38 41 200 50 58 20 191 43 98 117 37 39 154 122 56 65 60 188 55 135 51 18 62 85 178 75
83: 187 26 49 113 110 94 143 103 1 82 70 173 105 118 91 72 150 189 19 69 102 34 156 46 86 139 157 8 149 166 4 14 87 57 33 124 129 177 184 104 32 132 2 22 107 169 9 45 24 89 128 52 140 159 111 114 180 131 153 17 115 15 78 36 175 25 66 160 141 144 181 73 174 162 199 185 194 133 5 48 120 76 176 134 121 167 42 29 183 158 172 161 27 84 112 193 10 151 77 68 142 152 138 54 40 100 108 182 196 197 83 168 67 130 96 170 99 163 97 145 137 147 63 3 16 64 179 30 47 92 81 136 146 28 106 190 31 155 35 80 195 79 109 61 11 125 186 93 53 171 101 13 127 192 74 23 7 95 164 90 148 119 6 44 88 71 165 200 123 116 12 38 41 59 21 126 39 198 58 117 43 20 191 50 188 37 98 122 154 56 65 60 62 51 18 55 135 85 178 75
84: 26 69 177 173 166 24 45 150 87 107 103 14 156 149 118 157 82 57 94 132 105 102 33 139 143 89 9 184 113 124 140 70 22 91 169 129 1 131 104 72 32 189 34 46 110 187 194 49 86 4 134 120 158 29 167 42 181 183 114 73 153 128 185 111 17 48 8 15 115 78 176 199 84 144 159 112 36 19 174 141 175 25 76 27 5 52 160 161 121 172 180 2 63 66 142 162 133 168 3 54 77 108 83 170 145 152 68 97 16 100 99 10 193 163 196 40 96 182 137 147 197 151 138 130 67 81 125 179 186 61 106 146 64 30 31 80 74 101 28 93 35 190 53 136 155 171 47 92 11 79 109 192 6 44 88 95 164 127 90 13 195 165 23 148 119 7 12 116 38 198 123 126 41 200 71 21 59 191 50 98 37 39 43 58 117 56 20 122 188 154 65 60 55 135 18 62 51 85 178 75
85: 113 72 9 157 173 189 33 184 103 32 82 156 114 149 4 169 166 26 150 124 91 45 118 143 105 57 22 94 49 110 187 69 89 24 129 159 132 107 87 102 14 139 46 140 1 104 70 34 86 76 52 27 19 177 84 115 141 172 42 5 73 174 66 29 183 25 2 112 8 78 131 180 17 134 144 161 120 181 199 121 111 194 176 167 15 153 158 96 36 175 48 196 185 133 128 160 163 152 68 10 182 77 97 145 40 193 54 197 151 142 67 108 100 147 130 99 16 138 170 137 3 162 63 30 83 168 101 125 35 81 31 64 80 106 136 61 53 171 92 93 11 186 79 179 146 155 28 190 119 109 47 195 13 148 164 90 74 95 192 127 7 23 165 44 88 6 116 123 12 198 200 59 126 21 71 41 38 39 20 43 58 98 117 50 37 191 122 188 65 55 60 56 154 18 62 135 51 85 178 75
86: 45 4 102 132 150 140 139 107 105 177 24 184 173 166 103 34 26 72 149 89 22 1 143 57 118 33 70 9 157 169 32 113 49 187 14 46 87 129 94 69 86 104 124 189 156 91 110 131 82 128 176 112 8 172 134 17 180 73 181 114 160 78 27 76 167 120 185 5 66 194 158 133 183 144 84 52 115 175 29 42 48 121 137 174 153 141 36 199 111 2 170 15 40 159 147 25 19 161 152 151 68 193 130 142 182 197 10 83 138 162 77 3 16 99 96 168 145 97 196 163 108 100 54 63 79 67 30 11 61 179 31 35 47 109 190 136 64 155 125 93 80 106 81 92 186 101 171 23 53 146 74 28 119 95 44 90 6 192 7 195 13 200 41 164 148 88 165 127 21 123 12 38 59 71 126 198 116 39 117 58 43 50 37 98 20 191 135 65 56 188 60 154 122 55 62 51 18 85 178 75
87: 187 169 189 166 9 173 89 150 102 118 157 104 177 4 132 91 103 57 124 72 94 139 87 24 82 26 113 34 129 1 33 14 70 32 184 110 45 140 22 107 86 156 149 105 69 15 42 49 46 143 73 121 172 160 180 134 159 144 48 27 25 5 115 167 19 112 120 78 128 8 114 158 183 176 131 161 181 133 199 175 2 76 29 194 141 36 137 174 153 185 66 111 84 17 52 170 77 197 100 97 63 54 138 163 108 3 193 10 168 142 145 68 16 130 152 196 182 96 162 83 147 99 151 40 67 186 53 125 80 61 28 109 30 171 179 11 92 146 136 155 106 93 79 35 101 190 31 47 81 64 119 95 164 13 90 165 44 7 127 88 74 195 6 148 192 23 12 59 198 21 38 41 123 116 71 126 200 117 98 39 58 191 43 20 37 50 188 122 65 154 56 60 135 62 55 51 18 178 85 75
88: 103 184 32 69 22 91 140 107 105 149 110 1 118 139 9 89 86 187 70 177 49 167 26 14 4 143 102 129 45 104 72 24 57 189 124 82 34 169 150 173 94 156 132 46 166 159 33 113 157 87 66 29 42 133 73 27 180 2 68 17 121 181 174 19 48 176 183 194 160 112 111 144 134 115 15 52 120 114 131 8 128 5 25 199 63 185 172 153 78 158 76 84 175 161 36 141 99 142 162 10 168 40 16 54 138 108 83 163 137 145 197 97 3 196 193 96 182 77 152 67 100 170 130 151 147 155 93 186 92 136 179 79 171 30 81 11 31 125 106 53 28 61 47 35 64 109 190 101 80 146 74 44 192 6 165 127 88 164 7 23 13 59 195 148 90 95 119 123 21 71 41 200 126 38 12 116 43 198 20 117 191 39 58 37 50 98 122 56 154 65 188 60 51 62 18 55 135 85 178 75
89: 9 49 69 94 150 124 107 72 82 104 4 57 46 184 173 1 87 32 105 118 169 157 33 166 177 156 24 91 70 102 22 189 45 149 86 140 132 29 34 139 89 26 187 129 110 103 174 14 113 172 143 181 180 128 183 2 42 36 112 17 167 111 121 66 76 84 27 194 144 73 131 115 159 134 175 160 8 19 176 141 153 120 158 133 114 185 78 5 161 48 15 25 52 199 54 77 67 3 193 152 147 130 40 182 170 99 96 145 16 151 63 163 137 108 10 61 97 100 68 162 142 168 196 83 31 197 53 28 138 79 93 179 80 64 74 81 155 101 109 125 92 106 30 190 136 13 47 186 146 11 35 171 59 95 192 88 164 44 7 119 90 6 195 23 148 165 127 21 200 38 116 123 126 71 41 198 12 191 117 43 37 39 58 50 20 98 154 188 65 56 60 122 62 51 55 135 18 85 178 75
90: 4 105 104 82 91 150 110 87 157 1 9 86 32 45 118 26 187 156 140 102 49 173 107 94 124 103 129 33 149 184 89 69 24 166 169 14 57 70 72 189 46 177 139 143 36 132 113 22 158 34 73 115 175 131 161 194 199 84 144 48 180 15 42 153 19 141 5 159 2 8 120 160 17 66 174 128 52 25 76 167 176 111 112 133 172 183 185 181 78 121 134 27 29 114 138 162 67 151 182 197 142 196 108 193 96 163 83 130 97 63 152 40 16 68 170 3 145 100 137 168 77 54 147 99 10 61 79 92 28 35 106 80 155 64 109 190 136 11 101 30 186 81 31 93 47 125 53 179 146 171 164 74 7 23 127 148 95 192 6 200 195 13 88 165 90 44 119 123 21 59 126 38 116 12 58 71 41 39 198 20 50 43 191 37 98 117 60 65 122 56 154 188 62 18 55 135 51 178 85 75
91: 102 157 110 156 22 72 94 150 9 82 33 129 32 169 104 118 1 103 36 26 124 70 4 149 132 42 87 189 113 105 91 187 166 177 69 45 46 34 140 184 173 89 24 57 107 139 49 14 143 86 134 175 161 111 76 153 174 199 121 181 25 160 84 176 133 2 159 185 16 114 194 115 144 158 48 52 128 167 120 17 5 27 15 131 29 73 8 196 141 183 172 145 19 66 112 78 180 67 54 96 170 3 83 77 108 100 138 151 147 162 168 99 137 163 197 130 97 68 182 40 10 142 63 152 190 81 193 92 125 30 31 186 11 136 109 79 80 53 28 61 64 106 47 148 179 35 171 101 155 93 146 7 23 13 44 90 6 192 95 127 119 165 164 195 88 74 116 21 71 59 126 12 198 41 38 123 200 191 98 50 37 58 20 43 117 154 39 188 56 60 65 122 62 18 51 135 55 85 178 75
92: 157 24 173 187 113 166 124 150 149 9 118 87 143 49 169 91 70 22 14 132 156 4 104 94 184 69 1 57 177 89 33 103 26 107 45 140 189 32 82 34 129 102 72 86 46 139 105 121 48 29 110 114 36 15 199 111 120 194 76 174 133 159 17 180 19 141 25 42 175 2 115 153 134 128 167 66 5 181 52 158 78 183 185 27 73 176 131 112 8 161 144 160 84 172 147 152 83 193 145 54 162 63 10 96 97 197 142 3 196 67 138 99 130 68 16 137 182 170 40 108 163 151 77 64 168 100 146 47 92 80 109 61 31 101 53 125 93 186 81 79 30 35 190 155 11 106 28 136 179 171 95 88 148 164 119 13 90 6 23 192 44 127 74 195 165 7 126 200 41 116 71 12 98 198 21 123 59 38 43 20 191 39 58 117 37 50 154 122 188 56 60 65 62 18 55 51 135 178 85 75
93: 113 156 26 189 49 1 89 132 169 110 46 14 45 9 177 150 94 34 140 118 4 166 129 69 103 72 86 139 87 143 124 104 24 187 33 32 173 22 149 157 82 105 70 184 91 107 102 57 19 8 5 17 199 2 73 141 131 144 183 42 194 174 52 120 180 112 172 25 36 15 176 181 134 159 66 115 111 160 84 185 153 121 76 161 167 29 78 158 133 27 128 114 175 48 137 96 10 152 182 151 130 63 196 100 77 16 54 99 162 145 168 80 68 67 197 83 138 147 186 108 193 40 3 97 28 142 163 47 170 171 106 155 81 31 190 79 30 61 101 64 125 109 136 53 92 146 179 93 11 35 6 164 148 195 74 95 90 119 7 44 23 13 127 165 88 38 71 192 12 21 41 116 200 198 126 59 123 191 58 20 37 117 50 39 98 43 122 56 65 154 188 60 18 51 55 135 62 85 178 75
94: 32 91 173 143 169 139 156 46 87 113 157 89 1 22 49 57 70 34 14 107 102 150 184 94 129 140 9 26 118 4 132 104 149 72 69 105 110 103 82 161 177 166 45 33 24 189 187 86 124 160 167 48 27 78 84 199 185 25 183 17 111 181 159 131 144 15 194 36 134 174 115 66 42 141 112 121 180 175 52 114 128 5 158 29 76 8 133 153 19 73 3 120 176 2 172 40 182 147 193 100 130 137 68 96 97 10 67 151 170 16 196 162 197 142 152 145 54 108 83 99 138 79 168 163 63 77 30 11 136 81 93 106 61 109 101 186 64 171 53 190 125 179 31 146 80 28 47 155 92 35 90 95 74 7 195 6 165 164 12 127 13 88 192 148 116 119 44 23 38 123 41 71 200 21 59 198 126 37 39 191 20 98 50 58 117 43 60 188 65 154 56 122 55 135 51 62 18 85 178 75
95: 140 34 166 46 105 187 139 91 149 45 150 103 14 118 124 132 86 157 24 26 104 87 57 72 107 177 82 169 89 184 110 9 4 49 143 156 32 33 94 173 189 22 129 113 69 1 183 102 70 115 114 180 120 76 78 52 48 175 161 15 128 66 8 176 174 5 111 27 17 84 29 19 42 181 112 160 121 2 141 73 36 185 134 172 158 25 199 133 144 194 10 167 159 153 137 131 99 67 193 151 108 63 77 162 40 145 152 168 197 130 142 170 100 97 138 163 96 68 196 83 182 3 179 16 147 54 30 101 155 81 61 106 53 109 35 186 171 80 190 125 28 11 47 95 64 79 31 92 93 74 146 136 23 7 44 127 90 6 13 148 165 164 192 195 88 119 38 123 126 12 59 116 41 21 200 71 198 37 58 39 20 43 50 98 117 191 60 188 65 122 56 154 51 62 135 18 55 178 85 75
96: 86 103 22 173 118 129 4 89 26 87 91 107 57 102 132 139 140 45 33 113 49 143 34 156 150 157 46 187 70 94 169 69 14 1 105 104 184 24 36 166 189 124 72 177 110 149 32 82 115 9 27 141 84 194 161 159 111 73 183 174 153 131 112 158 48 52 199 5 76 25 42 2 185 160 134 176 17 181 8 133 66 29 172 162 175 180 120 128 144 78 121 114 19 167 83 15 10 130 196 77 163 147 16 151 67 193 100 97 96 168 99 3 68 108 182 40 197 145 142 63 170 30 152 137 138 31 54 190 81 109 146 92 136 155 61 53 47 64 79 80 101 28 106 11 171 186 35 119 179 125 93 74 90 7 88 127 148 23 44 164 6 13 195 95 165 71 192 20 41 59 12 21 123 126 200 116 38 198 58 117 50 39 191 43 98 37 65 188 60 56 154 122 51 55 85 18 135 62 178 75
97: 113 46 1 94 181 32 36 187 86 184 33 189 34 132 139 173 110 26 70 14 103 104 24 4 129 107 105 22 87 9 49 102 143 150 57 166 72 69 149 140 89 124 91 157 45 82 118 169 156 161 177 194 134 76 114 25 66 180 133 48 159 199 121 73 5 2 144 115 27 160 112 120 131 174 172 153 8 175 167 141 52 158 19 84 128 111 183 176 83 15 78 151 40 17 29 185 147 42 96 108 10 67 16 63 54 138 196 99 197 170 145 193 68 77 152 100 142 109 137 162 182 97 168 11 130 186 163 3 136 47 30 80 35 101 61 81 155 190 64 92 179 106 79 31 146 171 28 53 93 125 164 127 119 195 88 95 13 74 44 123 192 7 23 148 90 6 165 198 59 200 21 41 126 116 71 38 12 191 39 98 50 58 117 43 122 37 20 188 56 65 154 60 62 51 135 18 55 85 178 75
98: 102 143 187 24 86 94 169 139 82 9 149 70 34 140 157 124 4 105 129 1 49 69 177 33 156 166 173 189 45 132 176 103 150 32 87 110 91 184 72 107 17 22 26 57 14 46 118 113 174 104 89 48 8 15 66 73 27 120 160 52 19 29 158 153 199 115 131 76 133 161 134 112 167 183 175 2 180 42 181 141 36 144 5 194 78 159 84 121 185 172 128 114 25 111 99 138 193 40 190 197 151 16 137 170 142 182 67 83 100 97 10 3 63 68 196 147 54 96 186 130 163 145 168 162 77 35 108 152 125 106 53 61 101 93 171 88 179 30 11 109 6 31 148 79 47 28 81 136 146 80 92 64 7 155 23 119 195 164 95 192 165 127 90 13 44 74 71 59 198 200 116 126 12 38 123 21 37 41 191 98 117 43 122 39 50 20 58 60 188 65 154 56 135 62 51 18 55 178 85 75
99: 156 184 82 49 187 124 33 69 34 113 143 103 24 173 87 149 102 46 110 91 104 157 132 139 177 105 89 22 166 107 57 158 84 1 26 14 32 45 129 70 9 72 150 4 94 29 86 185 118 189 78 169 114 140 112 176 167 194 144 36 133 115 199 172 180 121 27 52 76 5 48 160 15 73 111 17 174 25 175 66 8 181 159 131 153 152 141 183 3 161 128 19 120 2 134 96 42 168 138 54 182 170 108 16 137 196 67 151 190 193 40 99 142 145 130 83 163 68 10 97 162 63 100 147 197 146 77 92 11 61 47 81 155 30 106 179 136 171 79 125 53 31 28 186 64 101 109 35 80 93 90 192 119 6 7 165 74 13 95 195 23 44 164 88 148 127 71 12 198 21 123 116 41 126 200 38 59 98 58 50 117 43 191 56 39 37 20 154 65 60 122 62 188 135 51 55 18 85 178 75
100: 102 140 72 189 24 57 33 91 4 26 129 166 184 14 69 94 49 103 86 118 157 177 169 149 22 70 187 139 173 143 34 87 82 105 132 1 104 150 45 89 113 107 156 32 124 110 9 46 158 17 172 5 141 8 111 128 114 185 115 76 199 120 27 2 175 29 167 67 183 112 160 159 174 15 48 19 181 131 73 42 144 52 180 66 121 133 176 25 161 84 78 153 134 36 194 77 63 40 83 99 137 196 162 130 68 152 108 100 168 138 97 10 197 193 147 3 54 96 163 151 142 145 170 182 16 30 179 93 101 11 53 28 92 31 79 47 186 81 146 136 190 61 64 171 35 155 106 80 109 125 13 23 7 165 164 119 95 127 192 6 74 195 90 44 88 21 148 12 41 38 117 59 200 116 198 71 123 126 20 37 191 39 50 58 43 98 56 154 188 65 122 60 62 55 135 51 18 178 85 75
101: 140 107 69 89 72 177 34 156 1 46 149 24 9 173 32 94 139 102 57 26 104 150 129 132 187 70 87 118 184 14 113 169 86 4 157 82 91 103 189 45 166 49 124 33 128 105 175 22 110 29 143 66 172 153 111 194 15 78 25 84 141 131 134 181 73 160 52 199 185 2 27 5 120 121 114 174 100 180 36 159 183 17 76 19 112 176 42 115 144 161 158 48 8 133 167 163 182 97 142 67 152 99 10 108 16 63 197 3 137 130 162 77 168 151 196 193 83 147 54 68 96 170 40 155 145 138 80 64 125 171 93 146 106 28 92 186 53 61 136 109 81 35 179 101 190 79 88 47 31 11 30 148 74 23 7 44 195 164 95 127 13 192 165 116 119 6 90 59 71 126 38 200 123 12 41 21 20 198 37 191 98 117 39 43 50 58 154 65 188 122 56 55 60 51 62 135 18 178 85 75
102: 34 86 169 49 82 14 26 32 166 9 70 89 187 129 107 157 57 1 69 177 149 113 103 104 22 105 161 139 87 24 189 156 33 118 124 132 46 72 143 102 173 45 184 94 110 150 140 4 131 91 121 17 158 52 29 5 180 185 134 176 160 120 167 15 175 112 141 76 174 2 128 48 181 133 159 42 183 27 115 114 153 172 73 19 78 199 144 66 111 25 84 36 8 194 97 54 170 145 197 147 100 67 193 3 16 99 163 130 138 40 83 162 96 63 108 152 142 151 182 77 168 101 196 68 10 137 146 64 79 136 11 61 93 53 47 30 106 28 31 92 155 80 125 81 179 186 171 109 190 35 44 192 95 6 165 7 88 127 74 119 13 23 195 164 90 148 123 126 12 116 59 200 71 41 21 198 38 43 98 20 37 50 39 191 117 188 58 154 56 122 65 60 62 55 135 18 51 178 85 75
103: 22 184 150 173 105 34 129 94 102 177 149 107 132 26 166 118 14 57 140 24 124 156 103 87 82 4 139 45 70 143 32 189 113 157 187 104 86 91 1 49 115 110 46 33 89 72 169 160 69 141 27 9 52 199 120 84 36 77 78 99 159 19 112 114 194 2 167 29 158 175 111 121 5 144 76 134 153 183 17 180 8 176 73 181 133 66 131 25 172 48 161 15 185 128 42 174 54 163 151 138 162 137 68 130 147 142 170 197 16 193 145 96 67 152 97 182 40 83 100 3 11 10 108 168 63 196 171 186 101 64 136 179 93 109 155 35 80 79 47 190 61 146 92 53 125 30 81 31 106 28 23 88 195 44 7 127 95 90 148 165 74 119 192 13 164 6 12 198 59 71 41 126 38 123 200 21 43 116 58 39 20 37 98 191 117 50 122 60 154 188 65 56 18 62 51 135 55 178 85 75
104: 32 94 89 129 111 1 113 156 26 105 149 91 72 70 118 24 87 143 169 139 104 9 86 45 187 4 82 46 49 102 173 33 22 184 140 14 157 103 166 110 69 177 150 132 189 124 34 57 174 167 107 144 161 133 5 172 121 17 8 73 141 15 114 76 120 25 175 128 181 42 159 66 78 134 160 158 27 194 19 183 29 180 36 115 112 131 2 153 185 52 162 84 48 176 199 77 137 142 10 170 16 145 182 63 99 152 54 168 100 83 97 130 108 3 193 67 68 138 163 40 151 197 92 96 196 147 171 79 61 53 136 30 47 64 35 109 190 179 186 28 125 11 106 31 80 93 81 146 155 101 148 6 192 23 119 44 88 7 95 13 195 74 164 165 90 71 127 126 38 59 116 123 41 12 200 21 198 191 117 98 43 39 20 58 50 37 56 154 188 60 65 122 55 135 62 51 18 85 178 75
105: 4 110 150 184 105 76 91 157 82 69 49 22 113 173 87 118 140 132 72 124 144 89 32 1 104 70 57 129 102 177 46 26 14 24 45 33 189 9 166 139 187 34 107 169 86 143 103 156 94 149 112 134 180 128 199 115 111 161 160 176 167 194 48 42 120 158 121 52 159 25 185 175 2 36 174 15 66 17 5 27 84 183 8 73 131 78 141 19 114 153 181 172 29 83 133 77 152 182 197 147 108 63 16 137 3 10 142 162 151 170 100 193 96 163 54 168 99 145 97 68 130 196 40 67 138 61 31 30 35 92 136 179 155 125 106 190 171 81 53 80 11 109 64 93 47 186 79 146 28 101 44 90 7 74 6 23 13 195 88 192 148 95 164 119 127 165 59 38 12 116 200 71 126 198 123 41 21 117 20 39 191 37 58 98 50 43 65 122 60 154 56 188 62 135 51 55 18 85 178 75
106: 189 4 1 156 49 91 22 143 9 87 169 187 24 173 139 129 104 140 105 110 184 86 82 177 132 57 118 14 150 70 69 72 157 94 103 107 124 167 113 45 32 34 166 19 89 46 33 149 26 76 115 102 25 134 131 2 63 176 159 158 78 112 114 48 84 52 111 180 66 144 8 17 29 174 15 199 153 36 27 121 160 161 133 194 73 183 97 185 42 172 175 181 141 5 128 120 3 77 193 108 99 83 138 163 182 147 130 54 100 151 142 170 40 145 96 137 197 168 68 162 152 16 196 10 179 146 28 125 67 190 186 53 106 81 35 11 47 93 171 79 6 101 155 80 64 109 136 61 92 31 88 30 13 90 148 23 195 7 44 127 95 74 192 164 165 119 71 21 41 43 198 12 126 200 116 59 38 123 39 117 37 58 20 50 191 98 122 188 154 65 60 56 18 51 62 85 55 135 178 75
107: 140 113 45 26 24 143 32 103 107 87 34 184 86 9 94 70 91 132 33 156 104 14 169 150 129 78 57 49 89 185 46 124 102 105 177 1 149 82 110 118 189 4 166 69 173 22 187 157 139 72 27 131 183 25 128 29 112 180 121 133 84 5 76 194 120 73 8 176 161 167 36 141 199 2 158 10 181 175 111 144 19 115 114 17 172 42 174 108 159 153 134 48 52 196 66 15 197 160 151 68 142 67 162 163 77 54 193 16 99 145 138 130 63 96 168 137 147 3 47 83 100 40 182 179 101 170 97 152 190 31 80 81 109 35 136 53 186 146 64 61 106 30 92 125 11 171 93 28 155 79 148 127 192 13 44 23 165 90 88 6 195 7 95 74 164 21 119 126 198 39 38 41 123 59 116 12 71 200 37 50 20 98 43 117 58 191 60 154 188 122 56 65 18 135 55 51 62 178 85 75
108: 157 45 86 104 46 57 184 82 129 34 103 189 169 139 110 173 89 102 32 26 177 49 24 166 69 140 105 33 9 87 150 156 113 143 1 132 72 70 149 107 187 91 4 14 124 22 94 118 114 144 134 76 2 174 172 131 19 115 111 78 8 73 181 48 66 175 185 194 180 199 161 36 17 52 27 141 159 121 153 5 42 183 97 158 15 167 29 25 84 128 176 160 133 120 112 108 54 40 137 145 151 68 96 100 16 83 170 152 130 163 168 3 10 64 138 142 182 162 63 67 193 147 99 196 197 92 77 30 155 186 171 31 136 125 106 47 190 101 146 179 109 79 80 28 53 61 35 93 81 11 195 148 95 44 164 23 127 90 6 74 119 88 7 165 192 13 200 41 198 12 123 126 38 21 71 59 116 37 117 43 58 20 191 98 50 39 154 188 56 60 65 122 62 18 135 51 55 178 85 75
109: 14 45 177 87 24 86 4 33 110 118 157 72 140 124 113 89 82 104 57 150 143 1 102 32 91 156 129 189 26 70 166 173 49 105 107 184 169 22 94 149 46 139 69 103 34 132 187 9 121 15 111 161 185 158 134 194 172 128 174 2 36 180 153 133 199 114 159 48 52 144 19 120 176 29 160 115 27 131 42 76 141 5 175 84 167 112 8 181 17 25 40 78 73 130 183 66 68 147 54 100 152 10 3 193 67 137 138 83 99 162 108 182 196 63 163 16 77 197 93 97 142 170 145 168 151 96 136 80 30 125 31 186 81 47 64 146 61 53 28 179 155 35 101 106 79 171 11 190 109 92 7 74 127 23 148 13 44 95 90 88 6 192 164 165 119 195 21 198 126 200 59 12 116 41 71 38 123 20 122 39 37 191 98 58 50 117 43 154 188 60 65 56 62 51 18 55 135 178 85 75
110: 110 124 94 189 32 105 143 91 156 9 26 184 177 103 140 87 57 113 72 14 139 102 34 149 22 157 82 187 46 132 173 69 118 70 1 107 33 86 129 49 84 45 150 169 104 166 89 15 4 24 48 111 134 27 128 159 199 78 52 180 160 36 29 181 174 144 73 172 42 112 133 153 25 131 120 161 115 19 194 17 66 2 176 175 5 141 76 158 167 8 121 183 185 114 142 162 3 100 196 152 63 40 10 145 96 83 151 99 170 168 182 97 197 137 163 68 101 130 108 193 54 138 67 77 16 147 30 179 93 190 125 192 31 136 155 61 109 186 47 80 11 64 81 92 106 53 146 28 79 35 171 165 148 90 164 44 95 88 13 195 6 127 23 38 119 7 74 21 200 198 126 12 59 123 41 71 116 191 50 43 58 98 117 39 20 60 37 56 188 122 65 154 135 62 55 18 51 85 178 75
111: 156 150 189 57 157 177 184 9 129 49 45 86 103 14 82 1 32 166 94 124 105 89 91 118 104 72 26 36 46 175 132 102 4 33 70 24 139 110 140 113 22 87 69 187 173 169 143 34 161 149 107 128 76 120 181 2 66 183 52 158 180 174 15 17 78 131 73 134 5 144 133 84 121 141 112 172 8 176 167 111 199 25 194 114 160 185 153 115 29 163 42 48 27 19 159 40 193 170 99 168 145 179 138 100 152 142 162 151 16 147 108 61 196 63 77 10 54 182 83 96 197 68 97 3 137 130 67 92 28 80 136 64 186 106 95 81 155 93 11 53 47 125 171 35 190 31 109 146 79 30 23 101 74 7 164 6 119 44 13 165 148 195 127 90 192 88 123 116 200 38 41 12 21 126 198 59 71 191 58 117 39 20 50 37 98 43 65 60 122 188 154 56 51 135 62 55 18 85 178 75
112: 143 45 129 94 150 70 156 72 177 33 26 157 89 113 139 107 22 189 69 140 32 49 4 46 87 82 14 118 57 159 169 105 184 132 187 34 166 24 149 91 1 103 102 104 173 9 110 86 131 124 29 161 17 84 2 19 111 27 78 181 133 48 36 115 172 175 141 5 168 120 160 15 174 183 199 73 8 194 128 66 25 42 52 170 185 176 76 112 54 180 99 121 114 167 153 138 158 144 134 142 163 193 97 108 3 196 152 68 16 145 40 197 77 182 67 162 147 10 190 47 100 130 83 96 137 151 109 53 63 61 125 146 93 31 81 80 106 64 79 30 28 155 11 186 101 92 136 35 171 179 195 74 44 148 127 95 23 90 7 119 6 88 192 164 165 13 38 12 126 123 116 200 59 198 21 71 41 43 20 39 191 58 98 37 117 50 56 122 154 65 188 60 55 51 62 18 135 178 85 75
113: 82 87 110 156 49 34 143 103 94 139 46 102 72 57 107 173 166 22 157 189 132 187 129 89 124 24 113 140 14 91 4 150 26 118 32 149 33 177 1 169 86 9 45 70 134 69 105 104 184 180 158 175 52 121 2 27 183 36 144 131 128 167 17 42 66 161 84 111 145 15 172 8 174 185 160 73 194 48 19 25 176 199 112 141 29 120 78 133 153 181 76 114 115 54 159 5 151 67 40 197 138 68 10 83 16 196 163 142 99 100 3 96 162 108 77 170 63 147 168 182 97 193 137 152 130 31 81 155 106 53 64 190 101 11 186 61 92 80 146 171 164 79 125 136 30 47 28 35 109 179 93 74 148 127 7 90 195 119 95 13 44 88 6 192 23 165 71 116 200 198 12 21 41 126 59 38 123 39 50 58 20 117 98 43 37 191 65 60 56 188 135 154 122 55 18 62 51 178 85 75
114: 150 105 91 26 24 9 177 187 89 166 103 143 118 69 107 4 14 33 1 140 102 94 87 32 157 132 124 49 129 70 45 139 46 169 156 110 86 82 104 149 57 173 113 22 184 34 181 8 72 189 115 141 159 29 112 36 174 160 84 134 5 185 194 172 120 175 19 78 180 144 158 128 133 52 153 121 167 111 17 176 42 114 145 147 66 161 183 25 27 199 131 73 15 2 77 48 40 76 170 196 99 68 138 63 151 162 97 193 137 83 10 96 142 182 168 152 108 53 67 197 54 163 100 130 35 3 16 31 101 155 30 179 79 61 190 146 28 93 92 171 136 186 195 109 11 125 47 106 81 80 64 44 74 127 7 88 90 119 192 165 23 95 6 13 164 148 71 21 41 200 59 126 123 38 116 198 12 58 43 191 20 37 98 39 50 117 154 56 188 65 122 60 135 55 18 62 51 85 178 75
115: 49 105 46 132 157 14 32 150 103 72 107 33 110 22 86 94 69 149 45 118 24 140 113 104 89 173 26 4 156 169 57 70 177 187 129 82 189 84 143 34 9 1 184 91 139 166 87 124 102 36 172 29 115 181 5 27 153 66 161 114 17 8 141 111 175 15 78 2 48 128 180 183 131 120 134 176 73 159 112 52 160 194 185 121 199 25 174 133 167 76 19 144 158 42 162 67 130 100 170 96 168 138 197 63 108 40 182 10 54 147 16 83 152 151 193 145 97 99 137 163 142 3 68 77 196 35 179 106 155 64 28 88 80 101 79 146 186 47 30 171 61 109 11 93 92 190 53 136 125 31 81 74 95 119 192 148 90 13 127 164 44 23 7 195 6 165 41 198 59 116 71 123 12 200 38 126 21 43 37 98 191 39 58 50 117 20 188 60 122 154 65 56 55 18 51 135 62 178 85 75
116: 26 70 105 189 33 87 184 89 86 157 45 69 94 4 24 34 113 132 82 139 49 166 104 149 9 140 173 150 91 187 143 72 156 32 46 177 103 22 57 129 118 14 107 169 110 102 167 78 1 124 141 199 19 175 183 73 111 172 42 161 52 8 133 174 17 153 48 194 131 121 25 114 5 160 176 128 84 112 66 36 15 181 159 158 185 144 76 29 120 180 115 134 2 27 96 151 182 3 193 108 67 168 97 170 54 68 152 137 63 162 99 100 16 163 197 196 145 138 77 130 40 10 142 83 147 81 190 136 92 79 125 47 195 35 80 101 186 106 64 30 11 61 28 171 93 53 109 155 179 31 146 95 6 148 74 7 164 44 88 127 23 192 13 165 90 119 198 123 38 116 200 126 41 59 21 71 12 98 191 58 37 50 20 65 117 43 39 154 60 122 188 56 18 62 55 135 51 178 85 75
117: 132 105 46 129 94 104 1 103 157 4 57 89 86 140 14 177 150 70 166 34 118 22 113 24 107 33 156 32 124 87 110 184 45 76 9 139 169 69 91 187 49 102 143 26 72 173 82 112 149 189 199 48 175 133 134 42 15 27 120 115 167 160 84 159 2 180 144 5 158 52 73 8 29 17 174 128 176 25 185 36 137 66 172 131 111 78 183 114 121 194 153 181 161 141 19 138 151 162 63 142 54 96 145 67 130 83 147 182 108 68 196 97 10 3 193 197 40 163 77 100 170 99 168 16 190 152 101 80 125 61 106 93 47 92 53 186 31 79 155 64 171 109 35 179 11 6 81 30 146 28 136 195 95 127 74 13 44 164 165 88 23 192 7 148 119 90 59 41 12 126 123 71 38 116 21 198 200 50 39 191 117 20 122 60 43 37 58 98 65 56 188 154 55 135 62 51 18 178 85 75
118: 14 103 102 1 124 105 150 118 157 113 143 45 169 132 70 184 22 187 9 129 24 49 110 94 72 89 46 139 91 86 189 4 149 140 34 82 57 32 87 33 166 69 156 107 104 26 177 173 111 27 29 199 128 167 133 19 2 134 194 141 52 174 161 160 73 180 5 36 15 175 131 115 144 48 76 66 183 158 120 176 42 84 8 112 121 25 159 181 185 17 114 78 99 153 172 197 182 97 196 68 100 163 152 63 77 137 3 147 138 168 193 145 130 10 142 16 40 162 170 96 151 31 67 108 83 125 54 136 92 80 93 109 28 171 35 106 179 101 81 155 53 30 79 146 47 61 11 186 190 165 64 88 95 148 119 6 195 127 44 7 164 90 23 192 13 74 200 198 59 12 123 38 71 41 21 126 116 98 58 37 20 43 39 50 117 191 188 65 122 154 60 56 51 135 62 55 18 85 178 75
119: 24 87 82 72 14 34 169 22 157 69 49 103 150 4 89 118 189 9 140 187 129 32 105 86 177 107 156 57 36 184 104 45 141 166 113 91 114 33 132 1 70 94 173 143 139 26 110 102 124 46 149 172 66 133 76 185 160 131 115 48 42 180 19 27 111 17 199 194 52 84 159 112 15 25 153 120 176 134 175 144 5 128 2 161 181 174 29 158 8 167 183 78 73 121 162 146 83 40 108 170 142 147 68 99 168 182 100 96 137 77 196 3 152 10 163 16 151 67 193 138 63 145 97 130 54 197 35 64 92 125 190 61 106 136 93 30 155 79 28 101 53 31 47 186 171 109 80 11 179 81 6 126 195 95 165 7 164 148 90 119 13 88 23 74 127 44 192 59 123 41 200 198 116 12 21 38 191 71 98 43 58 37 117 50 20 39 60 56 154 65 188 122 135 18 51 62 55 178 85 75
120: 169 33 187 102 9 14 113 184 46 26 143 70 156 91 166 110 105 129 87 94 189 57 149 22 45 34 4 173 118 104 139 103 89 132 140 177 82 157 150 72 124 69 1 24 86 159 32 49 107 25 78 131 76 36 27 121 144 153 180 174 42 68 66 161 181 194 8 133 120 185 48 176 183 160 134 19 84 111 115 2 167 141 112 128 5 15 172 158 114 52 73 199 17 29 175 96 16 151 99 182 97 152 93 3 63 163 10 137 145 138 196 108 67 162 197 100 130 40 83 142 54 64 168 170 77 101 193 147 190 109 179 125 79 92 30 146 106 136 28 47 11 155 53 171 186 81 192 31 35 61 23 80 44 13 165 88 74 198 6 119 148 90 164 95 127 7 195 12 123 21 59 71 41 126 116 38 200 98 39 191 20 117 37 50 43 58 60 154 65 122 188 56 18 55 62 135 51 178 85 75
121: 4 89 177 118 105 113 73 22 143 82 49 104 139 184 14 173 57 129 26 156 189 110 124 34 187 166 32 69 91 72 132 45 9 102 169 149 46 33 87 157 70 1 140 24 103 94 78 107 86 150 128 160 176 153 158 29 19 52 112 133 121 114 2 15 27 174 144 183 115 134 36 159 76 8 48 141 17 42 120 180 181 111 25 66 175 167 172 199 84 161 185 194 131 5 10 68 97 99 163 130 168 54 193 77 142 145 197 63 170 108 151 152 83 100 16 196 67 138 137 182 96 147 40 162 125 47 3 179 136 35 80 61 81 79 155 171 53 93 101 109 146 30 106 28 165 31 190 11 186 64 119 92 23 148 44 90 95 7 127 195 13 192 6 164 74 88 198 38 123 12 71 41 59 126 116 21 50 200 58 117 20 191 98 43 37 39 122 65 154 60 188 56 51 18 135 55 62 178 85 75
122: 157 70 150 124 104 103 45 113 33 132 86 24 69 9 156 173 169 105 22 87 189 153 149 46 110 72 89 82 180 129 143 140 15 57 102 26 107 187 177 34 184 118 94 49 32 166 1 139 91 14 183 4 76 141 19 172 17 158 114 181 73 36 175 5 115 8 120 78 194 2 29 133 199 134 160 84 176 25 159 128 144 167 174 52 121 131 112 111 48 161 42 97 27 66 185 142 96 54 130 40 137 67 63 151 99 3 100 138 163 10 162 168 152 83 77 196 193 147 182 68 108 170 197 145 81 16 106 79 35 179 125 28 190 109 171 30 136 31 146 64 101 186 11 155 93 61 47 80 53 92 192 23 195 95 74 7 127 165 90 164 119 6 13 88 44 148 116 71 200 198 21 126 38 123 59 41 12 98 191 43 39 50 117 20 37 58 188 122 56 65 154 60 62 18 135 51 55 178 85 75
123: 34 57 156 187 69 157 87 132 4 173 102 110 9 82 70 22 107 94 1 150 189 33 73 103 105 14 139 45 124 32 104 166 184 169 129 46 140 118 72 86 91 143 26 113 177 89 24 149 49 8 144 19 153 120 114 133 5 141 42 174 131 111 185 48 199 180 84 76 175 29 128 159 66 183 194 25 112 160 2 78 176 121 172 158 134 17 77 161 27 52 115 15 36 167 181 63 162 196 163 145 182 137 151 10 99 168 68 67 40 142 193 170 97 16 152 54 3 130 108 138 100 147 83 64 96 197 11 146 92 80 179 81 155 93 190 47 136 31 61 164 28 35 109 79 186 171 101 106 125 53 30 95 192 90 44 148 165 13 195 23 6 88 198 127 74 7 119 200 41 21 59 116 71 126 38 12 123 98 37 43 117 39 58 191 50 20 56 122 60 65 154 188 51 55 135 62 18 85 178 75
124: 46 102 14 166 22 139 87 4 177 33 143 129 118 113 184 26 1 49 24 82 149 94 156 72 9 70 189 57 124 103 173 34 91 157 45 140 169 107 132 32 104 105 187 150 158 69 110 86 89 27 161 172 159 167 84 112 144 181 185 73 115 42 25 160 121 29 199 131 2 180 15 8 194 163 5 174 175 76 120 52 66 48 153 133 19 134 114 128 36 17 78 176 111 196 141 97 183 168 77 162 54 137 130 63 3 67 193 68 147 182 83 16 80 142 197 170 108 99 100 138 151 64 145 40 10 96 152 136 190 35 171 30 47 31 79 155 53 81 61 92 101 109 95 106 186 146 11 93 125 28 179 6 7 74 165 88 192 164 13 148 195 23 119 127 44 90 12 59 116 126 198 41 191 38 200 71 21 123 39 117 50 58 43 20 98 37 56 188 65 154 122 60 62 18 135 51 55 178 85 75
125: 45 14 46 76 157 140 150 184 72 4 139 57 104 82 129 149 26 105 86 49 156 102 87 34 132 169 32 22 113 173 24 187 89 94 118 189 107 33 166 124 110 70 143 103 91 9 69 177 1 120 19 158 48 111 73 172 176 160 17 199 84 115 121 112 52 2 133 5 159 128 114 194 174 141 144 153 42 8 29 181 180 66 25 161 175 167 131 15 36 78 134 27 183 185 152 108 10 96 63 196 163 99 130 83 40 16 162 138 182 147 3 67 100 77 137 151 170 193 68 168 145 54 142 197 97 186 109 80 53 28 35 125 11 171 101 61 64 81 190 136 92 79 146 47 93 179 31 155 30 106 6 7 88 90 74 127 148 164 23 165 195 119 192 13 95 44 12 200 41 198 21 123 59 126 38 39 71 116 50 58 43 20 37 117 191 98 188 154 122 60 65 56 18 51 55 135 62 178 85 75
126: 45 187 22 150 24 184 70 104 89 167 91 34 4 33 86 82 129 140 14 156 177 49 87 124 57 94 69 143 149 110 169 157 132 102 103 113 9 194 105 166 76 172 173 107 46 139 32 189 1 27 17 118 72 26 52 128 48 158 120 133 19 2 159 185 175 36 25 161 42 181 134 174 15 131 66 73 5 199 153 112 144 111 8 180 115 168 176 121 114 183 137 160 30 29 182 78 145 141 151 84 138 196 163 99 170 68 152 130 3 193 83 40 67 77 100 108 142 147 162 63 10 16 197 54 96 97 171 109 31 186 81 92 79 93 106 35 61 64 146 53 101 28 190 11 125 136 155 47 179 80 95 88 119 44 148 13 164 23 7 6 90 192 12 195 74 127 165 123 71 59 198 116 41 200 38 21 126 50 43 191 37 117 20 58 39 98 188 122 60 65 56 154 18 55 62 51 135 178 85 75
127: 110 49 189 173 1 4 86 139 104 45 57 150 124 94 107 69 72 129 102 132 91 33 87 166 118 105 70 103 9 169 26 32 157 177 42 82 149 156 24 34 143 113 140 187 46 2 89 184 14 22 181 128 78 112 29 194 19 175 5 172 158 111 17 153 174 167 133 115 144 141 161 121 52 114 199 36 8 15 159 84 131 120 76 48 73 180 185 160 27 176 66 183 134 25 168 170 152 3 182 68 77 99 138 67 40 130 147 63 83 100 162 196 97 145 193 142 163 16 54 197 10 108 137 151 96 101 31 81 146 93 35 186 28 61 64 30 47 155 92 190 106 179 171 136 79 11 80 53 125 109 119 164 44 195 95 74 13 192 148 90 127 88 165 6 7 23 38 200 126 59 21 41 123 71 116 12 20 198 50 117 191 39 37 43 98 58 154 56 188 122 60 65 51 62 135 18 55 178 85 75
128: 22 86 156 49 177 187 14 4 102 166 139 1 87 46 45 94 104 189 9 26 157 70 89 34 33 124 105 132 57 113 143 82 184 69 110 140 91 72 169 32 118 107 24 173 103 150 149 129 8 120 42 114 160 2 159 112 111 5 52 15 29 27 181 141 133 175 115 19 144 36 66 161 176 180 174 199 78 194 76 84 131 73 172 17 185 128 134 48 167 158 25 121 183 153 16 97 193 163 83 130 40 197 151 196 108 67 145 138 3 152 182 99 63 170 68 96 168 100 10 137 147 162 54 142 77 92 80 186 64 47 179 35 31 11 146 30 109 81 61 106 155 79 125 136 28 101 53 190 95 93 171 6 119 192 44 148 7 164 88 90 195 23 165 127 74 13 21 126 38 198 12 71 116 123 59 41 200 98 37 50 191 117 20 58 43 39 122 65 60 188 56 62 154 51 18 135 55 178 85 75
129: 169 69 1 4 124 187 139 189 129 113 157 103 91 102 94 149 26 132 33 32 9 166 14 140 22 72 82 104 107 89 156 150 57 70 24 118 173 87 45 177 159 49 105 143 86 110 46 34 184 76 19 172 141 2 133 27 29 78 42 174 128 5 167 66 84 160 120 183 8 112 48 52 161 114 131 176 36 25 134 181 111 73 158 153 144 17 194 199 121 185 115 15 180 175 3 83 10 96 130 163 162 155 97 147 77 193 40 182 100 54 67 142 168 170 108 152 137 196 68 63 151 99 145 16 138 197 93 106 47 81 28 101 31 186 11 136 53 90 64 80 35 61 109 125 190 79 171 146 92 179 30 13 6 148 127 7 88 192 195 95 74 165 23 164 119 44 198 200 123 116 21 71 12 59 41 38 126 117 50 98 43 39 58 37 20 191 60 122 154 65 188 56 51 135 55 62 18 178 85 75
130: 82 46 110 32 157 45 26 70 94 113 69 72 14 86 189 103 91 4 177 160 34 169 129 173 89 104 166 107 105 1 57 9 87 33 132 156 22 102 143 184 118 24 150 124 49 149 187 139 121 48 174 140 66 78 115 183 2 25 73 5 134 76 27 167 42 8 52 161 36 128 194 159 114 153 175 19 131 17 15 181 144 199 185 120 84 99 111 133 112 141 29 172 180 158 176 130 54 108 83 100 197 67 142 170 97 16 63 182 162 77 151 138 168 96 40 193 145 68 3 10 152 64 163 147 137 196 186 125 80 190 92 171 81 53 28 31 93 136 101 11 12 155 179 35 109 47 106 30 61 79 146 90 119 165 44 6 164 7 192 13 148 88 95 74 127 23 195 71 116 38 59 41 198 200 126 21 123 39 50 58 37 43 117 98 191 20 154 188 122 60 65 56 51 62 55 18 135 178 85 75
131: 143 173 156 124 34 86 129 140 91 189 14 166 4 82 107 22 104 94 89 24 87 113 169 32 103 184 157 1 110 187 139 150 177 26 45 132 49 105 9 70 33 102 57 118 5 72 149 69 46 48 2 167 158 159 128 114 73 153 112 194 15 8 185 19 42 181 141 172 174 131 180 115 176 36 199 144 78 121 175 111 29 76 52 133 120 84 66 142 134 160 183 27 17 161 25 99 96 151 163 137 168 3 182 145 40 138 100 67 130 162 152 197 196 68 108 63 97 54 147 193 10 16 170 77 35 83 64 47 11 125 190 81 31 80 106 30 155 79 53 136 179 93 28 61 146 186 109 92 171 101 95 164 90 12 7 6 13 127 192 23 148 195 88 119 44 165 74 116 198 123 41 200 126 59 21 38 71 50 191 43 117 39 58 98 20 122 188 37 60 154 56 65 18 55 135 51 62 85 178 75
132: 32 124 104 49 177 103 94 139 82 45 87 26 4 157 143 86 69 1 34 105 9 149 129 132 150 102 14 184 107 57 91 156 166 169 72 187 22 24 140 113 33 118 70 173 189 46 110 112 167 89 194 2 131 120 174 172 76 141 134 52 180 17 25 161 111 73 160 183 48 15 19 121 66 78 199 128 27 176 8 5 144 181 185 175 114 133 42 36 158 96 84 99 29 153 115 197 3 159 54 137 68 162 40 138 193 170 130 142 151 16 97 182 108 67 100 63 83 145 77 147 168 10 152 196 30 163 61 79 186 53 136 101 125 11 31 179 109 28 106 190 81 155 146 35 80 92 93 47 171 64 119 148 164 44 127 88 165 23 13 95 192 6 195 90 7 74 123 200 126 98 198 71 116 12 38 58 59 41 21 39 117 20 37 191 50 43 122 56 188 65 60 154 55 62 51 18 135 85 178 75
133: 9 177 82 156 46 89 107 187 24 70 69 184 87 33 143 104 132 1 14 4 49 110 169 166 140 118 86 22 139 103 34 94 102 105 57 157 150 113 91 189 173 45 72 32 149 26 129 133 48 66 120 158 124 114 176 134 172 161 183 194 112 36 115 175 121 17 27 174 160 29 111 199 76 25 128 153 5 180 181 131 15 8 159 170 144 84 167 2 42 168 78 73 99 52 19 185 141 151 67 147 96 130 162 145 142 83 197 16 182 77 108 163 3 97 193 100 63 68 40 54 137 10 146 152 81 138 80 196 106 64 31 109 79 93 101 190 53 155 186 28 47 61 179 92 171 136 35 11 125 30 7 119 6 192 148 23 74 164 127 88 195 44 95 13 90 165 126 41 116 71 200 123 12 38 198 21 37 59 191 65 43 50 58 98 117 20 39 154 60 122 56 188 62 55 18 51 135 85 178 75
134: 86 57 129 110 89 140 173 4 46 107 26 166 113 143 22 1 91 139 156 14 184 118 33 105 32 187 104 177 189 82 124 103 9 24 157 70 132 34 69 49 45 169 149 72 94 87 150 115 102 84 25 183 159 134 112 36 172 174 78 121 161 199 141 2 29 175 180 167 197 153 176 42 158 5 19 185 194 111 114 160 8 52 27 133 144 128 66 17 131 120 48 76 15 73 181 16 54 142 138 67 193 97 83 182 108 162 40 130 196 10 3 163 152 170 63 100 68 96 151 137 99 145 168 77 92 147 109 146 35 106 11 47 155 101 171 136 190 64 28 81 93 79 80 30 61 53 186 31 125 179 164 119 6 90 7 95 165 148 127 195 44 13 74 88 192 23 126 116 38 12 198 200 71 123 41 21 117 59 98 39 191 43 37 20 58 50 122 65 188 154 60 56 55 51 62 135 18 178 85 75
135: 102 1 33 166 49 169 57 156 103 9 24 14 104 143 105 32 184 82 26 70 22 46 139 140 129 110 157 132 72 173 189 45 94 34 128 113 87 118 124 107 177 150 4 89 91 69 86 187 149 134 159 8 15 153 167 158 84 120 181 2 73 76 183 66 133 199 180 175 111 42 5 112 29 185 144 48 36 194 131 78 115 19 141 160 17 130 176 52 114 161 172 121 27 174 25 40 170 193 108 197 147 68 100 163 3 182 77 136 137 138 162 54 99 96 16 151 168 10 67 145 196 152 83 142 63 97 61 30 31 79 92 35 64 106 81 179 53 47 109 28 155 190 186 125 146 93 80 101 171 44 127 11 90 95 192 23 148 13 119 6 88 165 74 195 164 71 7 12 38 126 41 198 200 59 116 123 21 58 117 43 191 20 39 50 37 98 56 65 60 154 188 122 51 135 18 62 55 85 178 75
136: 169 89 46 140 57 124 86 184 9 103 26 156 173 143 177 32 72 33 91 107 70 34 187 22 1 129 157 118 139 132 82 199 166 45 149 104 4 189 94 110 14 87 105 49 24 113 150 112 161 102 181 69 108 73 36 114 76 17 185 19 27 176 159 15 121 111 175 29 158 5 160 174 42 194 153 141 2 144 131 134 66 183 84 25 78 167 52 172 133 48 120 8 128 180 115 197 96 100 83 40 54 10 162 3 152 145 16 142 99 193 147 77 63 130 155 68 196 137 182 97 163 168 138 67 170 151 28 11 53 31 81 30 35 64 146 171 101 92 136 186 109 179 93 125 190 106 47 61 80 79 95 44 195 90 165 164 6 74 88 192 7 148 119 127 13 23 12 71 41 126 38 123 200 21 198 116 59 117 50 191 98 20 39 43 37 58 60 188 56 154 122 65 18 62 55 178 51 135 85 75
137: 46 70 26 129 184 89 107 118 32 45 9 1 87 150 149 177 69 156 94 189 132 33 57 91 159 139 166 102 82 4 34 24 143 72 187 86 22 14 49 140 157 110 105 113 169 103 104 124 173 141 52 181 5 161 84 36 19 2 17 29 76 134 114 160 120 185 25 199 42 15 131 153 194 111 8 73 167 48 27 144 175 172 128 115 174 180 121 176 78 112 158 183 133 66 147 54 152 197 63 40 138 137 3 67 108 130 170 182 97 68 10 196 168 77 151 96 163 193 80 171 145 16 142 99 47 106 100 93 162 83 30 101 136 109 125 146 81 35 28 61 179 155 92 53 79 13 31 11 64 190 186 6 195 7 165 127 21 119 23 88 148 192 74 95 90 44 164 59 41 198 12 126 200 71 116 38 123 37 98 39 191 43 117 20 50 58 60 56 154 188 65 122 135 51 18 55 62 178 85 75
138: 91 157 189 177 24 184 72 187 103 129 124 89 149 69 113 70 82 102 139 107 22 94 32 34 45 46 118 4 169 57 49 150 33 132 86 14 105 166 9 104 78 140 1 87 26 143 17 173 110 156 111 42 158 25 180 8 120 27 131 19 174 170 73 52 112 167 15 144 181 185 199 175 141 183 128 2 133 36 153 161 5 115 172 130 194 76 134 48 121 114 84 160 29 159 97 66 176 196 138 77 142 152 193 40 83 67 137 3 162 99 147 197 54 108 96 68 63 16 163 186 182 10 145 151 100 109 168 79 106 155 179 146 47 31 125 92 90 101 81 80 64 53 30 28 93 11 171 74 35 119 190 61 136 148 192 6 13 7 23 165 195 127 44 95 164 59 88 123 41 200 21 116 12 38 71 198 126 58 37 43 39 191 98 20 117 50 65 60 154 56 188 122 18 135 55 51 62 85 178 75
139: 113 34 140 22 187 57 94 177 132 169 91 72 69 32 87 118 45 89 166 104 102 139 156 33 105 46 49 86 189 110 124 9 150 129 173 107 70 1 103 14 149 4 82 157 143 131 24 184 26 133 84 159 172 161 199 183 181 176 121 180 15 36 144 120 42 158 115 52 112 134 153 48 167 73 111 174 8 185 29 160 5 2 194 141 76 17 27 19 114 128 66 78 175 100 25 54 67 96 168 138 3 108 142 68 137 151 163 162 40 182 145 16 130 196 10 193 83 197 99 63 97 152 170 77 147 93 179 186 31 109 80 155 190 11 79 92 35 146 64 28 61 101 125 53 106 171 47 136 81 30 7 23 192 164 74 127 59 195 165 13 148 90 95 6 119 44 123 88 116 126 198 71 98 117 41 50 21 38 12 200 39 37 43 20 58 191 56 188 65 154 122 60 135 62 55 18 51 85 178 75
140: 124 70 32 24 72 150 86 14 189 177 132 33 45 103 140 156 4 29 46 187 113 173 143 57 69 129 87 169 149 157 166 89 91 104 181 49 102 9 184 34 139 118 26 94 5 82 153 107 110 22 105 17 131 1 36 185 175 134 115 27 144 160 121 199 52 8 66 76 73 183 19 42 133 174 78 48 172 159 180 120 167 84 176 15 158 114 25 112 161 2 194 111 141 128 96 63 97 196 193 145 83 170 68 54 142 40 108 3 182 197 138 99 147 130 10 163 100 151 137 152 168 16 67 162 77 146 28 92 93 61 155 106 80 35 11 101 47 171 190 31 53 79 64 81 179 136 30 109 195 125 186 90 7 6 44 165 95 192 13 23 88 127 148 164 119 74 12 59 21 41 38 126 116 198 200 71 123 20 65 98 50 60 191 122 39 58 37 43 117 188 154 56 135 55 62 18 51 178 85 75
141: 70 156 140 132 91 9 82 32 87 102 118 107 33 124 189 103 139 157 49 26 72 1 46 57 177 143 94 113 187 86 184 173 105 104 129 149 24 14 22 34 89 110 194 150 169 69 45 4 166 114 174 144 159 66 181 29 120 160 36 172 84 27 199 131 8 111 185 115 48 112 52 167 76 141 134 2 78 158 153 183 17 176 42 163 121 5 175 161 25 15 180 73 133 19 92 168 196 128 99 145 152 67 162 16 197 77 130 96 83 3 142 54 100 97 40 138 63 151 147 182 193 108 68 10 137 61 35 170 47 125 28 79 179 11 190 146 31 30 136 171 106 101 109 81 186 155 80 93 64 53 6 13 90 148 164 95 127 74 88 165 119 23 195 192 44 7 12 59 123 41 21 71 126 116 38 200 43 198 58 39 37 117 98 50 20 191 60 65 154 56 122 188 135 55 18 51 62 178 85 75
142: 32 157 139 49 26 143 87 177 150 46 69 33 4 110 169 24 129 187 57 103 189 124 140 149 9 22 102 173 184 113 89 72 94 118 156 34 86 14 105 45 1 166 104 82 107 91 183 132 70 141 185 134 131 180 73 133 159 167 128 25 84 29 76 2 176 112 66 115 175 19 174 16 114 78 36 170 27 161 144 48 8 160 194 158 121 181 17 120 42 153 199 52 15 172 111 5 168 68 151 145 63 67 40 152 108 130 10 96 147 182 97 99 3 138 193 196 83 137 100 54 163 197 77 142 162 11 53 171 31 136 146 35 155 61 80 106 64 186 81 190 109 92 30 79 93 28 47 125 101 179 148 74 13 23 95 165 127 195 44 7 88 192 90 164 119 6 126 21 117 38 41 200 116 71 59 123 198 12 20 50 39 191 37 43 58 98 122 56 188 65 60 154 18 51 62 55 135 85 178 75
143: 1 14 22 9 166 184 91 103 107 57 124 173 104 89 33 143 177 129 157 72 113 4 94 187 70 105 139 132 26 32 86 87 169 45 82 24 149 46 110 189 140 34 49 69 156 118 102 141 150 36 17 174 27 185 2 167 8 121 159 172 176 151 25 15 153 114 84 111 73 76 175 134 66 158 133 181 180 42 199 194 115 52 160 161 120 183 5 131 144 128 112 48 29 78 19 97 137 130 193 67 68 197 77 138 142 162 83 108 182 3 100 99 152 168 40 54 10 170 147 163 63 196 16 31 145 96 30 93 136 109 81 11 6 13 146 125 64 155 101 61 79 106 47 28 190 179 186 53 171 92 35 80 7 164 74 165 127 192 88 23 95 195 198 90 119 44 148 59 116 126 41 123 200 12 21 71 38 39 191 98 37 58 50 117 43 20 65 154 188 122 56 60 55 62 18 51 135 85 178 75
144: 169 132 1 184 103 129 110 87 24 94 72 32 34 166 69 4 113 49 82 46 139 177 91 124 107 102 14 70 105 57 9 86 33 89 26 104 189 118 156 22 150 157 143 173 187 140 149 45 15 161 131 8 133 78 120 25 19 128 52 121 183 159 134 175 172 36 112 194 17 66 115 76 2 158 153 114 84 185 42 111 144 29 180 176 5 174 181 48 199 73 160 167 141 83 27 197 145 170 80 193 151 137 163 3 63 182 147 152 99 142 97 108 100 16 96 40 54 162 168 130 196 68 138 77 28 10 67 125 31 186 101 53 30 155 106 190 79 136 146 92 47 109 171 64 35 93 11 13 61 81 179 44 164 6 7 23 119 148 192 195 165 74 88 127 95 90 126 21 116 41 123 59 12 200 198 71 38 191 39 37 98 43 117 20 50 65 58 122 188 154 60 56 135 18 51 55 62 178 85 75
145: 9 4 187 86 184 139 102 105 57 45 189 124 49 110 72 132 34 166 177 94 150 173 70 143 103 129 118 89 87 169 22 104 32 156 157 14 107 46 121 140 66 24 82 33 113 69 8 111 91 149 26 1 134 115 175 172 5 84 15 141 78 120 159 194 29 17 73 114 167 48 2 180 161 112 199 19 181 160 176 183 133 185 27 52 174 25 76 42 128 153 36 158 144 131 151 197 97 83 67 100 68 168 63 16 138 3 40 196 147 77 162 130 137 108 99 96 170 163 152 182 10 142 54 193 145 136 190 81 109 186 61 106 171 179 146 53 125 11 92 64 101 80 35 79 93 155 30 47 28 31 88 74 119 23 127 95 164 165 192 195 44 90 7 6 13 123 38 148 116 198 41 59 200 126 12 21 71 191 50 117 37 65 98 20 43 58 122 39 188 56 154 60 18 62 135 55 51 178 85 75
146: 82 69 132 45 124 72 46 143 70 102 105 32 14 166 139 173 187 86 184 107 140 1 91 76 49 22 157 26 104 9 118 156 57 149 94 33 129 4 103 169 24 89 150 87 177 189 34 113 110 15 141 131 66 133 111 172 199 183 185 114 194 153 73 2 144 115 168 36 42 128 158 25 121 17 78 174 176 29 8 180 112 175 159 181 27 84 19 48 120 167 134 52 5 161 160 163 40 100 97 83 77 108 147 152 196 138 137 68 197 99 162 145 54 10 170 182 130 16 63 67 3 193 142 96 151 47 64 92 125 155 186 109 171 30 93 35 80 11 79 28 53 146 61 179 101 136 31 106 190 192 81 164 165 74 119 13 88 148 23 44 195 127 6 7 90 95 198 12 59 38 116 123 200 21 71 41 98 126 117 37 39 191 58 50 43 20 154 65 122 60 56 188 51 135 55 62 18 85 178 75
147: 82 45 4 70 89 157 1 175 129 113 139 118 140 72 110 14 46 105 104 27 103 102 112 156 22 149 26 177 86 34 57 187 169 166 24 91 32 69 33 150 132 189 124 9 173 94 184 49 87 143 107 141 158 80 17 2 8 84 42 180 144 15 73 128 52 78 153 76 114 172 48 133 167 160 54 25 66 115 5 176 194 29 111 19 181 185 159 120 183 121 174 36 99 134 161 131 197 193 199 196 145 16 3 100 68 40 96 138 10 170 147 125 83 97 108 63 162 168 137 77 182 67 163 151 142 152 186 130 93 30 179 136 155 35 146 81 11 47 31 106 101 109 79 190 92 28 53 61 171 64 44 148 164 127 165 95 7 119 90 88 74 23 192 41 6 13 195 200 12 123 59 38 126 198 71 21 116 43 191 50 188 117 58 20 39 37 98 122 65 154 56 60 18 135 62 55 51 85 178 75
148: 33 113 139 89 2 157 24 70 140 4 1 86 14 143 118 132 87 45 102 150 110 94 105 124 57 103 69 120 149 129 156 189 26 91 173 187 177 107 184 72 32 104 46 169 34 82 9 22 49 29 27 166 183 25 158 52 42 141 66 19 174 84 17 176 128 112 181 114 159 78 160 167 115 153 111 73 15 76 36 5 161 175 180 8 121 131 48 185 134 144 172 194 133 199 147 96 99 151 54 67 142 138 68 182 137 162 83 10 77 170 3 152 163 97 108 179 40 130 168 93 197 100 16 193 196 145 63 79 47 53 109 125 186 35 155 31 146 190 28 136 101 80 81 64 30 171 106 11 61 92 127 165 23 74 6 148 7 164 90 195 13 192 95 21 44 119 88 198 38 126 116 71 59 12 200 41 123 43 50 39 191 20 154 37 98 117 58 60 122 188 56 65 62 51 135 18 55 85 178 75
149: 46 149 70 91 87 184 177 32 173 1 22 103 14 4 143 9 132 49 107 26 169 86 118 157 189 140 94 89 139 72 82 156 102 124 57 34 187 110 105 150 166 69 19 113 33 45 104 129 24 112 114 158 76 144 180 66 111 48 194 8 141 29 153 161 199 160 73 128 174 2 36 27 133 42 175 131 115 15 17 5 167 181 120 78 121 183 52 84 159 185 25 172 83 54 134 176 163 63 170 77 152 100 108 142 151 182 99 16 68 10 145 138 130 197 96 67 137 3 40 168 147 196 193 190 97 162 79 35 125 136 47 61 30 28 11 109 171 155 92 106 101 64 53 179 81 93 31 146 186 80 44 6 88 195 119 90 23 165 192 148 95 13 7 164 127 74 38 116 12 123 198 126 41 21 71 200 59 58 98 37 39 20 43 117 154 191 65 50 122 56 188 60 62 55 135 18 51 85 178 75
150: 49 118 91 70 32 140 4 45 177 24 157 110 46 113 107 89 86 104 69 87 173 139 105 9 72 26 143 82 14 34 150 1 94 166 189 184 103 124 22 57 169 102 129 33 187 42 156 25 149 132 29 112 181 111 73 134 66 2 153 8 27 199 158 84 15 167 114 183 175 36 115 131 76 159 176 161 185 120 160 5 19 128 141 133 170 144 180 172 194 78 121 52 48 174 17 83 63 10 152 142 109 67 68 108 130 163 182 151 162 137 96 54 97 168 197 100 145 196 3 193 147 40 64 99 77 16 138 53 155 179 28 81 11 106 79 31 125 186 30 146 195 92 93 35 101 61 171 80 190 136 47 74 165 148 95 44 192 90 7 71 164 6 127 119 88 23 13 200 21 59 12 126 116 41 198 38 123 20 39 98 117 58 191 50 37 43 65 154 188 60 56 122 51 62 55 135 18 178 85 75
151: 69 139 107 91 113 143 118 87 4 57 104 82 86 94 102 177 22 70 49 110 166 124 14 24 45 184 187 34 129 149 173 1 103 132 157 72 140 189 26 105 9 150 33 156 32 169 46 89 8 36 133 19 111 2 52 112 84 15 141 48 160 183 194 174 5 181 25 199 153 142 17 114 115 175 29 172 131 167 66 27 185 134 158 121 159 128 180 42 161 120 73 144 78 176 162 197 76 97 193 99 182 10 83 137 100 152 130 138 151 67 168 68 145 16 196 96 163 40 108 3 170 147 54 63 77 35 79 125 146 64 31 171 101 47 30 92 179 53 11 164 80 81 61 93 136 186 28 190 106 109 155 195 90 44 7 95 23 74 119 13 165 127 148 88 6 192 12 126 38 116 21 59 123 71 198 41 200 117 20 191 50 98 37 43 39 122 58 188 60 65 154 56 55 51 18 62 135 85 178 75
152: 87 166 91 46 103 124 120 143 104 177 1 113 118 110 156 9 24 14 33 102 22 139 107 184 105 173 82 34 26 69 189 86 45 89 149 169 4 129 32 70 132 150 157 187 94 49 57 72 140 199 175 133 76 25 48 153 174 29 17 159 172 114 194 5 167 36 160 141 42 52 181 15 185 183 144 121 78 158 180 66 73 8 128 112 19 176 134 115 131 111 27 161 2 84 170 68 3 138 96 197 16 99 47 100 168 151 67 182 108 54 162 163 10 142 137 193 130 196 77 147 63 97 145 152 40 146 83 11 61 106 136 30 109 28 35 81 93 179 155 95 79 80 125 92 186 31 53 190 64 171 101 74 6 88 119 13 195 44 23 7 165 164 192 126 127 148 90 123 200 59 198 38 41 21 12 71 98 116 58 43 191 39 50 37 117 20 65 188 56 122 55 60 154 51 18 135 62 85 178 75
153: 187 91 104 173 46 113 4 89 9 34 33 87 1 124 72 140 82 102 139 69 156 26 110 49 114 25 45 94 105 22 150 107 103 70 132 32 169 129 157 143 177 149 14 66 86 57 118 189 24 167 17 84 166 184 112 121 111 183 8 131 180 153 194 36 159 48 176 134 174 172 29 120 78 52 115 73 160 144 141 128 133 158 185 76 5 175 19 2 199 15 42 27 181 161 100 182 68 67 96 108 163 193 3 77 97 40 151 54 170 168 63 130 142 162 138 106 196 16 147 53 10 83 137 99 197 145 152 109 11 28 35 31 155 61 146 101 136 92 30 64 47 125 93 81 179 186 171 80 79 190 74 127 165 195 148 88 95 6 44 164 192 119 23 21 13 7 90 123 38 198 71 41 126 200 116 43 39 59 12 191 117 50 98 20 58 37 188 154 122 65 60 56 55 18 135 51 62 85 178 75
154: 157 143 94 156 173 150 139 105 118 160 166 26 129 91 107 169 149 132 177 24 57 69 89 102 33 22 86 113 14 4 110 49 9 87 124 70 187 184 140 189 1 45 46 32 161 82 103 72 34 104 181 175 153 42 131 17 185 48 29 194 25 66 27 76 141 174 152 176 158 115 2 134 19 133 167 52 128 8 144 180 114 5 120 183 199 78 172 40 36 84 73 111 15 112 159 145 151 121 99 130 137 11 182 196 147 10 197 63 3 163 138 100 97 168 96 68 142 54 193 83 16 101 77 108 93 170 162 67 80 53 35 171 92 155 190 146 106 186 81 179 61 28 47 125 136 64 79 31 30 109 74 195 88 44 119 7 13 164 127 148 90 6 95 192 23 12 165 126 123 71 116 21 38 41 198 200 59 37 58 20 191 43 117 39 50 98 60 154 56 122 65 188 62 55 135 51 18 178 85 75
155: 189 173 184 139 24 33 118 1 46 104 14 70 94 140 72 124 82 156 69 107 32 34 26 103 86 105 113 45 187 89 57 177 132 149 102 161 110 133 22 91 150 143 5 49 87 169 4 9 166 129 157 15 160 17 19 84 183 78 174 185 199 159 153 111 36 27 194 76 2 181 52 144 134 29 48 172 114 112 121 115 180 25 131 158 167 176 73 120 8 141 42 175 66 128 10 100 152 151 138 83 99 145 97 163 193 170 68 67 197 162 147 108 142 137 196 168 96 3 77 63 182 40 130 16 54 186 53 31 179 109 13 79 106 136 146 61 35 80 93 30 101 64 92 81 171 155 125 28 190 47 11 192 23 195 127 95 44 74 164 6 90 88 165 148 119 7 116 123 38 71 126 198 41 59 200 12 21 50 43 20 39 98 58 191 117 37 56 122 188 60 154 65 51 62 55 135 18 85 178 75
156: 139 113 157 132 110 129 184 24 103 91 189 72 177 32 22 45 94 105 57 149 107 166 9 89 70 102 26 86 69 82 2 118 169 173 87 104 156 49 46 140 14 124 143 150 187 4 34 33 1 66 172 29 128 180 36 174 115 158 25 144 175 176 15 112 52 17 114 19 27 160 78 5 181 161 134 133 111 185 120 84 73 131 48 194 153 8 121 141 199 159 167 42 137 76 183 151 163 130 142 68 3 100 108 145 147 63 193 97 170 16 182 67 99 197 10 40 162 83 168 30 96 77 152 196 146 138 28 61 54 186 92 93 81 171 47 190 155 101 31 64 136 125 179 35 11 106 109 80 53 79 23 74 6 127 90 164 119 95 195 165 13 148 192 7 44 200 88 126 21 38 12 71 198 116 41 59 123 20 117 98 50 37 58 43 191 39 135 60 122 154 188 65 56 55 62 51 18 178 85 75
157: 150 72 82 89 34 149 94 49 105 177 157 70 87 33 45 26 189 140 118 9 107 113 91 22 132 1 14 187 129 104 173 57 124 156 48 24 32 69 143 4 110 169 103 17 102 86 184 166 19 139 46 131 2 25 134 52 73 185 176 133 180 160 161 144 15 153 181 159 115 8 76 121 128 167 36 174 194 158 114 66 78 175 29 199 197 111 120 84 112 141 162 99 5 27 42 183 172 163 147 3 152 63 83 40 137 96 10 138 151 54 108 168 97 196 77 193 100 182 67 170 16 145 142 68 130 61 186 79 109 190 155 179 125 80 92 171 81 35 136 146 64 93 101 7 30 31 106 11 28 53 47 192 148 165 164 195 119 74 44 95 88 6 90 23 127 13 59 41 126 71 116 12 21 200 38 198 123 39 37 50 58 98 43 117 191 20 60 65 188 154 122 56 135 62 18 55 51 178 85 75
158: 187 72 105 82 34 94 132 169 45 143 184 177 91 57 69 1 26 166 14 70 24 189 150 140 103 87 124 104 32 118 4 129 33 89 173 157 22 149 46 110 156 9 139 160 113 102 49 107 86 194 29 144 8 176 5 131 159 111 73 52 158 27 167 175 66 128 153 134 199 112 115 25 42 78 141 174 36 161 2 180 114 19 185 84 76 120 97 15 121 181 183 133 48 172 17 163 138 77 130 152 100 16 10 96 168 193 99 142 170 108 197 137 147 81 151 54 68 196 145 3 162 182 67 40 63 83 109 28 80 101 155 47 106 136 79 30 64 93 31 35 179 92 186 61 190 171 125 11 74 53 44 146 165 192 164 7 23 127 195 90 88 13 95 148 119 6 71 126 21 116 123 41 200 59 12 38 198 191 98 43 60 154 39 50 37 58 117 20 65 122 188 56 18 55 62 135 51 178 85 75
159: 157 169 113 104 86 45 140 72 189 107 187 105 22 1 118 82 69 124 94 46 177 103 91 132 70 49 143 9 34 166 110 26 173 184 57 33 32 150 24 89 139 87 149 102 156 14 4 144 129 128 185 8 160 133 159 131 111 29 174 19 176 66 114 141 134 121 181 15 158 48 84 25 78 153 115 172 183 112 17 2 175 167 161 120 36 27 52 76 42 180 5 73 68 199 194 196 168 99 152 130 63 163 170 182 137 16 10 108 197 147 151 96 97 67 77 100 40 142 138 145 162 106 3 54 83 193 136 186 179 28 92 53 81 30 64 80 125 171 109 79 146 47 61 190 31 101 93 35 11 88 155 95 195 192 7 148 90 23 44 164 165 198 74 6 127 13 119 126 12 116 59 38 200 41 71 123 21 39 58 191 37 50 43 98 20 117 188 65 122 60 56 154 62 55 135 18 51 85 178 75
160: 102 103 9 70 33 94 187 124 49 194 72 189 45 132 1 177 34 24 150 107 149 91 46 82 129 143 157 89 140 156 14 173 26 184 86 22 139 118 104 166 69 105 4 183 57 113 87 32 110 169 128 180 172 115 160 161 48 176 27 141 121 175 153 199 42 36 159 78 17 25 114 84 29 111 167 181 52 5 120 131 185 8 76 134 112 66 2 19 174 158 15 83 73 144 99 133 54 108 67 170 142 145 137 197 147 40 196 100 168 77 16 96 151 152 162 182 68 190 63 138 3 193 10 163 97 130 61 30 35 125 136 31 171 11 146 81 64 101 53 179 155 93 186 80 79 92 47 28 106 109 90 6 148 165 88 74 195 13 127 95 192 23 119 44 7 164 126 21 71 116 198 38 41 12 200 123 59 117 20 43 39 50 191 37 98 58 154 60 188 65 56 122 62 18 55 135 51 178 85 75
161: 91 46 22 103 70 102 184 156 140 113 107 82 169 129 49 124 26 87 157 45 4 118 150 189 110 14 139 57 94 89 72 132 173 166 187 105 24 9 34 32 1 69 104 86 33 143 177 111 167 149 114 128 131 159 115 134 161 5 84 17 36 174 181 27 48 2 66 25 172 141 147 183 52 8 199 144 194 40 158 73 185 19 133 152 176 29 120 78 121 180 153 193 112 76 160 175 15 138 97 42 170 16 108 145 142 137 130 67 168 10 196 96 162 163 182 54 151 63 77 68 197 83 179 3 100 99 190 47 61 92 109 53 155 186 125 64 80 31 93 30 106 79 35 101 81 146 11 136 171 28 74 23 41 165 90 192 195 13 6 88 95 127 7 119 148 164 44 12 126 198 71 123 21 38 59 116 200 20 39 58 37 117 50 43 98 191 60 65 122 56 188 154 62 51 55 135 18 85 178 75
162: 132 173 22 169 34 140 104 24 103 4 189 86 149 124 33 107 129 157 89 94 32 14 70 87 166 102 72 156 177 45 110 118 82 187 113 184 143 26 73 69 9 139 49 46 150 1 57 91 160 105 158 134 172 66 29 17 141 76 36 25 114 19 144 112 8 78 48 133 176 131 196 185 181 111 52 128 194 153 42 2 115 120 5 121 159 175 167 199 183 84 15 180 138 27 174 108 161 145 197 3 67 182 147 16 162 96 63 130 40 142 97 193 83 99 163 168 68 152 54 106 137 170 151 10 77 100 125 92 136 64 93 31 79 47 61 30 53 35 81 101 28 155 80 11 171 109 186 190 146 179 95 13 90 127 74 195 44 165 164 23 6 88 148 192 119 7 38 200 126 71 116 198 59 41 12 21 50 123 37 98 39 58 117 191 20 43 18 122 154 65 56 60 188 135 62 55 51 85 178 75
163: 104 132 139 45 177 89 140 49 187 169 46 143 33 173 87 103 82 94 124 91 1 69 113 194 149 150 9 157 24 107 110 72 105 14 26 102 70 189 22 118 129 34 25 86 166 57 32 4 156 184 29 176 128 183 15 144 114 174 141 158 8 5 2 167 115 172 121 180 161 153 175 120 111 19 133 17 78 131 42 112 76 199 27 52 84 185 181 73 36 159 134 48 66 160 163 145 152 63 162 100 196 170 68 96 138 77 3 10 193 99 130 168 97 83 142 151 147 40 16 197 108 67 106 54 137 182 125 81 79 31 28 11 30 92 136 80 109 64 93 155 171 47 190 179 35 186 146 101 7 53 61 195 148 127 13 165 192 164 95 6 119 44 88 90 23 74 116 21 12 71 41 126 198 123 59 50 38 200 58 37 43 98 39 117 20 191 122 60 188 154 56 65 62 51 55 135 18 178 85 75
164: 69 22 94 132 82 49 150 167 169 105 91 113 184 104 33 45 173 102 9 166 4 87 124 149 187 32 129 1 46 86 156 24 107 110 89 72 34 189 70 14 103 157 140 26 131 143 111 128 177 139 57 158 118 199 181 159 27 153 5 42 134 180 29 121 160 84 48 15 19 112 36 17 183 114 25 141 161 120 144 172 2 147 73 133 194 185 66 76 8 163 176 78 52 115 175 96 174 54 152 40 130 196 10 108 170 16 68 106 197 168 142 137 151 97 63 99 100 93 3 83 182 138 77 193 162 67 145 92 31 136 47 146 35 61 171 30 179 64 28 190 125 53 11 101 186 81 109 155 79 80 23 126 44 165 88 13 195 127 7 95 119 90 192 164 6 74 59 148 116 71 41 198 21 12 38 123 200 50 37 39 20 98 58 43 117 191 65 188 60 56 154 122 55 51 18 62 135 178 85 75
165: 140 87 139 69 166 173 129 82 113 187 177 189 150 70 157 110 169 86 105 45 24 124 29 102 72 118 91 9 22 89 143 1 115 33 26 128 49 34 94 184 57 114 156 4 104 176 46 107 32 133 73 103 132 149 15 14 183 66 144 185 175 167 2 25 134 141 159 27 121 153 76 52 84 111 181 120 145 36 78 160 174 199 158 42 112 131 48 180 17 8 194 172 19 137 5 83 161 196 130 100 77 68 108 16 163 40 162 99 152 151 96 182 146 54 63 97 168 93 138 147 142 67 197 170 193 3 171 81 10 106 64 80 35 190 47 53 136 179 92 11 186 30 31 79 125 109 28 61 101 155 6 165 90 23 127 7 195 192 13 74 44 119 148 95 88 12 164 71 200 21 116 126 38 198 41 59 50 123 37 39 98 20 43 58 191 56 117 60 188 65 154 122 135 51 18 62 55 85 178 75
166: 150 187 94 110 70 157 14 24 132 86 104 22 149 91 184 129 4 107 46 57 32 118 103 33 89 189 124 69 140 87 72 169 105 166 113 9 45 26 173 82 49 139 102 156 177 34 141 143 1 175 66 183 8 19 52 73 153 25 5 194 17 181 114 180 131 134 115 36 161 42 120 76 172 174 29 128 78 15 27 112 160 185 121 158 199 133 176 144 48 167 84 111 2 159 145 193 54 151 138 68 197 40 96 196 77 63 130 163 16 99 182 100 168 10 97 162 108 3 170 67 152 142 83 186 137 147 109 190 93 119 125 106 81 179 101 53 30 7 28 92 11 80 171 79 31 136 146 61 35 155 47 64 95 23 90 127 6 88 13 195 164 74 44 192 165 148 21 12 38 41 126 116 71 200 59 198 123 20 37 98 191 117 39 50 43 58 188 154 60 65 122 56 62 55 51 135 18 85 178 75
167: 72 49 14 140 143 32 166 124 46 34 169 70 45 89 187 57 86 105 184 107 173 118 22 1 87 24 150 132 4 189 149 110 129 157 102 82 69 156 113 94 103 26 9 139 27 91 104 33 177 112 172 158 174 185 42 76 199 17 121 36 159 115 176 175 180 183 8 160 167 133 131 161 29 141 25 128 73 120 78 84 15 144 134 19 48 194 181 2 52 153 5 66 99 114 3 193 111 168 163 196 10 54 108 147 63 197 83 40 100 170 162 16 138 182 68 130 67 77 97 145 152 137 142 151 96 106 92 31 47 61 53 146 101 11 79 155 30 136 93 125 28 64 186 81 171 190 179 80 109 95 35 90 13 44 7 165 164 74 127 88 119 195 23 148 6 192 198 38 59 21 126 71 116 200 123 12 41 37 58 39 20 191 43 50 117 98 122 56 60 65 188 154 62 55 135 18 51 85 178 75
168: 86 140 45 110 49 32 22 150 70 72 82 156 177 184 166 143 103 149 187 169 34 69 94 24 87 104 173 91 89 46 33 26 139 57 105 113 4 9 17 172 157 118 189 132 102 124 107 14 1 129 115 36 162 42 128 153 131 180 19 29 133 175 159 160 25 27 176 48 121 5 194 144 185 66 114 78 174 8 52 120 161 181 76 141 183 168 15 199 134 111 84 112 73 158 167 2 96 97 196 193 67 68 138 16 147 151 83 146 54 182 137 170 163 3 99 63 100 197 10 142 77 80 145 130 179 152 40 108 31 30 61 190 136 11 81 101 47 186 64 155 92 125 171 53 93 106 79 109 35 28 23 148 6 90 88 119 192 195 164 165 13 7 74 44 127 95 198 12 38 116 41 200 71 126 21 123 59 50 98 117 43 20 58 191 39 37 65 154 56 188 60 122 51 18 62 55 135 85 178 75
169: 82 139 149 57 113 156 1 69 46 86 132 33 34 166 9 177 150 45 70 124 32 103 140 107 118 26 173 91 184 49 22 129 4 24 42 143 94 169 72 14 104 110 87 19 187 89 105 189 102 73 157 36 133 48 194 29 134 5 78 199 180 160 25 8 175 52 120 15 115 159 185 167 17 76 158 174 27 161 144 2 84 183 128 141 181 111 114 131 66 176 153 40 130 112 172 121 196 138 162 125 182 97 96 3 77 68 163 63 193 197 10 67 147 151 145 99 16 137 28 108 168 152 170 54 142 83 100 93 155 61 109 35 80 171 47 106 101 31 190 53 30 136 92 81 179 64 146 79 11 186 127 23 95 44 164 148 74 90 119 7 13 6 192 165 195 88 71 126 12 38 41 116 59 58 21 123 200 198 37 43 98 117 50 20 191 39 154 60 65 56 188 122 18 55 62 135 51 178 85 75
170: 4 9 94 24 132 14 156 26 129 110 140 169 124 52 49 72 34 113 107 139 70 69 166 104 187 45 22 91 173 1 157 102 103 105 82 86 57 89 32 46 118 66 177 150 189 87 149 143 33 184 176 42 73 183 144 180 84 111 78 185 15 8 199 158 115 181 175 133 121 167 120 48 5 141 112 131 128 29 153 134 159 36 194 27 17 25 160 172 174 19 161 2 76 114 145 3 147 68 96 152 162 197 168 138 97 196 16 130 54 170 163 100 142 193 99 67 40 108 63 182 77 83 137 109 10 151 125 101 92 179 28 53 31 190 171 146 155 47 80 136 11 93 79 119 186 30 81 106 64 35 61 6 23 95 192 165 164 7 13 127 44 195 74 148 90 88 126 116 38 200 12 59 21 41 198 71 123 98 20 50 191 58 39 43 37 117 122 56 60 188 65 154 51 55 62 135 18 178 85 75
171: 9 139 45 156 177 102 32 143 89 113 104 1 46 173 187 86 140 132 87 189 159 57 107 94 150 129 169 72 184 149 110 157 49 22 24 82 118 14 105 33 124 103 34 166 69 91 70 26 4 172 167 29 141 25 19 121 73 131 5 170 120 36 176 180 52 183 27 17 185 42 84 15 48 128 76 115 66 97 199 111 78 175 8 181 158 2 133 174 114 194 153 160 112 144 161 134 145 162 108 151 99 163 138 83 147 168 54 10 130 137 197 77 68 30 152 96 3 100 63 142 196 67 193 182 40 16 35 171 179 64 186 146 79 136 61 80 81 106 11 47 101 53 190 165 92 28 31 109 155 125 93 195 95 74 90 88 119 7 6 13 12 116 164 71 44 127 192 23 148 126 59 198 200 41 38 21 123 117 43 98 20 39 58 37 50 188 191 154 56 122 65 60 135 62 55 18 51 85 178 75
172: 157 105 9 110 102 46 103 89 33 69 26 184 124 149 49 139 24 32 113 94 173 70 104 45 91 118 14 150 72 86 140 143 132 1 87 82 22 57 156 5 177 166 129 169 187 34 107 4 189 134 17 48 133 158 76 42 2 29 183 8 19 153 185 115 52 27 175 114 25 111 193 176 121 15 141 131 180 159 199 181 128 78 112 167 172 160 84 36 194 161 120 73 144 66 174 3 151 100 63 196 130 97 10 182 145 168 16 54 83 170 68 96 77 67 162 80 197 138 99 152 108 147 163 137 142 53 40 92 64 47 93 11 155 81 125 28 127 79 31 30 35 109 101 171 179 106 44 190 146 136 186 61 90 195 88 95 6 13 165 192 23 119 7 148 164 74 123 71 126 38 12 198 59 200 41 21 116 191 50 20 43 117 98 58 37 39 188 60 122 56 154 65 18 51 135 62 55 85 178 75
173: 72 82 57 34 22 9 110 139 87 4 166 150 157 113 70 86 149 49 156 132 45 1 140 169 94 103 24 69 177 118 105 46 189 26 187 124 91 173 107 143 129 33 89 102 14 104 184 32 27 114 78 15 42 144 112 185 25 174 180 73 19 183 160 8 120 111 181 199 141 172 76 5 158 153 29 161 108 36 167 2 115 128 84 52 176 17 131 194 159 66 134 121 48 175 100 133 54 138 99 67 145 40 83 170 152 193 196 147 3 197 142 130 96 77 137 163 182 151 10 168 162 97 16 63 68 79 171 125 155 61 53 190 31 109 101 146 11 92 80 28 64 186 93 136 30 179 81 47 106 35 23 119 192 7 6 44 88 164 148 74 127 90 95 195 13 165 200 198 126 59 116 123 12 21 71 38 41 117 37 50 20 191 39 58 98 43 154 122 56 60 188 65 18 135 55 51 62 178 85 75
174: 57 149 1 4 150 139 46 110 49 118 105 177 189 113 89 140 143 107 157 45 91 132 86 156 103 87 14 32 169 104 94 124 180 102 70 184 24 129 26 22 82 33 69 166 34 9 187 72 42 173 36 153 29 25 111 112 158 199 133 115 8 141 121 27 185 175 2 176 84 78 15 48 52 120 5 68 144 160 66 161 183 194 17 172 73 19 128 114 159 174 76 131 167 181 193 134 67 170 138 151 163 197 16 54 63 100 3 130 99 147 142 10 108 77 168 162 182 97 96 145 136 83 196 152 40 137 35 47 11 125 190 79 92 186 101 179 31 171 53 81 93 61 30 106 28 155 146 109 64 80 164 148 192 127 23 6 88 195 44 95 7 119 165 74 13 90 200 123 12 71 116 38 126 21 41 59 198 20 50 58 43 39 37 98 191 117 65 56 154 60 122 188 55 51 62 135 18 178 85 75
175: 149 69 107 189 70 22 105 46 166 113 86 157 82 36 187 156 129 72 45 49 4 110 124 139 26 102 33 87 94 32 132 34 9 57 150 1 118 143 104 169 24 89 91 14 173 84 140 48 177 184 111 103 52 8 183 131 133 42 121 17 25 114 160 153 158 172 19 159 5 194 115 167 27 76 2 15 66 175 134 181 141 29 199 144 78 112 180 73 161 176 174 185 120 128 168 54 137 142 16 182 68 83 108 101 138 130 152 100 99 3 77 151 145 40 125 67 96 197 10 170 193 63 196 97 163 162 79 147 186 106 47 11 136 30 146 81 92 28 80 109 64 35 171 190 31 61 179 155 53 165 93 148 192 90 195 44 7 95 13 127 74 119 164 23 6 88 21 116 41 59 123 71 38 198 200 126 12 37 20 39 43 50 191 58 117 188 98 65 154 56 60 122 55 135 62 18 51 85 178 75
176: 149 14 9 24 82 105 166 89 91 57 104 129 143 72 49 103 32 1 102 181 157 113 187 46 140 176 94 184 189 45 118 132 87 150 110 139 169 124 70 26 34 107 156 144 69 86 22 33 173 4 158 153 177 175 2 141 159 114 29 180 185 76 66 17 25 19 172 36 5 133 73 8 52 120 121 111 134 174 194 99 27 15 84 128 42 199 183 131 115 161 160 108 167 48 112 78 193 54 182 196 96 147 100 197 138 162 151 152 67 3 171 63 97 109 163 83 130 168 77 170 10 142 145 40 16 137 68 53 47 101 146 136 61 125 30 35 64 81 92 79 80 28 190 179 186 31 11 106 93 155 192 195 148 95 44 119 164 165 88 74 127 13 7 90 6 23 41 116 126 123 200 38 198 21 71 12 59 58 50 37 39 20 191 98 43 117 56 122 154 188 65 60 62 135 51 55 18 178 85 75
177: 49 94 169 140 32 87 150 1 69 159 26 166 45 139 189 102 57 46 91 103 157 177 42 124 14 110 24 118 9 129 4 89 187 34 107 113 149 72 156 33 143 132 86 105 184 70 104 22 173 36 161 82 29 111 181 15 183 174 27 19 25 153 114 52 120 175 78 167 133 73 84 5 8 176 172 112 115 168 128 134 158 131 121 144 66 194 17 76 180 141 2 199 48 160 97 163 185 155 145 83 130 63 100 193 142 3 96 40 68 54 152 77 10 108 170 151 138 197 182 67 16 99 162 147 137 11 179 196 31 79 92 35 190 64 106 28 61 101 47 30 171 186 146 136 81 80 53 125 109 93 7 119 148 44 192 127 95 88 165 195 6 13 90 23 164 74 59 123 37 38 126 71 116 41 200 21 12 198 20 191 117 43 98 50 58 39 65 56 122 154 60 188 135 62 55 18 51 178 85 75
178: 89 105 49 34 110 69 22 140 113 26 91 57 169 139 1 4 94 118 132 129 14 107 46 45 82 103 86 9 173 166 24 102 124 189 187 72 104 184 177 157 112 32 70 156 33 149 87 150 143 111 167 158 17 5 25 78 159 181 131 66 199 180 121 36 29 120 194 141 153 27 185 73 52 114 115 174 175 42 48 84 15 134 144 172 183 161 2 19 76 8 128 97 133 68 160 176 77 3 182 193 137 63 100 40 130 145 170 16 147 54 83 168 163 99 142 197 196 108 138 152 162 151 96 67 136 10 146 30 81 179 35 190 92 64 106 61 79 186 28 47 93 171 101 80 155 53 109 125 11 31 23 7 74 192 88 6 164 195 165 13 127 95 148 119 90 44 71 198 59 126 12 38 21 116 200 41 123 43 98 50 37 117 191 39 20 58 60 122 188 56 154 65 18 51 55 62 135 178 85 75
179: 32 139 118 26 149 46 177 82 49 103 173 129 86 166 104 89 102 143 72 107 140 9 157 183 189 132 184 70 124 57 14 105 34 69 4 91 169 87 45 24 22 33 94 156 150 110 187 5 113 147 1 120 84 36 167 19 42 153 181 76 199 196 134 141 25 185 133 115 27 160 161 17 52 8 111 159 15 2 174 158 66 78 180 112 144 172 48 176 29 194 131 68 128 121 73 175 114 10 130 67 3 163 54 145 96 151 197 99 100 137 83 16 193 182 63 142 108 40 168 138 77 97 162 152 170 11 106 155 190 80 28 171 35 179 92 31 61 81 64 186 109 101 136 146 53 93 30 79 125 47 90 74 44 164 148 13 7 127 95 119 23 6 192 195 165 88 126 117 198 38 71 116 123 59 21 12 41 200 43 191 20 39 50 58 37 98 56 188 65 60 154 122 51 62 135 55 18 85 178 75
180: 139 169 4 156 22 57 9 189 1 14 110 45 140 26 107 105 102 166 143 132 87 129 89 70 187 157 32 69 82 103 124 184 49 173 149 34 24 91 113 167 150 118 177 94 33 25 54 86 68 42 46 72 104 17 141 48 115 181 15 121 153 175 66 114 133 120 8 131 29 199 180 183 10 174 76 5 78 134 161 111 160 144 52 84 194 159 158 73 176 19 128 185 27 2 182 147 112 172 36 99 145 3 96 63 77 108 16 40 193 197 142 97 152 196 162 67 130 137 138 100 170 83 151 125 163 171 168 186 179 93 80 81 30 155 35 31 101 28 88 53 11 92 64 190 146 136 79 47 106 61 109 23 119 165 74 13 95 7 44 195 90 6 192 148 164 12 127 21 198 200 59 71 38 116 123 126 41 39 20 37 58 56 98 191 50 43 117 154 122 60 188 65 18 135 51 55 62 85 178 75
181: 89 9 156 177 129 87 14 69 132 32 124 49 57 139 118 45 143 86 1 34 94 107 72 157 166 149 187 113 76 103 102 189 24 140 184 91 70 104 110 22 176 4 173 169 33 150 141 26 46 82 105 29 36 5 73 144 183 120 134 185 158 175 25 52 199 153 83 66 131 194 84 15 115 172 112 111 19 121 133 2 167 159 48 174 161 42 128 114 40 152 180 27 78 160 181 8 17 196 3 138 168 54 145 130 96 197 193 147 10 63 163 142 100 182 108 170 99 137 77 162 97 109 151 16 68 67 186 30 93 81 28 92 125 47 190 146 155 35 31 53 136 171 80 11 106 61 64 179 101 79 164 148 95 127 23 90 165 119 88 7 74 192 195 13 6 44 200 126 12 38 59 71 123 198 21 116 41 58 43 117 50 39 37 98 20 191 154 65 60 18 56 188 122 55 51 135 62 85 178 75
182: 32 169 105 82 14 150 49 72 1 69 33 34 22 118 70 177 189 187 45 184 104 143 129 86 26 4 173 87 132 110 149 166 89 94 9 91 156 140 103 124 139 107 113 24 57 185 102 157 160 194 46 167 134 84 133 153 172 111 131 174 29 66 141 2 52 158 73 27 181 199 5 144 128 175 76 78 17 112 114 176 15 120 115 161 48 183 25 180 8 159 19 121 36 152 42 100 163 40 138 96 137 97 77 142 125 170 193 196 182 147 151 68 3 197 168 162 130 10 145 108 54 99 16 67 83 63 101 92 136 35 109 61 79 93 28 186 53 171 146 11 30 31 190 64 155 80 47 106 179 81 6 74 164 95 165 90 119 44 23 148 127 13 88 192 7 71 195 41 59 38 198 123 21 126 12 116 200 37 43 39 98 191 20 117 58 50 65 122 154 60 56 188 51 18 62 55 135 178 85 75
183: 104 110 103 45 184 132 9 24 82 143 129 34 22 91 187 1 113 89 124 14 105 26 33 86 46 139 87 150 118 57 102 131 169 177 4 157 140 149 107 94 32 70 72 156 69 166 49 189 167 173 8 73 52 172 194 176 5 15 84 115 185 160 121 144 36 159 78 25 181 19 175 111 66 42 2 112 40 114 76 153 27 133 29 174 158 161 199 48 120 128 183 134 54 142 17 180 63 152 141 163 197 138 193 16 3 137 147 10 77 145 97 100 96 168 162 108 130 151 68 196 170 182 99 67 83 101 155 81 109 93 92 11 136 61 190 79 47 106 64 31 30 28 53 125 171 179 80 146 192 186 35 7 119 148 165 13 95 126 74 6 44 23 164 195 127 88 90 71 116 12 200 38 123 59 198 21 41 191 39 117 58 98 37 50 56 20 43 154 65 188 122 60 51 62 55 18 178 135 85 75
184: 113 57 26 157 150 118 4 86 166 94 102 46 87 24 82 14 1 33 105 9 177 69 132 143 91 22 103 169 184 107 104 78 72 189 149 32 173 49 156 140 45 34 187 70 89 110 139 112 124 114 129 185 131 2 73 84 161 159 5 115 27 133 8 15 158 199 17 141 172 76 36 25 181 19 153 66 144 134 120 29 67 167 175 128 174 121 52 42 176 48 160 183 194 111 99 180 163 96 152 40 142 182 196 162 97 147 16 83 138 54 100 193 10 68 63 197 137 151 170 3 145 168 108 77 31 130 28 179 171 35 136 30 125 81 101 7 190 186 109 92 79 47 64 155 146 93 61 53 106 11 192 80 13 90 6 74 127 23 195 44 119 148 88 95 164 165 12 41 126 200 21 123 71 59 38 198 116 50 117 58 191 98 39 43 20 37 122 154 56 60 65 188 51 62 55 135 18 85 178 75
185: 173 139 87 110 69 89 187 45 124 22 107 140 131 177 129 49 132 72 14 104 33 166 184 169 105 91 149 103 46 113 9 143 118 4 156 24 86 150 102 57 1 70 26 32 82 94 2 157 34 189 25 78 73 161 180 84 128 52 141 174 172 115 153 42 76 48 112 160 66 27 167 19 121 176 29 158 133 181 15 8 183 159 175 108 36 111 144 114 5 194 185 134 199 17 162 120 163 137 170 93 182 138 168 96 196 97 67 100 63 99 197 147 151 83 10 130 68 77 3 80 145 16 193 40 54 142 146 152 136 125 53 106 101 11 155 179 92 171 186 31 30 109 190 61 81 47 64 35 28 79 127 44 23 90 7 164 6 119 13 88 165 95 148 126 74 195 192 41 12 116 123 38 59 21 71 200 198 20 43 98 39 50 191 37 117 58 188 56 60 154 122 65 55 18 135 62 51 85 178 75
186: 14 86 33 187 189 184 166 24 49 150 156 157 124 22 173 91 57 103 149 177 45 110 26 34 169 46 102 32 89 1 118 107 70 69 87 82 129 9 132 72 94 139 185 183 143 104 105 140 4 113 8 5 128 48 160 114 84 144 175 141 15 161 29 194 112 115 66 167 25 78 180 73 19 42 76 36 153 174 52 120 172 133 199 158 2 121 159 131 134 111 17 176 27 181 138 137 63 168 152 163 130 54 151 193 182 10 68 3 40 97 83 96 196 108 145 100 142 99 147 16 170 31 77 197 186 67 162 109 80 125 106 11 53 101 93 64 146 155 28 30 92 136 61 171 47 190 179 79 35 81 127 7 44 164 165 119 23 195 6 95 192 74 148 88 13 90 41 21 126 12 116 71 200 38 123 198 59 117 191 98 43 58 39 50 37 20 65 56 122 154 188 60 55 62 51 18 135 178 85 75
187: 1 157 110 102 132 32 177 14 166 103 86 184 156 49 107 149 118 24 9 113 124 187 140 89 139 169 104 91 94 150 143 82 34 87 57 189 72 70 46 129 4 26 45 48 105 22 172 33 69 36 173 121 141 27 183 144 120 78 25 17 133 167 128 174 176 153 159 52 66 131 8 115 2 111 15 5 42 84 19 158 134 73 175 185 194 160 181 180 76 112 199 29 152 161 114 77 168 97 196 54 63 83 197 130 147 16 67 40 142 68 162 182 10 151 163 145 108 170 137 3 193 96 138 99 100 171 81 53 11 79 28 101 146 31 64 35 30 93 155 92 47 179 136 125 109 61 186 190 106 80 164 88 13 192 195 23 6 74 127 119 44 165 7 90 148 95 41 198 59 38 71 116 123 126 12 21 200 43 39 58 117 50 98 56 20 191 37 60 122 154 65 188 51 18 135 55 62 178 85 75
188: 173 89 124 46 86 166 139 70 32 103 113 49 104 69 189 110 143 72 82 118 184 140 150 129 177 157 1 105 34 14 169 57 132 26 24 33 9 156 91 4 45 87 187 22 94 131 149 102 107 52 76 19 114 141 8 42 27 172 174 73 158 183 84 167 159 144 66 160 121 115 5 78 194 36 29 161 134 112 111 185 2 17 120 181 199 15 176 153 162 128 48 25 180 175 133 100 138 63 152 3 83 130 67 163 54 151 196 99 147 137 168 77 10 145 68 182 142 80 197 96 40 93 16 193 47 97 170 108 64 155 171 11 136 179 190 92 31 30 53 106 79 146 61 81 186 109 125 35 101 28 7 164 13 74 44 6 23 90 148 95 165 127 119 192 195 88 198 12 123 126 50 21 116 38 39 200 41 59 71 58 37 98 20 117 43 191 154 65 56 188 122 60 55 18 135 51 62 85 178 75
189: 132 177 124 26 87 89 34 173 1 169 4 105 82 57 9 94 102 139 91 24 72 86 149 22 113 8 46 45 107 49 70 84 104 184 187 156 110 143 129 189 14 103 118 69 33 166 140 157 150 32 52 112 78 161 114 111 167 182 194 160 36 180 128 175 159 153 158 17 73 76 134 115 2 48 121 185 5 66 42 3 183 25 199 181 27 144 174 176 172 131 29 19 141 15 97 133 99 162 120 193 40 77 147 67 68 168 152 108 163 151 54 63 83 170 10 142 138 96 100 145 197 196 16 137 146 130 79 179 155 44 81 92 30 125 64 31 80 47 186 109 93 11 28 61 106 171 101 190 53 136 35 90 119 95 6 148 192 88 23 127 165 13 7 74 164 195 198 116 12 126 38 123 41 59 21 200 71 191 43 39 37 117 58 98 50 65 20 188 122 56 60 154 55 135 62 51 18 178 85 75
190: 82 189 57 86 173 110 156 105 166 9 46 33 132 169 34 69 140 45 1 129 184 107 72 149 139 91 157 14 89 124 94 4 24 113 187 118 104 32 29 102 143 150 87 26 103 49 70 161 2 177 22 121 181 175 112 199 66 78 153 144 25 134 194 36 19 48 131 176 120 160 27 159 42 115 5 128 111 141 180 114 158 133 183 73 15 8 172 76 17 52 84 167 174 185 137 193 142 196 138 83 97 16 152 77 197 3 130 40 67 68 108 10 100 96 64 162 182 170 63 168 163 145 54 147 99 30 151 101 80 35 125 93 186 190 92 171 79 106 155 47 146 61 28 109 11 136 31 81 179 53 127 74 119 164 90 95 44 165 13 6 148 88 195 7 192 23 123 198 12 21 38 191 71 41 200 126 59 116 98 43 58 37 50 117 20 39 60 65 122 56 154 188 18 51 55 62 135 178 85 75
191: 69 157 173 143 82 160 46 149 24 107 33 45 103 87 94 9 118 26 91 177 156 72 132 86 89 129 49 113 4 166 139 70 161 34 1 22 104 140 184 169 110 124 14 57 102 189 150 187 32 17 105 36 175 185 183 2 180 52 199 48 128 167 15 158 159 112 172 76 5 131 181 121 138 176 66 8 111 134 29 141 84 194 144 153 78 115 133 73 42 114 25 19 27 120 174 196 151 182 40 142 83 168 77 54 152 3 162 63 125 130 137 147 163 193 92 61 100 197 68 97 10 67 96 16 99 170 145 108 106 146 31 35 47 186 171 64 93 179 30 136 109 101 81 11 190 192 80 155 6 79 53 28 127 88 119 74 7 165 195 13 148 95 164 90 44 23 71 38 123 12 198 200 116 41 59 21 126 37 58 43 117 39 20 50 191 98 154 56 65 60 122 188 62 18 55 51 135 85 178 75
192: 102 14 24 110 156 82 169 34 132 49 26 9 118 70 105 22 184 33 57 149 1 140 166 187 124 104 113 4 189 103 32 139 177 94 129 45 91 143 46 150 107 52 157 72 69 173 86 87 89 2 159 194 15 172 73 131 175 42 144 29 114 141 183 112 180 66 5 161 19 27 111 84 158 134 153 8 120 36 25 199 181 160 48 167 176 128 68 121 185 193 115 174 97 133 76 17 78 138 54 197 3 145 163 16 40 147 77 152 170 63 182 108 10 142 100 83 99 168 196 96 162 137 151 47 67 130 179 53 31 30 81 190 11 146 93 186 28 136 106 125 155 92 64 35 80 171 61 79 109 101 148 7 192 13 119 95 90 164 165 195 44 74 6 23 88 127 39 71 41 38 21 198 59 116 200 126 12 123 43 98 20 50 37 58 191 117 65 122 56 188 60 154 51 55 62 18 135 178 85 75
193: 118 173 82 87 124 132 166 57 45 156 91 1 14 102 9 139 113 150 110 140 32 129 107 149 33 72 34 177 187 86 105 104 24 94 70 157 89 103 143 4 49 22 26 169 46 114 5 73 189 69 160 184 120 134 176 144 112 181 19 121 128 84 199 83 158 180 17 131 66 48 153 161 42 174 2 29 133 52 15 167 78 36 141 175 185 8 172 25 76 111 183 27 159 194 100 108 115 3 138 197 137 67 145 10 147 63 193 16 40 130 152 168 170 99 136 68 142 162 97 77 182 151 196 96 163 155 54 80 109 53 93 179 79 61 35 64 92 106 190 47 146 11 125 171 101 31 30 28 186 81 13 74 119 95 127 7 90 6 23 165 164 88 148 44 195 192 116 41 126 21 38 198 71 123 59 200 12 43 20 37 98 50 117 58 191 39 154 65 122 60 188 56 51 55 135 18 62 85 75 178
194: 173 24 139 118 91 169 150 189 187 69 157 49 72 87 177 73 89 184 82 110 27 45 14 26 103 94 70 166 104 156 113 149 5 86 9 22 107 124 1 194 140 4 102 105 57 46 34 132 143 32 33 129 158 78 175 48 114 84 36 172 115 2 8 121 176 199 144 134 167 40 25 52 183 131 76 42 141 15 29 66 160 180 181 120 19 17 153 159 133 161 111 185 128 112 174 130 97 197 100 182 99 193 67 108 96 68 163 137 54 151 16 63 142 138 170 77 3 10 145 196 83 179 168 162 152 147 171 30 28 53 186 35 64 93 92 125 31 47 11 106 61 81 109 146 79 155 190 136 80 101 95 7 165 195 148 74 6 88 44 119 13 23 192 90 164 127 198 38 41 116 21 59 123 200 39 71 12 126 117 20 37 50 98 58 43 191 60 154 56 122 188 65 55 178 135 18 62 51 85 75
195: 45 118 1 113 33 32 69 107 34 150 103 22 72 140 157 70 143 173 129 46 177 89 105 82 189 169 166 102 4 14 24 91 26 57 94 49 110 139 187 9 87 184 128 124 156 132 86 149 104 134 114 158 48 153 36 19 17 176 76 141 66 15 199 144 111 112 131 174 183 133 167 172 161 160 2 115 8 52 185 84 194 42 5 27 181 175 120 180 29 99 73 25 121 78 182 159 193 96 196 68 16 170 40 83 63 197 138 10 163 67 137 147 151 168 142 54 145 97 100 162 3 77 152 130 108 79 30 61 11 109 155 106 31 179 186 171 47 64 35 136 53 93 190 125 101 146 164 81 28 92 23 80 95 90 192 44 6 195 88 7 165 13 12 74 148 119 127 126 59 41 123 38 116 71 198 200 21 43 58 39 20 117 50 191 37 98 122 154 60 188 56 65 51 55 62 135 18 85 178 75
196: 89 9 132 139 34 49 33 107 177 105 110 118 72 46 113 14 103 157 4 169 69 104 1 94 70 87 150 187 124 57 102 45 26 86 149 129 22 52 140 174 91 143 173 82 166 32 158 189 24 184 156 134 66 36 48 8 78 130 73 2 15 181 29 172 185 199 176 27 5 175 194 120 144 76 141 115 153 167 42 128 112 161 159 160 114 111 121 17 170 183 25 84 133 180 19 131 40 182 3 152 145 197 96 99 138 10 168 151 193 67 108 54 63 100 142 97 68 196 163 147 137 77 16 162 83 79 136 186 93 64 28 92 101 80 106 35 109 146 125 30 47 171 81 190 44 31 155 61 53 11 179 90 95 74 127 195 23 6 7 88 165 119 148 13 164 192 71 59 41 12 116 198 38 191 200 21 126 123 58 50 65 37 20 43 39 98 117 188 60 56 154 122 55 62 135 51 18 178 85 75
197: 177 132 107 102 46 87 86 110 173 105 129 140 1 149 72 118 24 113 4 114 9 124 156 187 104 143 91 103 189 32 14 89 33 45 69 70 166 169 184 34 150 94 22 57 26 157 36 49 139 181 82 176 144 128 141 174 180 29 76 199 121 134 27 160 78 111 2 172 115 183 131 158 5 185 17 153 42 25 175 84 73 8 133 63 159 48 52 161 120 19 194 15 167 112 137 66 182 3 142 68 163 83 96 54 196 152 162 97 170 100 147 197 16 130 138 77 40 99 151 67 10 108 193 145 168 146 31 186 106 64 190 195 79 125 164 30 47 28 136 61 11 101 35 53 109 80 92 44 179 93 155 81 171 7 74 127 13 6 23 119 165 88 95 192 148 90 126 12 21 41 38 59 71 198 200 116 123 43 98 50 117 58 37 20 191 39 56 188 154 60 122 65 55 51 62 135 18 85 178 75
198: 46 26 124 57 24 139 177 49 143 184 105 86 32 150 70 14 189 140 82 113 9 173 104 94 22 69 129 4 157 87 89 110 132 118 149 72 1 169 91 33 115 103 34 166 107 102 45 42 156 187 153 114 175 36 167 194 176 5 172 161 2 144 78 121 120 158 182 174 111 8 27 52 84 141 112 19 128 160 185 66 183 199 15 25 76 159 17 48 180 73 181 29 134 133 131 96 16 168 3 151 162 193 145 10 170 163 196 130 68 147 99 40 138 108 63 152 137 142 77 197 97 100 67 35 83 54 28 61 186 109 179 92 125 190 30 81 106 80 64 31 53 79 136 155 101 11 47 171 93 146 13 192 74 164 165 127 95 148 23 88 119 6 44 195 7 90 200 71 126 59 198 41 21 12 123 38 116 20 37 58 98 191 117 50 43 39 154 188 65 60 122 56 51 135 62 55 18 85 178 75
199: 22 4 169 173 113 110 70 14 34 26 46 49 139 132 189 149 86 45 143 156 94 150 72 33 102 124 87 24 107 177 69 140 1 104 129 32 118 9 89 82 105 187 103 184 57 157 166 194 91 134 5 29 128 114 76 176 112 180 66 25 141 181 144 8 121 120 158 19 199 111 172 78 185 183 42 36 133 73 52 167 48 17 27 115 3 2 84 131 160 159 161 15 175 174 153 182 54 155 168 10 163 83 145 97 196 170 77 137 68 108 162 190 67 152 147 16 99 151 197 63 100 193 130 142 40 96 138 179 93 28 31 64 136 61 80 30 101 109 35 92 81 127 11 146 79 125 53 171 186 47 106 44 74 13 88 165 90 195 148 119 192 7 6 164 95 23 12 123 200 116 71 198 59 41 126 38 21 43 58 37 20 98 39 191 50 117 56 188 154 122 60 65 51 18 62 135 55 85 178 75
200: 132 149 33 107 156 26 91 143 169 177 104 1 86 105 129 189 103 150 118 9 49 173 42 4 94 14 72 139 69 102 166 32 57 187 24 185 45 82 70 124 22 46 110 87 113 157 25 34 134 184 140 161 89 194 172 159 73 112 19 2 29 174 66 115 160 144 76 175 8 176 84 153 199 167 36 141 133 5 120 17 181 131 114 121 27 128 15 158 111 52 48 78 180 142 183 77 147 40 67 193 100 99 108 138 54 97 137 63 10 96 163 16 83 196 145 151 130 170 152 168 182 3 197 68 162 47 101 61 92 165 30 179 155 53 146 125 11 35 109 190 171 186 136 93 106 28 64 81 80 31 79 90 74 127 192 88 23 6 164 148 119 195 44 7 13 95 38 123 12 59 41 71 21 116 200 126 198 43 98 20 50 39 191 37 117 58 65 60 188 56 122 154 55 51 135 62 18 178 85 75

Y side (student indices) preferences over X (intuition indices):
1: 108 169 102 29 26 104 110 131 82 69 46 1 9 145 175 107 103 4 176 189 150 113 185 143 14 184 87 187 72 57 140 78 139 149 45 49 157 177 19 167 70 105 132 133 124 120 172 10 92 144 63 119 21 99 96 39 66 141 122 24 192 188 12 147 98 173 18 74 109 23 50 182 56 20 125 36 128 148 71 186 130 138 164 40 129 178 11 2 7 118 151 8 194 80 152 16 91 58 136 77 114 17 35 174 181 168 199 127 48 161 62 154 100 135 171 31 121 179 89 34 79 75 83 84 95 170 33 196 197 55 51 112 81 93 117 59 101 159 60 193 13 183 64 142 88 90 67 153 41 106 42 163 3 22 52 116 134 5 126 190 160 30 156 85 94 97 146 25 86 111 28 61 38 123 137 200 198 73 37 47 54 15 44 166 195 191 115 165 162 53 43 180 68 158 65 155 6 76 27 32
2: 69 82 104 131 169 29 108 175 110 9 102 26 145 107 103 46 1 150 184 4 189 113 143 14 187 185 87 140 176 139 149 78 57 49 72 45 177 157 10 19 124 105 132 172 133 167 70 120 154 162 98 86 153 79 36 109 168 160 151 88 41 54 166 95 121 2 80 134 25 40 47 126 39 96 48 183 197 24 193 122 30 118 83 56 91 138 135 161 7 64 65 6 130 119 16 17 67 117 199 31 60 148 174 152 195 74 33 12 51 63 196 32 37 92 44 179 38 15 188 28 127 180 71 128 173 141 186 55 106 13 89 3 34 142 94 178 137 61 115 76 171 155 85 200 43 84 146 27 8 75 170 198 58 59 164 100 77 35 66 50 116 68 101 93 194 99 163 158 112 129 42 18 191 62 123 192 97 53 159 52 147 73 81 165 22 190 23 21 125 20 182 5 136 156 144 114 90 11 181 111
3: 110 102 131 108 29 26 69 104 169 9 107 46 1 82 145 175 103 113 189 150 4 140 176 143 185 14 184 87 187 72 149 57 49 78 139 45 177 157 120 19 10 167 132 70 105 133 124 172 44 92 85 123 58 73 27 198 60 74 80 13 154 183 164 191 37 194 100 195 71 161 5 97 31 50 3 95 88 99 119 75 129 59 151 39 125 111 136 86 153 137 142 21 146 188 93 179 192 186 91 2 40 200 64 33 135 83 20 43 63 30 121 171 193 170 12 68 76 116 48 155 122 98 134 178 53 106 89 16 22 36 77 56 141 173 166 34 6 8 181 160 61 156 196 152 115 117 94 15 199 96 18 126 17 118 138 182 109 163 66 23 32 38 54 47 180 190 84 101 67 168 7 11 42 128 127 165 147 51 174 158 159 112 25 197 65 148 41 79 52 24 114 28 35 62 130 90 162 55 144 81
4: 145 26 169 110 46 82 9 131 104 29 102 175 113 1 69 108 107 103 143 189 150 87 4 187 14 184 185 149 140 176 78 139 57 49 72 45 177 157 172 132 120 70 105 124 10 167 133 19 130 86 115 60 173 48 81 20 168 61 186 91 129 144 162 161 44 179 98 160 18 33 43 28 15 51 197 137 3 118 121 58 155 111 97 158 135 93 36 90 156 174 89 2 68 11 17 39 94 138 127 136 85 53 171 106 109 166 116 12 188 13 134 192 77 128 67 96 7 5 119 181 199 194 178 54 198 23 41 92 30 73 152 34 80 21 62 88 74 52 37 55 163 66 76 195 165 153 151 122 63 79 193 190 84 183 154 32 56 148 59 83 64 100 38 16 42 24 117 125 47 126 6 141 182 180 25 114 31 159 200 22 71 65 123 50 75 146 35 164 95 191 170 196 8 27 112 147 40 99 142 101
5: 131 175 82 104 46 102 110 169 29 26 145 108 103 9 69 1 107 150 87 143 4 113 139 189 187 185 184 57 14 140 149 176 72 78 49 45 177 157 133 172 10 19 167 70 105 132 120 124 63 66 22 174 42 67 162 38 163 64 47 51 135 191 59 36 6 34 73 88 123 100 182 137 31 95 91 79 192 101 96 98 37 93 200 32 116 158 160 148 121 173 197 61 166 8 41 62 117 193 33 23 153 130 154 138 40 194 68 15 58 54 27 25 89 97 81 114 181 74 142 152 127 164 52 144 195 118 155 129 11 180 28 43 190 2 90 171 50 119 186 151 18 55 24 77 5 84 83 141 178 134 146 16 48 136 53 80 65 21 199 159 111 161 30 7 13 12 198 99 86 56 3 39 156 183 76 94 75 92 147 44 128 20 188 168 17 122 60 112 165 170 35 179 115 125 71 106 109 126 85 196
6: 26 108 110 69 175 1 29 102 82 131 9 169 145 104 107 46 103 150 4 143 185 187 87 14 113 184 189 57 140 78 72 49 176 139 149 45 177 157 19 124 120 132 133 105 70 167 172 10 8 194 37 181 31 168 171 71 64 80 32 21 137 146 90 36 59 99 65 190 117 84 191 195 112 83 33 192 91 164 68 27 15 94 101 56 28 179 2 115 13 127 147 63 12 54 125 134 97 116 160 48 162 67 158 42 178 92 152 199 86 121 122 166 197 51 47 81 25 154 128 41 148 61 74 100 88 156 66 142 119 55 138 20 170 23 183 173 34 153 186 106 111 58 43 40 196 200 123 174 11 96 161 136 35 53 30 50 24 135 180 114 44 163 159 6 3 77 93 109 89 126 73 130 182 155 22 75 118 193 141 16 17 18 39 188 85 7 76 198 38 165 62 52 5 129 79 151 144 60 95 98
7: 69 29 26 46 145 175 169 82 110 104 102 107 9 131 150 1 108 113 103 189 187 4 143 140 14 185 87 184 49 78 176 72 57 157 149 139 45 177 10 70 167 124 105 120 133 19 132 172 106 79 174 22 190 170 47 161 25 76 156 6 75 11 56 39 118 121 85 53 168 188 20 193 92 195 165 198 186 32 152 166 52 116 127 100 3 182 64 171 34 160 111 129 91 122 33 181 123 93 63 13 38 114 16 94 21 62 159 90 71 128 86 126 61 151 59 60 89 158 144 42 135 28 142 73 112 23 54 31 48 44 164 141 96 196 180 136 41 138 84 173 154 66 192 35 18 191 117 74 17 8 179 137 162 65 194 51 50 37 99 67 58 109 146 101 130 197 77 199 134 178 5 147 81 27 15 88 97 183 55 2 43 68 95 148 24 36 155 163 40 80 12 30 200 119 115 83 98 153 125 7
8: 184 102 29 46 69 131 175 145 169 110 9 104 82 1 108 26 4 103 107 113 189 150 143 187 14 87 185 140 78 57 139 176 149 72 49 45 177 157 132 167 105 120 172 70 133 124 19 10 115 179 191 90 22 64 123 7 81 162 181 41 61 58 23 153 183 96 51 165 100 159 30 37 117 2 31 33 63 12 55 198 182 48 188 91 27 44 192 186 16 56 35 197 196 13 128 171 6 11 125 39 99 67 109 95 60 20 178 98 129 151 32 152 130 163 36 93 83 38 50 86 8 77 174 121 166 158 146 3 112 97 168 24 118 17 15 114 75 73 84 119 52 85 144 135 136 89 156 65 161 141 199 195 200 106 194 180 116 28 54 154 74 137 76 62 53 94 88 126 47 5 40 134 147 138 111 25 71 160 101 79 21 43 34 80 164 68 173 190 122 66 42 193 142 59 148 127 18 92 155 170
9: 175 108 9 69 102 169 145 26 110 1 82 104 29 131 107 46 150 113 103 4 143 185 189 187 78 140 87 57 139 184 14 149 176 72 49 45 177 157 133 132 167 124 120 105 19 172 70 10 160 156 142 148 92 24 64 96 7 65 55 40 77 99 33 118 39 97 174 171 94 37 152 80 35 164 73 85 98 83 141 144 17 61 153 81 90 163 196 59 190 159 100 166 158 178 134 126 95 182 162 136 117 36 68 11 128 44 179 186 122 34 74 154 66 115 50 147 135 38 12 138 56 192 79 27 3 125 5 151 137 155 109 31 168 76 91 194 84 129 116 52 71 13 53 127 112 51 16 22 48 173 191 28 195 67 60 198 180 21 86 200 130 161 119 18 199 63 181 23 89 15 25 47 165 6 197 2 193 114 58 111 146 75 32 41 8 121 30 188 88 170 93 183 106 123 101 54 20 43 62 42
10: 1 46 108 169 69 26 104 102 82 131 175 29 110 145 103 4 9 107 187 150 113 143 184 87 185 57 49 14 189 140 78 176 72 149 139 45 177 157 120 70 172 167 10 133 19 124 132 105 122 39 163 151 144 17 97 38 16 62 95 12 142 134 128 94 168 33 41 20 31 174 80 65 196 180 198 86 119 40 98 147 112 63 152 35 27 25 5 83 13 136 183 85 164 158 7 74 130 34 81 91 66 90 192 109 154 135 79 84 118 126 30 76 2 117 52 55 178 67 18 191 188 6 47 165 64 99 58 43 181 194 68 93 115 101 96 60 61 77 89 141 146 153 44 92 36 162 100 15 59 56 37 21 161 88 42 197 190 53 116 200 155 129 186 127 8 148 199 111 121 3 51 71 50 159 48 195 28 73 123 22 160 11 125 32 106 166 193 173 54 75 182 138 156 114 179 24 23 170 171 137
11: 104 29 107 175 108 82 102 46 169 131 9 145 26 69 1 110 150 103 113 143 4 184 187 189 87 139 185 14 140 57 176 49 149 78 72 45 177 157 133 105 132 70 172 19 10 124 167 120 136 153 109 90 164 138 181 48 74 198 20 55 142 178 137 111 36 188 158 135 40 88 58 134 71 159 154 123 144 68 173 93 37 81 96 3 116 196 50 54 199 43 180 51 79 119 171 114 183 182 190 193 151 195 6 200 32 39 53 197 80 16 35 42 52 170 161 106 21 56 85 112 94 17 117 7 125 156 75 163 28 33 5 8 147 77 192 30 160 84 129 121 27 98 2 168 34 165 86 76 141 31 41 122 166 63 59 118 44 152 186 65 67 18 100 99 38 174 60 64 66 91 92 162 97 15 73 89 127 12 13 115 128 130 23 155 24 126 95 83 47 194 146 11 191 25 22 61 179 101 148 62
12: 131 69 145 29 175 102 110 104 46 1 108 103 169 9 150 82 26 187 107 113 4 49 143 184 189 14 185 87 57 140 72 176 78 149 139 45 177 157 105 10 133 124 132 120 70 167 19 172 198 12 24 155 114 37 54 152 96 35 88 25 90 15 111 95 200 165 34 182 44 62 85 151 17 18 109 94 170 53 156 21 28 75 188 81 59 31 121 22 178 174 141 171 3 197 11 125 76 52 127 129 116 7 77 23 181 123 38 71 134 73 50 41 92 67 5 63 194 191 106 60 119 138 51 193 47 164 79 136 32 66 98 112 97 158 86 118 161 153 130 39 147 13 6 128 196 30 137 83 166 64 154 148 55 186 99 84 42 168 58 100 162 183 146 16 2 89 43 199 160 91 27 180 80 56 61 122 192 190 93 68 20 142 115 163 195 101 173 40 179 8 117 48 33 144 135 126 36 74 65 159
13: 131 175 29 104 110 82 46 69 102 145 169 108 26 107 1 9 103 143 113 4 150 185 189 14 140 187 87 184 176 57 139 78 49 149 72 157 45 177 19 70 105 172 132 133 167 124 10 120 63 200 194 40 66 141 180 80 12 32 192 162 161 75 71 144 94 34 158 8 6 62 68 127 36 142 191 93 60 119 171 179 85 91 11 166 152 98 21 13 23 168 178 88 59 138 73 101 25 155 196 154 3 86 44 95 193 197 30 135 148 89 198 126 20 129 92 2 136 100 147 16 83 31 41 47 54 43 67 106 53 33 117 56 125 121 153 190 181 5 163 74 151 195 84 146 27 39 96 18 123 55 76 42 116 130 118 79 51 97 199 22 109 28 37 165 156 170 7 115 35 99 114 122 52 182 174 38 173 90 164 58 15 61 112 77 137 128 159 160 65 81 111 17 24 186 183 188 134 48 64 50
14: 1 9 82 175 145 104 108 110 26 69 131 46 29 102 169 107 103 150 4 113 14 187 143 87 185 184 140 139 189 176 78 57 45 49 149 72 177 157 172 70 133 120 167 19 124 132 105 10 112 24 93 147 44 90 43 156 34 142 28 63 97 3 151 52 197 62 8 35 21 32 68 73 91 2 181 198 178 152 17 182 117 154 31 196 55 6 20 22 65 60 53 134 12 76 199 111 193 59 160 192 51 171 162 138 168 136 75 88 183 188 98 61 37 79 174 40 94 36 148 155 146 58 71 114 81 74 179 56 85 96 129 180 42 15 153 118 109 135 83 25 80 11 125 47 84 163 119 86 186 173 18 190 41 39 115 7 92 159 166 170 106 141 121 122 77 95 137 194 38 66 164 16 30 64 48 130 116 99 13 126 128 165 191 144 195 127 101 158 33 100 123 27 54 50 200 5 89 67 23 161
15: 9 69 169 82 29 143 104 46 110 131 145 1 108 175 26 107 102 113 103 187 4 87 150 49 78 185 14 189 176 184 57 140 72 149 139 45 157 177 10 70 133 132 19 120 124 105 167 172 128 114 36 80 16 127 163 64 146 98 12 13 32 47 54 166 142 126 153 94 160 20 27 193 99 135 165 182 164 123 90 50 40 179 155 52 151 48 35 125 112 43 194 79 66 34 106 97 121 93 38 161 195 6 41 30 75 173 88 2 116 77 96 63 111 171 168 129 154 186 192 158 18 141 152 15 190 11 23 148 138 25 59 89 7 162 134 51 62 17 181 85 147 83 191 71 68 5 109 122 31 183 115 53 91 37 156 44 55 73 95 137 199 24 144 81 74 61 39 58 198 86 22 197 118 136 196 117 3 101 65 170 56 28 33 178 100 92 21 84 8 42 60 67 159 188 119 200 180 174 130 76
16: 46 169 69 9 110 26 175 104 108 1 102 29 145 131 4 107 103 82 150 189 187 143 185 14 113 184 87 176 149 140 57 72 78 139 49 157 45 177 124 167 133 132 172 105 70 10 120 19 128 117 144 17 92 73 118 173 77 142 164 134 27 98 153 71 86 65 168 197 75 74 165 119 6 8 16 94 20 53 5 135 23 200 15 41 180 28 11 97 182 109 192 68 121 137 30 55 152 154 66 158 40 2 193 50 48 161 52 61 159 178 84 36 115 64 181 3 54 196 25 166 81 21 171 112 123 130 89 62 195 190 7 83 162 76 106 147 199 114 93 63 85 129 60 146 174 155 179 183 12 127 51 33 59 141 32 156 80 67 35 38 56 191 151 24 170 99 111 44 160 90 100 188 125 47 37 116 95 126 58 39 18 101 34 31 91 163 22 138 122 13 198 79 96 186 42 88 136 43 148 194
17: 82 110 145 102 46 1 107 26 104 9 29 175 169 131 69 108 103 184 87 4 143 140 150 189 187 113 185 176 14 139 72 57 78 149 49 45 177 157 133 70 105 19 167 10 124 172 132 120 117 93 67 109 118 166 198 90 123 20 21 85 71 76 13 95 197 62 152 190 56 55 18 73 24 27 31 181 6 192 34 91 32 125 36 63 138 89 134 5 127 59 77 136 137 179 153 3 25 28 128 12 43 122 15 106 30 8 86 193 80 97 174 99 182 119 170 160 51 126 74 178 111 161 135 101 165 53 40 42 146 83 41 65 173 50 96 121 163 16 35 11 88 159 156 171 75 81 61 162 38 68 2 98 54 47 148 194 130 191 200 52 84 158 144 154 58 92 37 188 141 23 7 94 64 17 116 79 168 183 196 112 186 39 114 66 180 33 100 147 48 151 115 195 142 155 44 129 60 164 199 22
18: 131 46 102 82 26 108 175 1 169 110 69 145 104 9 29 103 107 113 4 143 150 87 185 184 14 189 57 176 187 78 140 149 72 49 139 45 157 177 132 120 124 105 70 133 172 10 167 19 144 50 109 178 195 123 136 100 3 31 121 61 77 106 129 79 47 75 53 186 127 76 40 36 166 116 67 16 151 63 182 114 35 39 41 147 193 17 89 58 84 21 161 73 174 66 191 85 6 98 44 125 24 30 93 52 142 33 154 54 158 199 171 74 62 23 168 192 43 60 37 122 51 183 194 153 32 34 141 83 130 112 137 163 20 92 55 95 101 8 2 91 7 159 90 146 71 86 94 48 56 196 11 180 188 128 156 117 115 126 190 179 162 155 59 12 15 18 181 64 28 27 152 65 88 111 118 68 99 25 5 198 134 200 38 197 135 119 81 173 170 80 165 22 13 164 42 148 96 160 97 138
19: 46 9 1 26 82 108 29 169 102 131 104 145 69 103 175 110 107 113 14 150 184 189 4 143 87 185 187 149 72 140 176 57 139 78 49 177 45 157 70 124 19 167 10 105 132 172 133 120 54 178 174 125 128 90 188 96 84 3 126 109 66 47 129 196 152 12 183 180 170 116 48 75 15 62 159 94 156 182 195 111 97 34 144 161 63 95 53 13 77 146 130 20 30 162 99 168 24 141 127 191 151 134 56 93 39 199 164 86 36 200 42 61 123 65 121 114 81 153 190 71 192 41 23 5 181 80 79 28 158 43 147 154 16 98 173 85 88 197 44 117 83 17 27 118 33 122 51 89 2 194 142 115 138 166 55 11 6 52 73 68 35 137 148 92 155 40 64 25 38 22 163 32 101 193 171 119 8 31 198 100 67 179 160 59 74 186 50 135 60 91 136 21 37 18 112 106 7 165 76 58
20: 169 9 145 102 46 29 108 110 69 175 104 82 26 1 131 107 184 4 150 103 143 113 87 187 189 185 14 176 49 78 140 72 149 57 139 45 177 157 70 167 120 172 10 132 105 19 124 133 96 155 101 37 16 15 182 43 191 50 144 3 127 88 90 197 12 161 94 141 178 148 39 112 164 162 180 61 84 168 111 156 183 65 86 122 136 134 66 40 2 114 41 8 28 121 76 32 115 64 77 56 109 47 89 38 106 21 24 55 17 36 181 194 62 117 163 54 119 42 200 198 129 34 173 123 35 186 81 146 79 195 80 165 116 138 25 199 22 174 125 91 151 166 75 68 7 196 142 188 52 5 190 154 6 100 51 58 160 152 126 20 130 99 147 48 27 30 171 71 93 95 60 33 74 13 11 159 85 192 170 98 53 137 67 153 158 63 59 31 44 118 97 135 92 193 73 23 128 18 179 83
21: 169 104 145 29 131 175 1 108 26 110 46 143 9 82 102 69 107 150 4 103 140 87 113 189 187 184 57 185 14 139 72 78 176 149 49 45 177 157 124 70 19 10 105 133 167 172 132 120 128 125 136 40 112 156 151 171 50 180 7 66 74 98 17 162 32 48 109 68 55 42 11 138 144 170 5 21 188 161 36 75 56 158 147 37 129 183 43 190 174 100 96 8 197 93 88 53 193 47 181 173 84 23 91 31 3 155 25 81 116 51 30 39 126 186 95 118 146 16 196 77 94 117 101 65 194 97 137 191 61 119 154 121 64 182 152 20 13 63 115 111 60 86 89 54 166 92 114 122 198 195 22 168 141 148 34 142 90 44 163 35 135 27 41 134 164 33 15 76 24 192 73 2 165 199 130 58 123 99 59 12 179 71 18 106 85 159 62 160 67 83 79 38 127 52 200 178 153 28 80 6
22: 1 104 145 29 46 26 175 110 9 131 169 108 102 82 69 107 113 103 87 4 150 78 139 185 72 143 14 184 187 189 140 176 149 57 49 177 45 157 120 70 132 133 10 19 172 124 167 105 36 118 137 173 106 12 153 18 89 188 165 85 25 127 199 74 58 98 100 6 136 51 155 144 195 138 119 22 56 96 122 180 39 28 194 130 66 17 42 64 178 93 2 168 198 27 71 94 40 147 115 191 33 186 11 154 196 31 16 152 109 164 47 80 111 73 38 182 65 61 63 159 21 53 112 128 30 174 179 141 62 101 156 125 75 50 55 114 197 77 170 76 91 126 99 190 24 135 8 5 81 117 32 68 88 84 20 181 151 37 200 193 97 90 43 44 83 15 123 13 146 3 59 54 134 163 162 7 171 192 60 35 95 161 116 142 41 79 52 48 121 183 67 160 86 23 166 34 129 148 92 158
23: 145 102 108 104 131 175 46 26 110 82 69 1 9 107 29 169 103 150 187 4 189 113 87 143 14 184 185 49 78 176 140 57 139 149 72 45 157 177 124 19 167 70 133 172 10 132 105 120 166 33 151 164 61 117 75 81 192 188 58 98 85 65 35 147 173 115 91 73 23 198 195 21 80 106 197 142 41 128 30 39 50 168 8 11 123 119 160 170 174 62 100 130 137 71 92 25 101 55 13 15 31 20 99 64 146 52 2 134 37 40 162 28 42 178 36 32 76 7 165 196 18 159 153 12 112 38 194 56 141 181 129 125 51 121 179 93 22 199 190 144 171 95 16 77 54 193 63 122 200 180 34 89 94 90 116 53 186 88 156 97 161 27 111 84 155 138 3 83 152 43 60 148 182 158 118 127 109 114 79 154 5 47 191 96 59 126 17 68 136 67 163 48 24 183 44 66 86 74 135 6
24: 108 145 175 169 1 131 69 107 29 104 110 9 102 26 82 46 4 150 103 113 57 87 143 187 14 189 185 149 184 176 140 139 78 72 49 45 157 177 70 105 172 133 132 10 124 167 120 19 194 135 34 159 174 73 63 37 190 111 123 93 74 15 130 95 116 142 138 122 62 20 127 154 38 126 162 44 50 106 181 164 119 136 100 79 182 33 161 67 200 61 180 109 155 28 3 160 89 88 75 171 129 55 56 77 16 59 65 99 115 27 22 101 86 21 60 96 183 2 144 137 17 91 68 118 166 192 158 199 197 92 146 141 32 54 71 128 53 165 23 195 83 163 94 84 66 6 198 125 193 40 58 112 148 170 76 31 147 8 25 98 30 12 156 152 36 85 191 97 52 178 13 7 35 186 114 81 153 117 188 90 51 151 24 5 43 39 11 196 47 134 121 80 173 48 41 42 179 18 168 64
25: 69 110 103 26 175 131 169 108 102 1 29 145 82 9 104 46 4 113 176 150 87 107 143 189 14 139 185 140 184 187 57 45 49 78 72 149 177 157 133 167 70 124 172 120 19 132 105 10 98 99 7 40 194 48 165 191 67 59 81 156 11 35 183 166 179 21 61 137 37 155 186 17 200 125 151 199 126 158 58 33 114 71 8 100 89 12 88 127 118 28 2 36 30 64 38 112 25 52 92 164 190 121 97 129 168 116 192 147 18 16 90 74 182 20 130 170 43 178 47 63 163 196 32 83 160 93 180 54 91 80 6 134 68 173 111 142 84 106 39 193 53 65 148 27 188 101 115 197 24 66 73 3 171 5 152 198 122 117 135 13 94 23 181 136 77 51 144 153 95 161 60 85 76 195 162 75 55 119 141 22 138 50 62 44 123 15 174 79 86 34 56 159 109 96 128 154 31 146 41 42
26: 104 9 82 145 169 108 175 107 46 1 26 69 29 110 102 131 103 87 113 4 150 143 14 184 189 187 185 149 72 140 78 57 176 139 45 49 177 157 172 105 10 19 124 132 120 133 167 70 138 182 60 84 98 47 180 68 186 64 23 168 144 65 174 109 90 106 52 27 183 156 77 142 118 41 96 51 88 171 63 28 35 56 192 173 170 161 11 81 151 5 101 178 73 24 30 115 36 122 33 193 86 67 190 39 20 164 194 146 93 130 127 129 191 162 112 166 74 97 153 17 43 54 154 95 111 34 12 141 160 100 6 61 13 198 121 126 128 37 123 92 80 59 15 50 16 62 38 163 58 165 7 18 2 134 53 71 114 147 148 152 197 117 42 119 3 55 136 125 83 199 155 158 179 32 200 159 137 91 89 22 76 79 99 181 66 25 85 188 31 75 94 195 21 116 40 8 44 48 135 196
27: 145 175 110 82 103 102 169 46 26 29 104 1 69 9 108 131 107 143 150 4 185 184 113 87 189 187 140 176 14 149 78 72 57 139 49 157 45 177 124 10 132 133 120 70 167 172 105 19 73 166 92 193 53 64 122 75 117 156 155 153 84 192 24 159 127 56 51 182 170 13 79 97 47 3 86 42 125 173 95 74 31 22 35 194 50 198 89 100 77 60 138 44 119 62 111 11 30 152 96 190 99 28 71 195 181 48 168 81 20 154 37 21 126 94 93 180 136 174 179 63 196 121 52 109 76 130 162 25 147 41 106 191 68 88 34 178 7 158 85 91 199 134 66 5 164 80 16 161 65 38 171 144 146 15 142 188 2 116 36 200 112 165 6 128 183 135 98 8 151 129 148 40 101 160 115 23 12 186 59 17 90 61 118 39 114 54 123 55 27 197 163 83 32 67 18 141 137 43 33 58
28: 175 104 145 110 29 1 169 102 108 26 82 9 131 143 69 46 107 150 103 113 4 87 189 140 187 14 185 78 184 149 57 49 176 139 72 45 157 177 70 10 124 133 19 132 120 167 105 172 191 128 182 92 122 79 55 30 180 109 63 64 118 38 13 83 178 23 16 36 198 197 137 146 155 22 192 35 186 41 165 51 93 21 97 174 76 158 123 164 12 130 190 60 58 114 188 39 151 127 56 88 161 106 115 94 65 152 156 117 144 81 141 37 43 89 163 148 59 181 77 153 159 8 101 183 61 84 119 195 135 200 44 54 86 48 147 5 11 96 95 73 40 24 196 53 31 138 67 121 112 126 142 99 71 160 100 17 168 3 166 85 27 62 173 194 68 18 32 154 129 98 7 111 193 171 125 179 66 42 91 162 170 136 75 116 34 2 52 74 15 6 134 47 90 25 33 50 199 80 20 28
29: 1 131 104 82 9 110 175 69 46 145 26 108 29 107 102 103 169 4 150 185 113 143 140 87 57 189 14 187 139 176 184 149 72 78 49 45 157 177 105 133 19 172 167 132 120 10 124 70 134 90 121 191 96 109 17 52 193 182 100 128 91 188 71 12 151 136 147 40 64 95 142 2 130 196 183 41 16 62 192 11 125 85 127 37 137 55 31 88 84 68 21 98 23 101 197 35 135 195 6 122 81 83 146 99 171 181 65 166 163 173 13 50 43 200 148 155 198 180 3 156 66 111 119 161 53 15 93 94 48 186 54 152 141 42 39 115 79 199 154 190 60 174 144 179 5 30 56 67 158 194 73 58 18 22 162 168 51 63 89 178 118 32 97 74 61 116 153 34 117 160 129 27 138 76 59 47 92 123 106 20 38 112 77 165 24 164 44 75 28 25 80 36 170 86 33 8 126 114 159 7
30: 9 104 26 82 175 102 131 110 1 29 108 145 69 169 140 46 103 150 107 4 187 189 113 14 185 87 143 57 184 176 78 72 149 139 49 45 157 177 10 133 167 105 124 70 120 132 19 172 118 43 182 28 60 156 197 128 39 95 67 13 117 12 121 85 183 144 134 127 192 18 160 111 181 178 71 159 36 152 174 165 65 50 199 53 37 6 99 24 5 31 179 11 25 153 15 196 68 137 48 170 193 168 38 88 148 34 77 147 97 54 98 93 41 126 200 3 109 116 76 40 190 115 158 161 142 123 27 130 32 21 119 75 106 66 164 154 90 74 146 136 89 84 59 91 112 86 56 141 166 33 58 96 122 125 194 138 17 100 16 101 163 114 80 198 180 191 186 2 62 83 44 55 94 30 79 81 92 171 61 52 20 35 173 23 73 195 188 135 22 63 64 51 129 47 151 162 7 42 155 8
31: 46 169 145 9 131 175 107 110 69 1 102 108 82 104 29 4 26 113 103 150 143 189 185 87 14 140 187 184 57 176 78 72 149 49 139 157 45 177 124 105 10 19 167 133 132 120 70 172 94 83 61 5 2 53 199 16 42 73 17 60 99 183 52 127 141 97 109 55 196 91 137 194 93 147 144 58 111 33 186 31 13 48 192 63 197 173 41 22 164 171 158 27 160 170 126 44 30 8 138 95 123 51 23 195 18 153 119 12 36 11 190 122 128 40 162 114 71 68 7 165 188 193 163 89 77 116 32 88 92 129 100 38 154 118 74 98 125 81 142 56 112 156 62 15 152 20 146 79 47 24 3 66 35 101 75 159 180 106 161 191 37 174 6 136 59 148 86 155 179 151 198 200 135 64 181 115 178 121 21 25 34 84 50 168 182 28 54 117 43 85 76 80 96 39 130 134 67 65 166 90
32: 108 9 46 26 169 82 145 107 102 131 110 175 29 104 69 103 1 4 150 113 143 87 189 185 187 149 14 184 140 57 72 176 139 45 78 49 177 157 172 132 105 120 167 70 133 10 124 19 168 67 170 23 44 99 153 63 162 36 129 54 192 111 118 151 90 15 22 188 148 198 181 79 125 195 100 130 18 34 179 121 13 12 178 58 47 171 180 8 50 142 89 135 64 98 182 41 197 84 7 80 35 51 83 92 27 60 38 65 165 161 96 193 158 24 128 16 112 127 155 66 97 164 55 6 28 144 2 52 40 11 166 17 154 48 116 71 191 114 160 81 73 126 68 146 147 136 115 194 163 61 91 101 141 137 122 5 134 20 106 183 30 109 95 173 152 94 199 200 56 159 37 53 85 42 62 156 86 174 117 190 3 21 186 75 77 123 33 88 76 93 31 39 138 119 196 59 32 74 43 25
33: 110 145 1 104 46 131 29 175 26 107 82 69 108 169 9 102 4 150 103 143 113 184 14 87 187 185 189 139 140 57 72 149 176 78 49 157 177 45 19 167 70 105 120 124 133 172 132 10 196 174 52 134 13 183 38 20 99 122 193 153 16 168 92 95 17 64 182 73 128 199 90 63 42 119 117 98 54 163 200 24 160 18 190 71 25 59 109 30 86 77 135 161 76 91 58 43 34 32 194 65 191 85 3 83 51 84 155 159 61 112 39 74 2 23 101 179 170 50 152 116 125 197 123 31 192 156 162 12 180 33 106 89 97 5 154 136 6 158 60 100 47 148 173 127 137 141 166 147 115 186 79 8 164 15 118 11 142 53 198 151 81 67 111 56 68 62 88 44 7 80 66 55 48 40 96 195 21 94 36 41 93 138 126 130 27 37 178 35 144 22 121 75 171 165 28 129 114 181 188 146
34: 82 69 169 110 102 108 46 29 9 1 145 104 26 131 175 107 103 150 4 87 113 185 143 187 184 14 57 189 78 140 149 72 176 139 49 45 177 157 19 10 105 124 133 132 167 172 70 120 15 21 44 92 117 183 159 198 52 180 141 11 94 60 36 53 127 16 137 106 122 144 154 91 17 66 118 24 51 80 85 200 2 6 126 164 158 178 42 194 99 128 130 39 37 35 90 25 71 193 191 171 3 28 121 40 73 136 55 148 93 31 97 174 161 142 138 196 32 190 67 101 182 165 47 188 119 89 84 195 123 58 30 166 59 147 114 81 199 100 98 20 135 7 125 62 95 23 27 134 115 162 13 112 64 5 48 68 160 168 41 34 77 65 152 96 163 111 38 56 146 74 33 79 43 116 22 88 129 173 153 186 75 18 181 151 192 63 179 8 50 61 83 109 12 170 54 197 86 155 156 76
35: 175 1 104 82 26 9 169 29 110 69 131 145 102 108 46 107 14 103 4 150 87 78 184 113 57 185 189 140 143 187 176 149 72 139 49 45 177 157 124 132 105 70 167 10 19 133 172 120 188 186 182 92 128 62 115 3 122 178 22 64 160 112 75 99 126 56 101 76 171 85 163 8 191 55 153 146 118 83 2 60 38 111 152 52 198 12 121 36 31 200 27 129 119 174 95 35 5 123 74 161 180 106 93 17 89 86 65 42 114 155 33 137 193 138 158 100 11 13 197 73 135 170 97 28 165 84 151 16 196 25 37 54 168 67 173 88 43 94 117 192 136 179 21 80 195 164 127 79 154 194 7 90 190 44 148 68 141 20 53 156 109 50 18 116 51 130 91 34 147 61 96 199 134 98 15 6 59 41 144 23 81 63 39 181 66 47 32 162 58 183 77 166 48 24 159 40 71 142 125 30
36: 1 104 175 29 102 69 131 9 145 26 110 169 107 108 46 82 113 150 87 4 103 189 143 57 185 184 14 187 140 176 45 78 72 149 49 139 157 177 10 105 167 19 172 120 132 124 133 70 158 148 43 54 151 39 17 192 162 112 80 174 165 63 76 41 100 182 81 109 22 147 144 146 38 8 130 173 59 53 186 195 180 48 66 13 98 55 24 60 11 23 58 122 84 6 137 31 170 95 153 32 68 138 197 171 123 77 61 199 127 73 86 20 128 28 75 90 106 155 116 125 191 129 193 85 56 166 163 178 15 5 94 190 2 101 136 52 168 96 135 36 160 16 99 93 89 51 3 196 37 27 188 62 35 40 181 154 25 200 117 159 18 47 179 50 71 121 67 118 7 88 164 42 30 194 152 44 134 91 33 64 126 12 183 21 161 34 114 141 83 92 74 142 97 111 119 156 115 198 79 65
37: 26 82 29 102 169 145 69 9 110 108 46 104 175 131 1 107 103 4 150 184 113 185 187 189 143 87 140 14 78 176 49 57 149 72 139 45 157 177 120 133 172 124 10 167 105 19 132 70 51 85 148 165 170 73 115 114 99 71 181 88 178 76 160 60 196 183 193 74 188 37 127 22 141 48 161 13 61 7 41 130 25 195 84 192 186 20 52 162 200 122 27 144 197 16 39 112 92 77 42 36 97 136 62 30 164 98 118 155 21 24 12 58 17 137 83 101 47 168 68 180 8 106 174 40 179 54 65 90 100 129 59 5 158 109 125 18 117 135 11 151 38 33 81 32 15 35 199 86 126 153 123 138 66 171 3 128 91 147 191 163 56 194 67 43 75 23 89 93 159 198 34 44 154 96 111 121 31 94 63 50 152 55 182 53 6 119 142 190 156 134 64 79 95 166 80 116 173 146 2 28
38: 108 46 145 1 102 29 104 110 131 26 107 82 169 175 9 4 69 103 150 143 113 87 185 14 189 184 187 176 78 140 149 72 57 139 49 45 157 177 70 120 133 10 19 124 172 105 132 167 142 91 106 77 165 71 64 20 96 134 164 17 13 193 180 90 162 48 161 52 118 66 8 196 117 24 63 155 154 99 80 192 7 200 61 191 111 94 168 194 199 122 42 170 100 173 27 160 35 81 148 25 18 31 151 178 181 55 15 33 115 144 56 179 22 84 60 41 37 62 158 152 129 65 38 39 76 89 163 2 186 114 183 156 141 101 5 79 93 12 109 198 121 74 21 68 92 50 11 3 174 23 73 112 171 137 128 146 119 147 135 166 36 28 195 190 136 88 182 51 54 40 98 97 130 138 159 126 47 83 86 67 53 153 123 125 30 127 59 197 188 85 58 95 32 116 6 43 16 34 75 44
39: 102 9 108 169 103 131 29 46 104 69 145 110 26 175 1 82 113 107 4 150 176 14 87 143 140 189 185 184 187 78 57 149 72 139 49 45 157 177 167 172 10 70 133 19 132 120 124 105 122 112 134 130 65 32 17 3 182 92 48 137 85 109 174 180 77 114 36 28 24 15 190 198 44 11 75 81 23 91 154 161 121 56 125 6 12 195 200 86 191 136 8 30 40 117 42 94 38 2 192 93 61 84 68 148 25 138 186 35 164 62 111 153 13 156 171 27 170 88 168 64 135 144 100 178 31 98 165 59 60 67 97 141 73 63 20 5 146 119 18 199 128 54 101 188 99 52 151 83 127 7 55 71 89 66 162 39 155 179 181 21 142 79 126 53 159 58 115 129 173 16 160 123 193 194 95 163 166 41 196 47 96 152 43 74 116 22 76 50 147 158 80 197 33 118 37 183 90 106 34 51
40: 9 175 102 82 29 69 110 1 104 108 169 145 26 131 46 107 103 87 14 4 189 113 187 143 150 184 185 176 140 149 72 57 78 139 49 45 177 157 10 124 105 120 19 167 133 70 172 132 48 123 75 166 141 41 62 89 66 28 117 137 152 51 39 97 7 186 74 80 67 86 56 106 3 195 17 162 148 126 95 81 55 21 93 59 134 154 100 11 35 193 198 40 109 129 50 33 168 61 34 159 68 180 155 188 76 179 190 43 15 8 182 65 114 200 158 99 196 116 91 125 194 174 53 85 192 118 92 18 47 128 2 170 6 25 121 60 79 164 52 160 30 94 135 199 44 37 183 130 71 122 58 142 153 23 98 42 83 146 12 127 96 151 36 178 20 173 163 181 147 156 90 197 136 191 111 84 112 161 115 54 32 13 144 63 138 16 101 24 22 38 31 5 171 64 119 27 165 77 73 88
41: 9 26 175 145 82 1 108 169 131 46 29 110 102 107 69 104 4 143 184 150 103 139 14 140 87 113 185 187 189 78 49 176 57 149 72 45 177 157 124 105 167 133 70 172 19 10 132 120 168 77 48 7 186 137 158 63 182 126 31 32 198 197 28 34 170 178 152 173 164 136 16 123 112 35 83 162 111 192 155 11 163 21 36 6 40 109 53 106 54 119 101 121 68 174 125 118 154 30 147 15 17 42 114 141 193 191 58 24 180 115 200 89 60 64 146 65 5 97 50 85 56 196 183 116 130 79 160 20 134 144 55 165 98 93 47 148 52 171 117 62 151 166 51 86 41 95 100 38 142 80 73 153 179 92 67 22 59 195 2 188 156 138 135 122 128 61 94 27 12 91 18 75 199 66 88 96 43 33 71 39 76 99 161 3 23 84 81 8 44 194 127 37 74 13 129 190 25 90 159 181
42: 102 169 110 82 1 26 145 104 69 108 46 175 9 131 29 107 103 187 150 4 113 143 185 184 57 176 87 140 14 189 78 139 149 72 49 45 177 157 132 19 120 167 124 10 105 133 172 70 95 134 194 88 146 64 93 86 161 148 190 38 142 122 61 152 91 118 156 3 2 73 129 137 42 100 153 35 136 112 36 162 58 144 51 158 188 186 66 123 159 16 170 197 180 60 30 160 111 44 80 31 18 173 39 115 179 138 128 117 97 15 135 12 21 27 147 59 17 74 24 81 56 92 191 11 196 53 83 63 99 168 182 141 151 96 47 6 32 130 94 166 84 127 20 62 50 33 119 71 5 126 25 55 116 199 171 43 68 13 89 85 193 195 65 52 125 200 37 22 183 48 155 75 67 98 7 8 174 41 121 165 181 178 164 76 192 77 54 34 40 79 23 101 154 28 106 109 163 90 198 114
43: 175 9 26 131 145 82 46 69 104 29 102 108 1 107 169 110 150 103 143 4 185 113 189 184 14 87 140 187 57 139 78 176 149 72 49 45 157 177 105 70 124 133 19 120 10 167 172 132 194 93 8 196 141 116 178 40 66 191 18 117 88 100 2 136 21 134 62 153 163 65 197 90 25 188 123 199 115 142 48 129 33 77 41 52 73 86 11 50 22 146 126 158 43 17 147 32 148 112 186 106 13 109 96 51 74 39 80 128 42 171 58 174 156 162 89 36 135 15 101 138 23 31 35 68 97 47 3 179 94 165 119 170 76 195 161 38 155 122 60 125 180 114 55 63 75 98 67 164 92 200 6 64 79 81 20 159 137 160 34 24 193 7 71 173 99 181 95 151 192 121 54 85 152 59 190 182 166 84 127 30 111 154 91 83 118 5 168 144 53 130 44 56 28 183 27 37 61 12 16 198
44: 108 46 29 110 175 104 169 69 145 26 131 82 9 1 102 103 107 140 4 150 113 143 139 57 87 184 185 189 176 14 187 78 149 72 49 45 157 177 105 132 133 10 167 172 124 70 120 19 80 6 52 11 106 5 89 155 161 37 166 50 34 134 130 174 41 96 84 144 58 197 196 32 109 191 98 148 200 186 40 13 59 138 51 67 122 135 192 128 112 3 65 23 99 53 30 22 76 16 114 85 168 55 101 92 159 162 121 33 48 180 43 42 193 17 83 165 8 154 170 179 2 115 136 181 137 182 171 39 90 60 35 47 118 77 21 160 100 142 153 27 194 7 183 25 178 31 86 158 126 199 24 28 12 15 66 93 152 127 61 44 94 73 190 95 195 88 151 156 81 198 75 38 97 173 141 123 163 116 79 188 147 68 129 20 111 71 164 119 117 74 91 146 36 56 54 63 18 125 64 62
45: 175 102 9 131 104 26 110 169 82 107 29 108 1 69 145 103 46 4 140 150 187 87 189 143 113 14 139 184 185 176 149 78 57 72 49 45 177 157 172 124 19 70 120 133 132 10 167 105 117 127 65 151 24 156 41 55 86 33 30 20 66 22 168 164 63 152 47 94 44 180 148 123 191 195 79 183 182 58 84 36 98 2 200 32 6 85 89 192 39 71 37 135 34 95 112 158 137 21 100 27 147 35 88 194 197 130 142 59 128 54 141 146 118 62 83 81 92 181 144 12 165 8 174 163 42 75 40 119 153 116 138 178 179 11 99 67 190 198 166 96 80 154 186 122 16 199 15 25 23 115 97 162 76 170 5 125 43 193 114 7 3 28 17 126 73 68 60 101 196 74 171 13 61 93 51 91 111 155 121 38 160 53 56 52 90 64 161 109 134 188 48 77 18 106 173 31 50 129 136 159
46: 131 108 104 1 9 107 46 26 110 169 145 69 102 29 82 175 87 4 103 150 187 113 143 14 189 185 176 184 49 140 57 72 139 78 149 45 177 157 120 105 70 19 133 167 132 172 10 124 178 15 20 96 32 196 154 193 160 158 38 174 43 31 151 21 98 130 115 122 89 90 67 95 168 109 27 142 16 36 37 199 93 50 73 77 44 188 56 88 71 146 86 55 171 42 180 92 126 101 137 35 179 84 18 114 111 61 76 116 182 13 17 81 112 58 125 138 141 156 128 118 33 97 34 192 155 64 164 12 62 191 91 106 135 153 173 52 54 30 186 75 3 152 11 197 147 123 181 136 68 22 51 166 79 83 59 41 23 80 119 183 148 127 165 63 7 194 159 94 198 66 74 28 60 24 170 85 200 129 48 47 39 121 162 25 100 163 190 144 195 2 65 161 5 53 8 6 40 99 117 134
47: 104 145 29 9 110 82 108 103 131 69 175 102 46 169 1 26 143 107 14 150 4 113 87 185 140 189 184 187 78 57 139 72 176 149 49 45 157 177 133 120 105 70 132 10 172 19 167 124 17 190 34 22 146 43 130 165 86 50 60 37 191 125 54 56 53 73 183 38 59 160 47 92 96 152 88 7 192 112 156 199 84 135 106 198 67 179 200 121 182 144 142 101 147 129 6 85 11 118 76 28 79 162 48 20 5 44 66 90 30 42 51 127 180 174 126 68 12 8 163 173 158 137 94 117 122 83 171 195 188 16 99 155 75 134 35 116 181 21 166 186 15 25 65 91 13 40 111 71 23 64 74 123 170 159 109 2 31 62 33 196 63 97 61 193 178 154 141 18 3 80 52 27 138 128 58 114 55 115 164 41 153 81 197 93 100 161 98 148 119 95 168 136 32 151 39 36 194 24 77 89
48: 145 169 29 9 1 131 104 102 108 69 46 110 175 82 26 107 4 185 140 103 150 189 113 57 187 14 184 143 87 176 139 78 72 149 49 45 177 157 172 124 167 120 105 133 70 10 19 132 44 43 180 36 181 60 47 165 76 121 96 89 130 114 116 83 159 118 56 51 75 125 123 192 91 147 15 23 127 119 193 71 53 112 109 17 100 5 97 164 106 144 64 117 163 62 173 136 94 178 85 34 37 188 148 126 68 77 61 16 38 191 200 42 18 39 54 55 182 160 128 166 146 12 73 129 122 59 24 142 141 80 20 171 152 111 88 179 162 199 158 7 155 52 21 156 153 198 66 6 99 174 138 92 74 2 84 13 3 194 197 86 32 161 196 28 93 137 40 50 101 195 170 30 186 67 98 168 8 81 41 135 183 90 190 58 79 95 31 35 63 65 33 151 25 115 48 22 154 134 11 27
49: 82 102 131 145 29 169 69 107 46 26 104 110 1 175 108 9 103 4 113 140 150 143 184 87 189 14 185 187 139 149 49 57 72 176 78 157 45 177 105 70 132 167 124 172 10 133 19 120 141 37 116 68 62 155 159 71 67 115 91 119 38 27 93 182 200 35 186 166 98 74 54 6 191 181 43 101 144 81 117 195 178 130 95 79 2 33 36 58 59 114 125 152 56 156 12 92 134 64 73 123 153 109 194 162 122 183 94 129 20 76 17 197 198 161 196 171 65 5 174 3 30 88 180 86 34 11 42 121 39 154 146 163 193 25 112 100 192 22 53 84 151 80 128 137 179 32 60 66 47 24 111 23 28 106 164 127 99 138 90 136 188 135 52 41 55 96 31 16 147 51 50 83 142 13 170 173 89 21 158 61 126 160 63 199 118 48 165 40 85 18 44 75 77 148 97 8 7 15 168 190
50: 69 175 131 1 29 26 102 46 145 104 9 108 103 169 82 110 107 143 185 87 4 150 113 184 14 189 139 78 140 176 187 149 49 57 72 45 157 177 167 133 10 120 70 105 132 172 124 19 160 121 89 53 155 23 117 18 32 144 40 191 67 179 116 94 181 73 24 81 136 122 71 166 141 153 79 84 59 85 170 62 86 33 112 11 171 92 165 151 90 63 61 200 180 64 129 31 193 20 34 99 30 109 66 114 138 43 161 35 39 5 125 28 7 123 17 75 8 134 137 2 126 91 41 38 65 52 98 163 76 142 182 106 198 128 195 25 188 146 22 48 68 183 174 12 154 199 96 21 101 36 164 168 55 54 56 194 156 27 97 111 58 115 37 3 13 83 197 152 192 88 100 130 15 186 190 118 47 16 158 196 74 127 44 42 80 60 135 93 173 147 6 119 77 159 178 51 50 162 148 95
51: 102 1 82 131 29 69 110 108 150 169 9 107 145 26 104 46 175 4 103 149 14 113 143 185 189 187 184 87 176 72 57 140 139 49 78 177 45 157 132 133 10 124 120 167 19 70 172 105 81 141 191 8 58 179 76 53 96 71 164 18 35 159 17 13 129 160 95 6 34 117 181 80 100 142 166 90 158 194 128 136 24 39 173 154 125 198 93 118 192 98 44 144 183 91 52 2 99 126 74 153 51 27 121 195 65 174 73 197 85 47 28 67 61 30 40 20 162 89 79 109 200 25 32 84 156 122 62 68 16 101 12 92 36 127 15 86 196 88 41 63 146 151 155 182 33 137 55 37 38 97 111 180 42 115 94 7 66 48 199 64 178 130 138 188 11 186 5 106 59 21 190 22 3 56 165 83 152 163 148 114 50 119 168 23 161 112 60 134 54 43 170 147 75 116 193 171 123 31 77 135
52: 104 9 131 169 29 102 108 69 82 145 46 1 175 110 103 26 107 113 150 4 143 189 87 187 176 14 184 140 185 149 57 139 78 72 45 49 177 157 167 120 124 133 10 132 19 105 172 70 100 67 38 106 180 88 47 64 159 179 53 35 127 146 129 92 81 21 154 74 164 148 152 6 174 168 142 80 121 166 115 158 151 75 156 194 137 61 193 128 171 76 66 16 68 198 18 136 25 134 123 199 122 161 5 54 30 186 58 41 42 116 24 117 98 40 50 181 22 60 2 93 190 39 7 191 83 90 195 96 31 17 147 111 162 112 89 36 119 99 34 37 28 200 71 192 165 182 109 23 188 13 160 73 11 56 20 91 94 51 12 44 97 155 48 114 178 101 183 170 126 32 135 197 153 43 55 77 95 173 130 62 52 125 8 141 15 163 84 118 65 27 33 85 86 59 63 196 138 144 3 79
53: 104 29 110 69 9 169 131 82 26 103 108 145 175 1 102 46 107 187 4 185 143 113 150 14 176 189 184 72 87 140 149 78 49 57 139 177 45 157 120 70 105 19 133 10 172 132 167 124 151 30 168 54 182 188 8 95 106 130 39 200 85 126 148 92 7 61 98 88 94 161 138 147 195 71 109 136 2 13 77 23 142 152 118 21 163 128 100 198 101 117 192 171 183 15 116 24 27 79 173 51 179 52 56 16 25 144 159 44 65 191 40 178 123 193 80 17 134 146 64 67 84 97 81 196 60 5 11 111 58 160 12 32 119 115 75 170 114 18 194 158 53 68 166 190 89 155 34 141 76 20 91 112 180 153 28 66 137 31 174 48 186 129 73 33 3 122 6 90 181 96 86 38 121 156 199 197 135 63 162 37 36 59 99 47 164 55 154 42 74 50 83 35 165 93 62 127 41 125 43 22
54: 29 175 145 102 108 69 131 9 26 104 110 1 82 46 150 107 169 103 4 189 187 87 113 72 143 140 184 14 185 139 78 149 176 49 57 45 177 157 132 133 70 105 10 120 19 167 124 172 166 25 80 137 85 154 62 160 30 83 121 23 20 148 138 52 17 135 195 194 64 28 67 125 51 128 32 134 178 114 40 182 60 66 39 142 118 111 174 55 6 24 2 16 117 71 54 81 179 12 116 152 92 48 190 193 13 168 146 53 99 183 196 89 84 43 106 76 130 115 171 127 90 15 144 198 161 33 41 197 165 155 141 136 56 59 95 74 88 91 37 94 47 63 100 119 36 192 38 109 79 93 97 50 73 164 18 129 123 200 158 7 101 98 170 8 122 96 31 188 77 22 75 162 147 68 42 21 159 180 191 199 3 86 181 58 65 156 186 151 153 44 163 27 173 112 5 35 126 34 11 61
55: 108 69 107 169 104 26 29 1 175 9 46 102 110 82 145 131 103 150 185 4 189 187 113 14 143 87 78 140 176 57 184 149 139 49 72 45 177 157 120 105 172 70 124 10 132 19 133 167 22 121 155 178 23 3 17 34 123 101 109 174 64 62 8 16 71 12 152 35 119 36 86 128 125 96 134 58 41 200 117 114 75 63 60 122 161 130 127 7 146 65 80 6 141 170 53 2 74 27 115 192 183 92 144 83 99 154 13 76 18 193 47 199 30 181 28 136 67 165 116 137 42 50 39 51 100 43 40 163 25 32 194 118 95 94 151 158 20 73 85 89 54 153 55 97 98 68 160 59 190 38 142 81 129 37 168 188 66 61 126 198 79 164 148 162 156 90 197 111 84 186 166 88 147 33 15 179 93 182 52 106 195 48 159 196 173 24 11 91 5 44 138 191 171 21 135 56 77 31 180 112
56: 108 169 145 175 104 69 131 82 29 110 26 46 1 9 102 150 185 107 87 143 103 4 113 189 184 187 78 140 139 14 176 149 72 49 57 45 157 177 132 172 19 70 105 167 120 124 133 10 190 38 31 58 138 142 8 112 32 129 76 22 93 7 34 121 154 16 101 25 146 109 2 92 148 18 106 33 182 56 66 27 197 71 63 55 118 74 194 99 188 151 181 111 136 88 126 97 183 141 24 186 191 44 81 162 68 195 155 64 13 119 67 165 40 65 168 116 200 6 95 94 36 80 192 163 159 125 12 134 198 199 90 5 160 23 3 20 114 62 51 37 158 47 42 161 61 130 17 123 178 60 98 135 179 41 83 28 35 173 48 39 21 52 77 79 86 96 128 171 147 153 53 100 43 54 156 180 127 75 170 144 174 137 152 11 193 117 122 196 59 30 166 89 73 91 15 115 84 50 85 164
57: 108 102 145 131 29 82 69 110 175 26 104 46 1 9 169 150 103 107 4 113 143 187 185 14 176 189 140 87 184 72 149 78 57 49 139 45 177 157 19 133 167 70 124 172 132 10 105 120 35 16 200 194 191 65 38 36 93 67 79 116 171 28 109 135 146 88 119 179 6 144 148 152 198 37 125 101 68 31 154 63 193 21 123 44 15 53 153 181 51 17 163 13 18 121 91 41 50 178 96 192 136 147 129 5 75 39 182 61 2 100 95 115 71 142 40 112 164 43 27 89 12 84 80 188 30 174 66 55 170 81 127 77 59 34 195 92 196 42 47 60 73 128 33 155 151 166 62 22 11 156 130 126 8 54 159 56 85 99 117 160 141 137 94 180 25 32 173 20 186 23 24 74 106 134 97 3 58 90 76 64 98 183 199 197 168 83 7 138 48 161 190 118 158 52 165 86 111 162 114 122
58: 46 1 110 103 104 82 9 29 145 169 102 69 108 131 4 26 184 175 107 87 113 185 150 14 140 143 189 187 72 176 49 57 78 139 149 157 45 177 70 105 19 10 172 120 132 133 167 124 144 20 71 65 161 61 28 58 21 66 36 118 135 55 79 38 34 158 148 43 128 81 198 166 186 119 31 32 171 54 183 39 163 165 18 83 62 50 200 5 90 155 33 22 35 73 121 127 24 123 173 67 137 25 56 84 122 154 47 37 142 195 151 41 92 125 191 134 179 106 74 23 153 141 194 16 15 126 190 44 160 101 130 180 42 199 68 174 152 95 96 188 181 52 197 193 192 116 8 77 85 170 91 64 13 27 97 3 164 114 60 117 86 6 111 2 99 53 100 138 94 17 156 30 59 162 112 115 89 7 98 93 80 88 178 76 109 12 182 63 159 196 48 40 129 75 146 168 51 147 136 11
59: 108 169 46 145 110 26 102 175 104 82 69 9 1 131 29 150 103 107 189 113 4 143 140 14 87 45 185 184 187 72 78 57 149 139 176 49 157 177 105 172 19 10 124 120 132 133 70 167 17 160 75 65 56 67 97 30 3 94 190 197 115 137 91 2 58 16 173 74 161 148 88 93 51 96 98 7 50 134 164 179 8 111 183 86 15 95 28 39 128 11 180 36 18 170 126 99 159 76 54 153 35 138 106 23 166 13 127 37 92 79 71 84 66 200 117 191 123 178 196 33 6 195 186 147 25 112 122 22 40 5 142 192 100 156 144 151 89 135 188 101 174 199 181 42 68 63 116 146 61 32 125 59 83 47 81 64 62 77 48 154 53 90 109 198 182 24 136 163 193 152 20 31 85 168 55 155 165 119 162 27 38 34 194 130 118 41 43 60 21 121 129 171 44 80 52 73 114 12 158 141
60: 69 110 145 131 26 29 46 102 175 9 82 108 104 4 1 169 103 107 87 113 150 143 184 189 185 187 14 176 140 139 78 57 149 49 72 177 45 157 70 120 132 133 124 172 167 10 105 19 117 155 73 81 97 83 66 63 37 79 122 32 153 44 25 31 170 22 40 130 144 106 194 86 195 160 101 198 18 171 123 115 16 33 99 8 59 146 71 12 53 142 3 24 111 116 38 64 182 30 84 127 188 92 91 200 11 90 156 137 164 129 52 42 191 166 17 136 36 152 196 151 197 7 21 181 114 154 58 183 159 141 193 174 56 67 50 158 5 199 51 68 62 48 6 88 163 134 47 148 27 126 161 61 76 39 192 190 28 173 168 162 138 13 55 85 77 165 98 93 186 54 2 96 75 65 112 121 35 34 15 80 89 23 41 119 179 118 43 95 178 94 125 109 74 128 60 180 135 100 147 20
61: 82 1 46 110 9 29 145 169 131 26 69 104 175 103 102 108 107 150 140 113 4 143 87 184 185 187 14 189 176 139 78 149 57 72 49 157 45 177 132 120 167 105 70 19 172 124 10 133 178 160 101 126 3 53 36 43 122 127 196 60 54 42 88 63 90 28 136 68 144 194 97 199 141 128 92 100 40 66 37 148 56 142 147 38 15 20 84 23 89 170 193 12 154 197 151 163 79 91 158 21 58 165 59 73 85 71 119 47 25 159 168 32 134 64 55 130 61 18 121 190 77 95 161 13 52 44 155 39 186 179 181 50 7 27 99 200 106 31 83 114 173 195 74 2 123 164 98 80 5 112 109 180 129 111 17 94 182 162 41 48 24 67 188 34 174 166 191 198 93 35 153 86 152 62 135 137 30 117 171 8 81 11 116 96 6 22 33 16 65 125 192 118 183 156 51 146 138 76 75 115
62: 29 145 104 46 26 9 82 169 102 108 175 1 69 110 131 107 103 4 150 14 189 113 185 149 143 87 139 184 140 187 78 57 45 176 157 49 72 177 133 105 19 70 167 10 132 120 172 124 50 75 196 163 23 65 126 18 27 159 53 73 84 5 112 56 81 61 7 63 136 42 66 89 55 151 30 11 141 162 160 71 180 16 101 25 8 85 41 95 135 100 91 6 173 20 33 62 197 119 179 129 67 31 93 39 114 116 125 76 15 111 109 200 83 115 127 28 36 134 74 198 195 32 181 118 92 79 99 24 96 166 168 121 128 138 59 142 192 58 153 77 147 171 34 122 117 35 154 148 161 68 44 40 144 12 94 193 137 90 146 88 194 52 155 123 2 152 174 182 43 48 170 60 22 13 164 183 158 97 51 3 130 199 54 188 80 191 106 165 156 186 21 190 64 47 38 178 86 37 17 98
63: 69 1 169 110 26 175 29 145 103 9 46 131 102 82 104 108 107 150 4 143 184 113 187 185 78 57 176 189 140 72 87 14 49 149 139 45 177 157 124 172 105 167 70 120 19 133 10 132 65 186 148 182 156 118 171 50 153 165 183 128 81 91 94 61 2 84 83 58 181 37 67 52 125 126 85 197 8 99 32 42 200 11 43 127 188 136 162 96 155 12 54 79 129 180 161 44 39 22 101 192 25 147 198 141 18 109 92 114 112 122 116 35 16 144 158 56 40 111 146 98 199 74 196 64 13 68 15 195 38 179 17 86 193 168 159 47 75 34 163 137 66 77 55 90 191 89 31 170 53 154 33 88 71 80 24 20 174 7 51 123 115 63 21 151 3 5 152 190 60 106 28 93 23 73 130 117 41 164 134 76 36 178 100 119 166 30 121 142 173 135 6 27 138 59 160 194 48 97 62 95
64: 108 102 103 46 131 145 104 1 169 29 26 110 69 107 82 175 9 4 143 113 150 185 184 87 140 189 14 187 49 176 57 72 78 139 149 45 177 157 19 124 133 10 120 167 172 105 132 70 37 7 147 114 68 39 23 15 47 13 93 182 73 125 25 141 156 22 53 112 97 83 6 50 58 152 162 71 160 27 129 101 119 158 59 135 89 117 88 40 115 194 122 137 32 18 63 5 183 16 52 98 43 24 36 92 116 94 181 44 106 159 62 180 76 55 38 155 33 151 134 146 90 138 11 142 144 21 99 200 96 95 153 148 54 168 79 197 84 66 75 42 8 161 178 174 17 127 20 60 196 77 64 85 111 86 80 166 186 2 192 130 81 35 67 100 123 28 30 3 31 128 170 121 126 165 195 48 193 61 56 51 65 191 199 163 190 188 74 173 41 91 171 179 154 164 34 136 118 198 109 12
65: 108 9 110 46 169 69 131 175 107 82 145 102 104 29 150 26 1 103 4 143 189 113 72 140 176 185 184 87 14 187 139 57 78 149 49 45 177 157 105 10 124 19 70 132 172 167 133 120 81 83 60 99 199 155 28 54 43 151 20 121 42 44 192 71 195 91 73 161 152 179 80 180 23 171 144 5 77 16 112 13 115 118 154 114 33 61 156 55 18 170 128 106 67 64 48 32 164 125 165 84 8 116 138 163 111 24 182 12 15 89 97 21 196 37 53 86 95 62 166 56 63 186 136 122 88 51 94 197 38 148 2 200 173 65 130 36 35 31 117 119 134 123 109 34 158 58 168 194 193 27 50 181 3 68 137 191 101 59 47 39 52 100 22 79 96 25 153 141 85 66 41 92 174 11 160 162 17 7 98 30 188 126 129 190 135 74 159 147 183 93 90 76 142 146 178 40 198 6 75 127
66: 175 102 9 169 108 1 131 69 82 145 104 110 26 29 46 107 87 103 113 150 4 14 187 185 143 184 189 140 149 176 78 57 139 49 72 157 45 177 19 132 133 167 172 10 105 70 120 124 181 5 122 79 52 148 137 34 42 182 163 114 60 178 63 165 67 158 97 183 44 118 48 61 38 11 54 109 92 36 191 119 16 25 100 112 15 129 195 73 68 160 151 180 62 55 194 186 23 27 93 81 59 3 18 115 95 173 179 39 96 32 190 89 142 35 144 12 30 138 200 192 17 135 174 83 65 198 50 74 47 199 166 193 86 155 28 156 170 8 88 128 90 168 162 116 153 66 6 37 53 188 127 22 56 75 71 13 121 136 94 21 123 2 161 41 77 141 126 106 40 7 99 196 154 84 64 91 197 58 101 80 51 130 76 125 152 20 43 31 134 164 171 33 98 159 146 111 117 85 147 24
67: 145 29 104 9 107 108 169 102 82 26 131 175 69 110 1 46 103 150 113 4 185 187 143 140 14 78 189 184 57 87 176 139 49 72 149 157 45 177 124 19 167 10 105 70 172 133 120 132 41 125 53 23 106 171 75 128 121 182 32 193 114 89 50 30 51 92 35 196 119 20 95 88 170 99 25 39 64 74 100 56 194 109 8 156 17 135 93 112 18 48 98 21 84 192 178 60 163 142 5 199 68 36 183 42 67 180 152 86 44 11 38 148 61 37 137 179 191 62 12 165 153 127 141 96 129 144 123 155 28 83 188 80 16 195 54 94 147 130 79 34 33 151 15 122 197 198 173 31 59 71 154 162 2 55 101 22 174 146 168 3 164 58 65 81 160 63 186 13 136 181 76 166 73 115 190 126 27 111 134 118 159 40 161 138 47 158 66 85 117 24 116 7 52 43 6 91 200 97 77 90
68: 169 175 110 102 46 131 82 108 1 9 26 29 145 69 104 107 150 184 4 113 103 143 87 185 176 187 189 149 140 14 78 57 139 72 49 45 177 157 70 105 132 167 120 172 133 124 10 19 80 168 136 91 135 6 43 11 51 142 128 159 94 95 97 119 197 163 37 81 76 67 44 190 118 20 122 89 88 15 28 182 155 152 126 64 127 73 18 90 85 59 75 164 116 144 24 56 3 173 170 162 2 31 98 38 92 35 21 74 200 194 48 7 8 25 146 156 158 12 93 53 111 33 47 166 52 178 83 186 84 134 34 179 100 112 68 193 181 58 121 77 192 117 171 106 16 199 60 71 180 86 65 54 27 123 141 183 22 40 17 66 23 161 137 160 13 125 115 129 153 114 32 196 55 109 62 174 61 42 195 30 41 191 147 198 188 96 5 50 36 138 63 165 99 148 154 79 101 39 151 130
69: 1 102 9 169 69 131 104 82 29 46 26 108 175 107 110 145 150 143 103 113 185 187 4 49 87 14 184 189 140 57 149 78 176 139 72 45 157 177 120 124 10 167 132 172 70 105 19 133 59 24 155 32 146 112 38 47 21 67 174 194 60 77 58 44 178 25 61 31 99 197 90 127 41 64 122 156 35 89 170 66 147 121 162 97 100 190 136 193 154 123 125 158 79 164 115 168 88 23 199 130 101 36 56 128 134 11 63 62 12 161 171 192 33 55 111 51 54 30 141 15 48 117 93 126 84 98 188 86 92 52 6 181 85 68 3 148 96 173 53 200 116 137 71 13 37 42 198 152 106 114 163 20 22 80 179 43 39 27 50 118 75 74 65 83 18 8 195 5 17 153 119 138 144 191 182 28 34 180 2 40 142 16 81 183 91 129 159 76 7 95 166 165 94 151 109 160 135 73 196 186
70: 46 110 82 1 175 104 169 26 145 113 69 108 29 9 131 102 150 107 103 189 87 4 143 187 140 185 14 149 184 57 78 176 72 139 49 45 157 177 10 124 19 105 167 172 70 120 133 132 68 67 186 77 71 31 76 198 91 119 55 81 12 83 190 121 199 128 114 11 44 111 164 23 66 99 37 193 54 129 2 53 60 17 173 155 109 88 18 16 36 13 41 179 42 156 58 30 47 73 32 63 112 24 134 94 15 153 51 95 117 144 79 182 40 48 5 147 74 34 7 136 148 165 21 168 25 80 160 196 161 106 61 50 125 101 183 75 92 93 20 200 171 138 135 141 137 170 159 3 180 194 130 197 178 142 89 86 65 162 163 154 116 127 27 59 43 195 191 64 98 22 97 123 152 100 118 126 84 56 6 174 90 39 28 181 158 85 33 38 151 188 8 166 146 52 35 122 115 192 62 96
71: 110 108 46 102 104 1 82 145 4 131 29 26 169 69 150 175 9 103 107 143 187 113 87 78 184 185 189 139 14 140 57 149 176 49 72 45 177 157 133 70 105 124 120 19 132 172 10 167 190 118 83 135 186 144 55 22 96 86 11 54 39 36 180 5 68 138 50 109 122 160 81 119 171 165 25 13 101 7 2 123 125 153 33 89 62 142 197 56 98 173 31 93 3 91 188 67 90 37 162 147 65 58 155 196 182 59 85 195 16 53 43 164 148 193 128 134 94 158 106 179 77 20 174 73 71 60 47 88 42 200 95 127 6 151 76 74 166 115 159 17 66 12 30 79 27 181 84 199 64 112 44 32 146 117 8 92 28 18 121 41 137 15 111 52 178 35 161 40 80 192 130 38 154 61 126 23 168 152 21 48 114 75 163 51 34 191 63 183 99 100 24 156 129 170 198 136 141 194 116 97
72: 110 102 69 169 145 46 9 29 175 131 4 82 108 1 26 104 113 143 107 103 150 187 14 189 87 185 176 184 140 149 78 72 49 57 177 139 45 157 120 10 70 167 124 19 105 172 133 132 66 67 30 41 95 195 8 199 178 181 52 59 153 39 147 138 144 80 53 158 32 68 71 163 16 135 112 126 101 23 48 100 200 31 58 164 47 106 97 93 127 128 119 117 130 12 125 60 168 75 183 146 197 65 51 152 33 129 136 137 99 28 43 196 109 111 54 24 116 165 96 115 74 17 18 21 11 13 77 76 73 42 64 36 90 174 15 37 160 40 159 34 179 83 194 61 94 92 56 89 27 63 186 38 123 79 190 161 88 20 114 180 151 142 182 3 25 86 171 7 162 173 122 44 155 91 170 118 5 98 55 156 198 85 2 134 84 62 192 191 121 6 166 188 154 193 148 22 35 50 81 141
73: 140 69 108 175 46 29 110 9 26 82 104 102 1 107 145 103 169 131 143 4 150 184 185 14 189 113 87 187 176 57 149 139 78 49 72 45 157 177 10 172 167 133 132 120 124 105 19 70 188 68 97 67 106 112 39 2 153 93 165 79 142 58 7 197 182 122 183 33 25 156 99 73 135 121 180 27 195 174 31 23 125 86 64 101 80 71 5 179 198 65 92 16 89 178 24 12 199 137 54 94 129 76 56 17 44 59 63 114 138 52 6 162 48 85 151 90 37 186 111 30 18 36 53 136 126 200 47 50 42 168 141 152 95 88 81 130 91 119 77 154 191 181 117 8 193 41 123 192 34 38 196 100 28 61 146 83 194 190 158 40 62 170 160 171 147 11 173 161 96 115 164 66 155 21 51 22 74 43 144 98 35 118 159 60 32 55 84 3 109 166 163 116 75 128 13 15 127 134 148 20
74: 110 82 175 104 46 29 169 26 145 69 102 107 108 9 1 131 113 103 189 4 87 150 185 143 139 187 140 184 176 14 78 57 49 149 72 45 177 157 105 167 133 120 19 124 132 172 10 70 118 42 112 198 34 67 73 116 16 196 81 13 119 158 53 62 153 180 170 66 126 47 52 24 95 168 28 174 98 190 173 85 60 179 115 178 86 166 106 18 94 37 36 68 182 30 93 5 99 92 8 154 125 147 191 61 146 195 135 15 51 35 88 6 138 164 151 89 199 76 7 43 33 32 31 64 162 136 152 123 188 186 55 192 21 59 161 80 38 96 75 100 25 165 156 114 56 137 27 20 22 3 23 50 17 48 2 58 155 193 160 159 83 11 141 97 128 194 40 197 44 39 71 181 163 41 101 148 117 63 171 142 122 111 109 90 74 127 144 65 121 130 77 79 129 91 12 134 200 183 54 84
75: 26 110 175 107 145 108 1 102 169 29 131 104 46 82 9 69 103 4 139 150 184 113 185 143 87 14 189 187 72 140 176 149 78 57 49 157 177 45 167 105 133 172 70 132 19 124 10 120 146 137 118 39 21 198 81 25 37 58 109 164 192 116 135 64 44 148 47 112 56 55 173 6 31 5 60 99 126 158 114 156 128 144 190 129 20 123 117 111 83 59 96 152 74 197 92 138 40 165 153 35 151 27 166 41 101 13 36 61 191 89 106 95 43 199 11 98 28 200 73 97 161 141 159 15 17 174 115 196 181 130 76 12 162 80 30 136 163 52 77 186 42 91 127 160 50 54 88 100 121 142 84 194 71 94 22 178 33 2 171 51 66 7 193 18 24 63 65 170 122 147 79 62 125 67 32 34 48 53 68 134 179 154 86 180 119 93 8 38 16 183 23 182 195 85 75 90 188 3 168 155
76: 104 169 131 69 108 1 145 175 82 46 143 102 26 29 9 110 107 103 4 113 176 189 150 87 14 140 184 185 187 78 149 57 139 72 49 157 45 177 19 133 124 105 70 10 132 167 120 172 130 119 56 173 200 66 84 25 55 135 195 100 192 146 21 134 128 111 198 11 36 75 58 28 13 31 112 170 24 165 116 16 125 92 79 32 61 147 67 88 181 186 34 136 52 17 182 93 54 171 53 41 174 178 96 27 15 122 20 137 2 40 126 12 127 47 89 179 166 193 161 190 83 39 8 164 98 180 91 148 60 44 106 23 154 114 73 168 37 99 199 95 35 48 117 43 77 155 7 129 3 142 22 30 68 144 151 153 94 158 118 5 197 115 59 121 33 63 123 188 76 152 64 65 80 86 85 18 163 50 196 42 74 194 6 51 141 183 109 162 101 71 38 90 97 138 81 62 156 159 160 191
77: 9 175 169 145 29 46 108 1 26 69 102 104 131 110 140 82 107 103 150 184 143 4 113 189 87 187 185 57 14 176 139 149 78 72 49 45 177 157 70 10 172 124 19 133 167 120 105 132 95 17 30 121 123 158 156 35 36 51 64 163 118 198 160 126 24 92 62 39 192 47 168 147 33 182 114 196 41 13 119 101 199 23 188 15 186 173 179 159 88 76 3 38 37 18 195 152 115 74 96 166 90 136 109 112 138 53 21 142 34 28 60 135 191 79 56 151 61 55 68 43 161 52 137 183 67 106 32 5 59 155 154 200 141 6 8 48 134 94 81 178 174 42 162 84 77 111 11 31 127 86 27 193 98 180 54 75 190 153 146 12 128 125 171 164 100 89 7 181 116 16 85 197 122 91 117 50 80 22 63 144 130 165 2 194 99 66 58 25 148 44 71 170 83 65 97 40 20 93 73 129
78: 110 26 169 1 29 82 108 46 175 102 145 104 107 9 131 69 150 189 4 103 143 113 14 176 187 185 87 78 184 149 140 49 57 72 139 45 157 177 133 70 132 19 124 120 167 10 105 172 155 51 60 48 15 129 97 122 171 179 119 180 2 20 76 134 137 40 79 74 80 117 32 12 136 194 3 38 127 90 41 182 25 75 178 196 66 156 142 77 93 138 186 181 195 200 152 130 115 128 123 55 73 56 34 50 13 18 159 109 92 95 192 158 164 36 99 151 135 83 190 106 81 193 111 188 160 96 85 173 114 98 67 63 22 52 62 125 121 126 101 168 30 197 65 148 199 183 59 147 17 16 170 112 58 68 54 165 174 31 191 28 64 7 21 24 43 89 33 163 144 153 100 71 166 42 162 47 198 8 84 61 5 116 44 146 37 35 88 154 39 23 27 53 86 94 118 141 91 11 161 6
79: 46 131 69 169 9 29 26 104 82 175 102 145 1 108 110 103 107 150 185 184 113 143 4 78 57 189 187 87 14 139 140 176 149 49 72 45 177 157 133 172 120 167 105 124 132 10 70 19 126 100 7 170 20 99 98 83 174 138 33 94 195 39 112 24 134 16 73 101 144 17 115 86 168 192 121 32 159 12 56 48 42 55 129 76 179 198 148 34 156 5 67 91 53 171 123 200 135 181 60 2 79 146 199 188 180 3 178 35 75 28 27 97 30 153 15 8 137 161 61 43 160 122 173 50 74 13 25 194 85 117 114 116 166 65 130 119 191 84 152 23 118 38 197 41 62 80 18 88 155 141 58 64 92 93 128 106 59 151 164 44 182 89 111 77 154 37 21 125 22 165 90 51 162 147 158 109 193 63 163 40 183 6 142 54 36 95 31 52 81 96 66 186 68 127 196 190 47 71 136 11
80: 108 29 82 46 69 169 110 9 26 175 1 104 145 102 131 107 103 185 4 113 150 143 87 189 14 184 57 187 78 149 140 139 176 49 72 45 157 177 10 124 167 132 133 70 105 19 120 172 136 81 96 67 7 40 179 168 128 106 196 99 13 116 159 93 58 33 198 15 3 85 163 63 76 158 165 186 194 161 141 155 154 50 98 166 55 112 61 66 138 171 111 190 42 74 25 39 64 192 170 65 8 109 200 75 195 51 79 17 151 5 178 94 173 142 182 183 60 180 100 122 126 54 53 95 125 36 77 89 71 28 123 114 86 31 191 90 137 37 144 38 129 27 153 41 119 12 181 115 84 56 20 22 21 147 24 80 48 73 18 23 101 118 32 148 52 156 44 47 146 6 134 197 88 16 59 35 11 97 130 160 135 127 188 68 199 91 2 83 62 43 164 30 162 174 193 34 121 117 152 92
81: 104 108 82 102 1 145 110 175 150 46 131 26 29 69 107 9 169 4 103 113 143 184 14 87 189 185 187 140 176 78 57 72 149 139 49 157 177 45 120 124 10 132 133 70 105 172 167 19 179 144 48 136 56 16 128 162 22 73 33 67 2 90 155 11 74 130 3 100 80 40 62 61 6 147 158 181 7 137 163 84 160 17 93 109 83 171 134 25 55 35 18 39 71 68 114 15 180 59 148 99 122 24 154 64 79 60 174 156 199 173 116 5 77 142 152 115 44 98 198 89 111 91 58 146 190 193 135 52 8 127 117 28 34 178 66 138 51 197 53 94 192 166 38 88 23 141 170 12 43 106 37 42 161 81 191 96 95 31 86 63 164 165 101 36 92 151 13 20 182 65 125 97 21 129 186 75 27 183 126 200 32 118 195 123 159 76 41 153 85 121 119 194 112 188 50 30 196 168 54 47
82: 102 29 169 110 46 175 69 1 26 131 82 145 150 103 108 9 104 113 184 4 107 143 140 57 14 187 87 149 189 185 72 176 139 78 49 177 45 157 70 124 167 10 19 105 133 132 120 172 2 128 144 85 160 8 3 101 71 11 181 146 171 44 64 200 196 56 27 47 118 73 18 193 112 36 109 62 178 66 114 95 152 158 75 98 134 188 43 15 154 90 41 60 6 159 99 83 126 25 33 165 130 16 13 123 135 93 166 54 48 52 5 91 147 168 76 88 115 179 141 151 186 74 117 192 61 28 170 119 68 199 34 84 21 163 7 129 136 161 79 24 138 67 195 35 86 20 59 162 32 137 111 94 194 174 37 127 17 51 121 31 116 81 190 97 12 142 197 38 63 100 39 125 77 155 183 40 50 80 22 198 156 96 92 53 180 153 191 106 42 30 23 164 65 173 148 182 122 55 89 58
83: 145 102 131 9 29 104 1 169 69 46 110 26 175 108 82 107 103 185 4 150 113 87 140 14 143 78 189 184 187 176 57 149 72 139 49 45 177 157 10 124 167 70 19 120 132 172 133 105 200 68 64 60 3 54 192 55 35 142 21 117 171 144 194 94 89 22 90 151 67 91 163 88 23 125 79 121 114 198 181 123 37 127 193 17 116 126 168 86 80 152 154 99 61 190 119 98 30 2 15 7 156 186 191 95 180 51 11 28 39 183 85 24 138 52 32 179 164 141 196 76 155 44 134 75 137 160 161 199 62 93 71 84 158 20 100 73 166 165 8 48 59 38 173 40 31 16 18 83 178 188 128 122 148 135 136 96 112 63 34 77 74 12 13 25 41 36 109 159 81 65 197 106 147 5 182 43 53 58 6 101 129 118 42 92 130 174 33 170 47 66 50 27 97 146 162 115 111 195 153 56
84: 110 102 1 131 69 9 175 169 82 26 104 29 108 145 150 46 103 107 143 4 87 113 14 184 185 189 176 187 49 140 45 57 149 78 72 139 157 177 70 105 124 172 133 132 120 19 10 167 76 130 23 200 38 106 86 75 99 197 166 148 35 154 123 129 34 81 59 109 192 50 147 64 40 165 144 198 196 63 194 183 88 16 31 126 36 8 42 92 127 111 152 142 195 159 174 98 32 85 51 67 153 15 52 199 11 186 2 181 58 7 138 56 101 6 83 61 158 191 44 91 173 96 47 170 95 30 39 74 121 162 22 18 20 89 41 93 125 135 25 182 190 180 68 119 156 116 80 151 12 163 62 137 112 118 141 179 60 17 100 128 155 54 43 3 134 73 79 146 193 65 21 164 27 117 161 97 90 122 94 28 115 171 77 37 160 114 24 55 136 168 48 5 53 84 188 178 66 71 33 13
85: 145 175 29 26 46 108 1 110 131 169 69 82 104 9 102 107 150 143 184 113 103 14 4 189 87 176 140 185 57 187 72 78 149 49 139 45 177 157 120 10 167 105 172 124 70 132 133 19 96 66 5 43 31 3 83 137 156 65 25 97 11 61 142 35 40 32 154 55 80 24 18 95 74 8 89 190 99 100 73 36 141 195 123 193 6 94 130 85 135 58 170 181 166 88 30 111 92 52 121 98 155 183 50 160 101 2 17 64 144 56 44 38 171 42 163 153 134 16 22 200 68 15 159 37 81 122 173 54 194 136 162 188 115 114 28 67 161 138 164 59 127 165 151 174 125 93 23 51 75 77 47 129 168 158 197 152 178 91 86 71 119 198 63 126 60 12 128 116 27 20 33 79 199 191 21 76 147 90 34 106 39 182 41 148 109 192 112 146 186 53 180 7 179 117 196 84 118 13 62 48
86: 69 29 150 102 169 175 131 110 145 82 9 26 1 104 107 108 103 46 4 184 149 113 143 140 189 87 185 187 139 78 57 14 49 72 176 157 177 45 132 120 172 70 167 19 133 105 10 124 3 39 162 2 12 168 68 91 54 179 182 41 161 163 81 24 126 58 106 32 27 60 85 178 195 121 96 183 170 33 192 63 122 174 118 137 35 50 154 11 15 152 153 66 28 190 79 18 127 109 77 129 193 199 25 141 73 36 155 90 43 5 112 159 47 31 74 119 8 180 181 88 23 17 138 191 65 160 100 7 166 21 51 130 173 92 61 135 101 197 125 6 95 76 117 75 64 34 94 98 55 144 48 42 123 200 38 196 52 142 86 22 40 111 83 97 93 16 188 147 128 151 198 62 146 80 30 114 56 13 44 134 37 53 156 115 67 171 148 20 89 136 59 84 194 158 165 186 99 116 164 71
87: 69 1 26 131 108 169 29 110 102 104 175 9 82 46 145 103 107 143 4 150 184 189 14 113 185 176 87 140 187 149 78 45 57 139 72 49 177 157 132 167 120 133 70 19 10 105 172 124 129 11 109 118 71 17 65 44 96 99 168 30 122 42 160 60 128 106 151 6 158 147 193 164 141 43 89 32 68 23 94 54 48 155 196 95 170 75 114 12 125 53 166 41 56 148 174 127 180 66 154 61 123 137 55 142 39 92 27 91 161 144 183 90 198 194 138 162 18 3 2 165 34 58 171 74 33 77 182 135 52 67 130 111 173 136 51 31 62 178 181 28 73 36 80 83 197 37 195 38 84 15 35 8 115 152 153 50 112 116 63 88 126 121 186 7 5 16 81 85 159 179 86 22 134 200 98 119 97 191 47 20 146 101 190 64 117 40 76 192 199 100 188 79 59 163 24 93 21 13 25 156
88: 46 9 1 82 26 102 110 169 29 131 108 175 145 104 69 107 187 103 4 150 113 143 87 189 78 140 184 14 176 72 185 149 57 139 49 45 157 177 105 70 167 120 124 132 133 172 10 19 44 173 51 122 188 61 81 56 35 155 85 159 75 60 147 76 200 91 106 154 30 170 52 24 41 79 152 100 83 17 90 161 67 94 62 168 47 2 98 15 13 182 130 136 64 195 158 123 93 22 181 194 43 165 112 151 115 196 12 129 117 16 86 58 174 162 146 6 164 114 141 55 3 137 125 97 99 32 5 121 171 73 135 53 127 36 66 37 71 138 59 179 178 21 160 68 192 89 183 180 42 54 148 18 197 39 50 63 84 116 134 88 33 156 190 34 38 40 95 128 11 199 27 193 48 186 31 191 144 7 77 28 8 80 142 109 119 92 198 74 65 163 25 166 20 118 126 153 23 111 101 96
89: 29 110 169 102 175 46 104 1 69 145 26 9 131 82 108 103 107 189 150 149 113 4 143 14 187 185 87 184 140 57 78 176 139 49 72 45 157 177 105 167 133 172 10 124 19 70 132 120 160 127 99 6 173 190 56 162 178 116 34 23 90 54 193 85 156 74 86 42 181 2 186 198 15 188 47 192 152 151 62 35 129 60 92 130 68 44 36 98 158 66 165 182 27 180 88 95 135 63 17 197 109 123 200 11 8 117 81 126 83 52 76 100 41 31 101 164 138 144 97 16 96 89 159 136 65 55 154 183 22 3 142 93 80 73 106 38 5 77 191 122 61 50 155 33 7 128 148 58 111 166 79 21 163 75 51 194 71 168 174 114 59 13 146 118 134 121 67 37 43 18 28 112 171 170 32 199 30 119 153 137 39 20 161 179 84 196 12 64 24 115 147 48 91 125 141 195 53 40 25 94
90: 145 104 46 29 1 131 175 26 110 82 103 108 69 169 102 9 107 113 140 143 150 4 87 189 185 57 14 149 184 78 187 139 72 49 176 45 157 177 10 132 120 105 133 124 167 172 70 19 43 199 160 154 30 2 74 198 148 68 168 138 125 40 122 52 195 91 100 158 73 171 3 111 76 97 147 22 190 146 98 186 86 8 58 13 141 112 96 161 5 47 180 92 75 197 71 12 127 66 173 128 117 77 25 28 178 60 37 166 50 93 83 174 192 181 34 81 119 193 126 89 129 63 59 188 44 56 62 33 114 136 99 134 90 183 115 11 7 116 38 35 54 123 135 137 16 106 156 32 196 179 53 163 151 159 64 42 130 200 17 155 67 182 109 142 27 21 15 18 84 41 65 36 88 152 121 162 94 95 39 85 153 144 164 191 118 61 48 23 80 6 170 101 20 51 194 24 55 165 79 31
91: 9 1 169 145 131 107 82 4 69 108 26 102 175 46 103 110 29 104 87 149 150 143 185 113 187 184 14 139 49 189 57 140 176 78 72 45 157 177 19 172 124 133 167 105 132 70 10 120 58 112 164 99 144 96 161 128 153 97 25 28 194 3 22 129 119 88 63 198 159 61 85 62 20 192 11 155 146 98 34 17 86 27 193 197 73 170 171 141 6 183 91 93 50 30 127 44 173 134 162 12 200 51 24 152 7 95 188 160 13 114 37 195 151 196 142 65 68 178 39 52 80 116 135 190 166 55 64 79 174 32 92 35 71 125 199 137 21 23 136 111 77 33 163 8 121 48 130 115 74 43 165 101 117 126 76 84 123 118 148 90 182 16 186 89 66 191 53 83 18 138 41 94 59 179 67 109 2 31 38 122 168 147 81 181 180 100 106 56 47 54 60 158 36 42 156 75 5 154 15 40
92: 69 29 1 110 46 175 145 131 87 102 104 108 169 82 9 26 103 107 4 150 189 113 140 143 185 149 187 14 184 176 78 49 57 139 72 45 177 157 19 70 105 132 167 124 172 120 133 10 158 198 115 13 67 95 164 129 114 181 128 116 106 125 126 163 117 88 50 162 151 15 111 53 56 63 127 27 30 91 16 186 135 90 155 173 141 25 130 18 73 147 199 80 166 41 93 48 122 28 51 43 142 52 65 121 76 165 188 77 161 37 159 156 118 38 59 60 174 97 39 191 94 23 35 54 86 179 62 178 101 170 55 134 42 12 123 99 40 136 171 7 5 71 200 92 83 34 47 81 32 31 98 119 152 74 160 21 192 180 193 24 61 6 137 66 197 194 68 190 44 17 168 112 154 11 20 146 58 64 183 84 195 182 36 33 100 148 153 109 79 85 96 75 3 22 89 138 196 144 8 2
93: 104 29 110 175 145 108 26 9 69 46 102 107 169 82 1 131 103 113 150 4 143 87 57 185 140 189 184 78 187 14 139 176 149 49 72 45 157 177 120 132 19 124 70 10 172 133 105 167 24 91 122 47 188 156 123 121 71 7 190 34 25 135 12 180 22 147 32 90 130 37 53 191 196 42 97 142 3 137 112 2 148 60 154 134 16 179 68 164 186 166 198 98 35 54 115 86 183 95 99 151 6 30 44 200 129 36 15 111 128 21 92 5 85 174 8 77 152 114 39 118 62 194 162 61 80 48 173 66 52 56 41 67 178 170 88 20 127 181 27 155 159 193 51 40 76 197 11 23 182 89 55 63 199 64 106 74 168 38 94 136 96 73 13 59 146 125 65 116 109 163 101 79 17 195 28 33 31 119 117 192 161 83 84 144 126 100 153 158 138 50 18 43 93 141 81 160 165 171 58 75
94: 169 175 131 46 145 69 102 1 103 82 29 107 26 108 104 9 110 189 4 113 143 14 140 150 176 187 87 57 185 184 78 72 139 49 149 157 45 177 10 19 167 132 70 124 133 105 120 172 56 12 144 33 89 178 11 180 128 18 94 147 126 5 141 160 137 54 116 90 200 101 68 50 20 109 83 142 171 3 16 85 152 40 53 48 31 127 119 99 67 51 84 174 186 196 182 114 183 44 43 80 71 37 162 199 153 194 98 129 92 23 156 193 52 115 32 117 27 21 64 42 28 173 158 190 96 25 58 2 134 112 15 66 7 168 22 73 195 36 121 155 39 148 122 17 170 24 6 63 100 198 191 97 163 93 125 188 8 192 161 38 118 165 76 166 13 79 41 30 34 81 197 62 146 35 159 138 154 151 123 181 86 88 75 179 106 95 130 61 60 135 164 65 91 47 74 136 55 59 77 111
95: 29 69 26 46 108 104 175 82 1 131 102 145 110 150 9 169 103 107 4 187 143 113 87 185 189 14 184 57 140 176 78 72 149 49 139 45 157 177 124 10 167 70 105 172 132 133 120 19 47 64 130 93 21 138 153 15 77 174 60 192 98 79 94 183 115 173 100 198 135 165 74 23 17 128 25 37 16 151 137 52 67 31 76 123 86 196 24 40 59 197 84 2 166 136 66 56 194 83 44 55 51 63 156 163 180 152 112 193 35 111 13 39 106 142 48 30 50 164 116 88 11 126 20 125 91 117 171 99 129 161 68 181 3 80 101 42 8 148 85 28 6 191 200 121 178 144 134 75 186 65 61 41 147 71 7 95 73 182 195 188 199 53 58 33 90 81 18 32 27 38 34 127 119 54 190 154 158 118 168 97 5 96 160 22 62 159 179 170 146 155 162 36 89 114 141 122 92 12 109 43
96: 26 169 108 1 102 131 145 69 82 175 104 110 46 9 107 29 187 4 189 150 103 143 185 184 14 113 176 87 78 140 57 72 49 149 139 45 177 157 167 70 120 10 172 105 132 124 133 19 25 183 194 88 135 99 74 12 86 141 76 142 47 123 79 13 128 127 111 106 98 171 17 136 44 197 66 148 59 67 64 18 119 27 37 89 77 16 146 122 100 154 21 53 93 138 43 196 160 56 65 163 39 165 80 178 20 97 68 156 92 22 15 152 166 174 191 60 179 193 23 3 48 162 173 155 190 32 85 137 73 36 195 198 8 168 186 200 115 63 91 144 75 33 192 101 71 117 125 52 24 182 118 51 83 28 6 7 180 188 58 95 121 114 35 158 153 61 134 181 38 116 94 90 40 109 42 5 170 147 84 130 129 126 164 55 2 50 30 31 112 54 41 161 34 159 62 199 11 151 96 81
97: 46 169 145 69 29 108 9 1 82 150 102 175 104 110 131 26 107 143 103 184 4 187 113 14 140 185 189 57 87 176 49 72 139 149 78 45 177 157 10 167 172 19 132 124 120 70 133 105 161 192 15 154 164 130 8 77 6 95 66 127 22 180 27 99 156 199 178 136 97 92 68 25 90 173 36 151 56 153 35 109 21 101 80 123 148 48 34 159 114 39 118 160 11 112 81 186 196 165 79 17 125 38 76 89 111 7 58 122 126 41 135 93 100 16 128 20 33 144 190 50 115 96 43 64 116 162 129 18 188 138 55 63 183 119 74 198 191 60 44 32 179 75 193 67 42 168 134 62 52 91 147 40 117 73 31 155 194 163 3 53 5 13 47 12 28 86 23 51 141 54 61 181 152 142 37 88 98 200 59 171 24 121 85 166 197 158 71 182 65 146 2 83 174 84 30 137 170 106 195 94
98: 110 175 169 46 131 69 108 104 102 9 145 29 82 1 26 103 187 107 113 189 150 14 4 184 143 87 185 149 176 140 78 57 72 139 49 45 157 177 19 172 167 120 70 124 105 10 132 133 181 99 138 111 188 86 151 41 17 92 65 156 117 52 198 77 196 142 79 158 85 144 155 171 168 123 190 127 160 42 67 173 114 55 8 98 47 18 100 122 153 20 66 38 91 174 21 24 182 163 33 135 159 93 109 106 76 35 54 112 129 74 192 50 118 199 193 134 16 162 37 148 200 101 30 22 115 7 84 25 11 56 130 34 36 23 125 136 5 146 89 13 94 128 154 15 197 44 51 186 71 90 60 68 31 27 81 166 152 32 64 39 165 3 170 178 43 191 40 75 83 137 2 183 28 119 147 59 116 48 97 62 161 58 180 88 53 195 63 61 6 80 12 194 126 95 121 164 73 96 141 179
99: 46 169 103 175 110 187 1 104 108 131 29 9 26 102 82 145 69 4 107 113 14 150 143 185 78 184 189 140 87 57 176 139 72 149 49 45 177 157 19 124 10 120 132 105 167 70 133 172 123 43 52 31 197 161 195 160 109 159 163 200 37 100 74 193 84 2 138 126 77 148 3 115 146 125 73 68 199 151 58 20 5 33 7 53 93 147 85 91 34 92 61 192 98 55 179 136 190 41 60 21 162 83 127 130 134 28 135 170 122 30 96 22 174 12 50 116 86 44 95 180 164 173 39 141 36 56 66 101 17 121 191 198 182 155 154 194 6 111 24 64 183 48 47 168 11 67 8 188 13 99 59 129 42 75 27 89 117 152 181 90 35 71 25 15 51 106 81 16 178 118 165 80 97 79 137 62 94 153 158 65 76 112 119 128 142 18 114 32 196 38 156 186 23 63 54 171 166 88 144 40
100: 108 131 175 145 26 110 29 46 102 169 69 1 9 104 82 150 113 72 103 107 4 187 185 184 143 87 57 189 140 176 14 78 149 139 157 49 177 45 133 10 105 132 19 120 172 70 124 167 93 83 182 58 155 20 27 144 24 166 134 146 142 196 156 18 36 130 64 21 170 164 22 147 25 192 75 193 8 42 117 37 62 85 171 118 43 60 116 168 160 114 115 129 40 191 63 159 111 15 112 153 52 89 77 138 12 48 99 151 53 123 101 195 6 23 17 163 74 30 96 158 125 92 38 47 136 68 80 165 141 200 13 79 128 55 162 188 148 34 67 90 198 186 178 183 100 97 98 5 106 31 59 91 51 152 121 11 61 109 199 2 71 122 94 39 179 73 194 81 54 135 84 173 88 65 137 28 7 44 66 174 180 41 127 35 181 197 126 161 56 95 86 190 32 154 76 3 119 16 33 50
101: 9 1 26 108 102 82 29 169 175 145 107 104 103 46 110 131 69 87 143 4 113 189 150 185 187 72 139 140 14 184 49 78 57 176 149 45 177 157 70 10 172 105 133 132 124 167 120 19 125 59 11 181 144 3 117 101 13 71 68 8 80 158 134 27 53 116 127 166 31 148 47 89 21 155 81 191 17 41 25 85 97 193 128 74 20 30 121 77 152 159 16 151 137 66 161 84 135 86 190 174 48 179 91 90 92 88 60 162 156 171 196 165 112 195 58 100 94 15 54 64 115 98 130 73 42 119 38 62 123 141 164 52 40 186 67 136 138 5 199 32 198 24 93 37 43 197 18 35 2 28 142 56 36 12 173 188 122 55 95 96 168 63 6 61 51 111 22 147 183 50 44 182 65 76 34 79 178 109 154 200 114 160 118 153 146 23 83 7 163 194 39 170 126 75 129 192 106 180 33 99
102: 1 102 131 69 175 26 82 110 46 108 9 29 169 104 145 107 103 150 4 143 185 49 87 113 184 14 176 140 187 189 57 72 78 149 139 45 177 157 10 124 19 70 120 167 105 132 133 172 118 24 195 166 198 31 35 101 67 165 73 68 151 190 44 51 41 7 115 85 64 56 33 18 148 142 50 34 129 141 80 158 53 63 183 77 173 81 65 186 181 114 152 159 62 15 170 136 23 111 3 58 96 155 5 60 39 161 2 196 48 84 92 37 191 171 47 42 99 55 144 109 128 83 11 95 162 89 119 192 178 137 88 197 147 154 27 22 79 21 160 13 138 127 86 12 71 66 28 122 163 36 193 43 125 17 146 106 179 54 116 61 194 97 164 168 117 74 121 199 100 94 126 30 123 188 130 52 59 134 76 174 91 25 20 98 32 93 182 135 6 75 112 156 153 90 200 16 38 180 8 40
103: 104 108 46 29 1 102 110 26 169 131 175 9 107 82 69 145 87 150 103 113 4 184 143 185 187 176 189 57 14 140 149 72 49 139 78 45 157 177 133 120 70 105 172 132 19 167 10 124 88 125 30 28 13 33 63 142 11 171 32 130 161 111 181 123 194 56 154 109 92 68 52 47 162 129 159 136 73 86 58 196 84 183 93 115 95 80 99 8 188 35 18 164 118 7 158 17 152 90 71 74 116 200 186 112 135 64 37 6 91 60 168 25 83 36 51 156 141 62 77 76 5 43 127 40 191 101 41 85 44 94 54 146 122 16 34 195 81 96 193 155 126 31 163 192 24 53 61 138 153 50 106 12 174 147 22 170 137 144 55 179 2 48 67 75 128 59 100 23 42 27 190 121 89 197 180 119 114 182 178 148 65 198 3 79 173 166 151 199 15 20 160 21 165 134 38 66 98 39 97 117
104: 102 108 26 9 104 131 1 46 82 69 29 110 169 145 175 107 184 103 150 113 4 87 143 189 187 185 14 140 176 139 78 57 72 149 49 45 177 157 120 132 172 70 10 133 19 124 105 167 170 36 59 200 195 65 119 141 39 148 158 81 99 111 153 42 199 91 88 5 22 126 98 53 52 134 61 21 156 86 144 127 161 192 73 80 106 115 75 51 128 79 155 154 17 11 13 163 58 112 151 174 90 190 85 95 191 24 146 182 33 136 15 67 122 7 93 3 117 92 23 66 135 16 71 25 164 100 8 38 43 27 6 18 54 35 60 196 152 48 186 180 116 68 50 62 96 171 56 188 64 114 44 101 162 97 137 138 94 2 178 32 89 179 121 130 129 41 194 109 160 77 31 168 183 181 37 20 84 123 40 166 63 147 12 47 74 125 159 118 197 173 76 55 193 198 83 28 165 142 34 30
105: 82 1 169 131 9 110 29 69 46 102 175 108 104 145 26 107 150 103 4 143 189 187 185 49 113 184 87 78 14 176 140 149 139 57 72 157 45 177 105 10 132 19 133 70 120 124 167 172 116 99 117 106 84 73 98 168 2 5 193 178 71 163 134 190 96 55 86 95 3 50 20 88 182 135 48 22 28 171 192 111 65 161 33 174 156 11 51 34 194 94 188 27 56 114 97 153 23 181 164 122 93 129 44 17 79 38 64 125 36 121 58 21 119 123 142 136 8 141 42 7 128 30 115 196 198 146 31 165 173 158 183 81 200 154 12 67 112 60 62 39 85 74 170 186 24 101 159 199 35 166 127 63 138 32 61 160 155 195 59 197 179 89 13 130 40 6 151 144 41 75 147 83 66 126 152 80 92 77 137 148 100 37 118 25 180 16 109 15 91 76 47 18 43 53 162 54 52 68 90 191
106: 131 107 29 102 110 175 82 46 169 1 104 26 69 9 145 108 4 103 150 143 189 187 185 113 140 14 184 87 149 57 176 72 139 78 49 45 177 157 133 10 19 167 105 172 132 124 120 70 94 37 128 68 84 65 79 161 40 88 16 75 171 13 33 51 80 127 18 92 181 22 44 152 50 47 144 135 122 27 67 116 191 77 163 63 174 30 11 56 38 111 137 62 170 41 179 194 136 89 64 32 58 85 178 119 164 15 112 71 193 99 35 5 182 96 97 48 147 126 123 134 60 114 34 129 86 142 39 196 192 117 93 7 159 158 76 20 199 73 54 3 115 52 28 100 130 141 6 66 106 146 188 98 165 109 156 17 95 8 90 59 162 36 198 183 101 43 153 173 197 195 168 160 2 21 186 154 180 91 25 125 53 12 200 121 148 24 190 166 81 74 23 138 31 83 151 42 61 155 55 118
107: 29 104 145 46 26 102 9 131 169 175 1 69 110 108 82 140 4 150 143 103 107 189 113 184 187 78 87 185 14 176 57 72 49 139 149 45 177 157 167 10 124 19 105 133 120 172 132 70 126 136 191 101 76 28 127 64 164 180 153 168 122 11 35 118 195 52 100 51 117 125 59 50 160 56 16 171 98 116 68 93 86 63 115 25 89 24 154 111 95 163 112 193 146 198 54 128 165 33 20 42 47 23 106 199 97 182 74 39 40 91 17 166 92 119 85 129 15 178 192 66 62 158 88 77 71 152 99 161 174 43 138 134 32 137 73 141 121 27 186 67 156 84 123 37 58 96 34 130 2 159 44 200 94 75 183 197 81 173 179 151 12 181 155 196 109 194 3 188 61 21 5 22 142 83 60 79 55 147 190 30 80 8 135 48 31 144 7 41 90 18 65 38 6 36 148 53 162 13 114 170
108: 46 110 26 29 175 9 145 82 104 108 102 169 131 1 69 150 107 4 103 143 49 185 113 14 78 87 184 187 140 176 189 57 139 45 72 149 157 177 132 105 124 70 120 172 133 19 10 167 74 80 170 146 21 13 193 38 153 58 165 135 2 111 22 117 173 3 59 121 160 54 55 63 34 94 32 86 5 89 75 42 60 16 200 155 128 37 136 100 106 84 90 65 61 116 62 178 127 51 191 137 141 77 23 52 30 28 156 44 47 83 166 162 12 6 199 92 158 198 138 68 27 197 123 95 183 31 64 154 182 181 79 168 24 109 179 134 114 8 151 7 67 66 196 97 25 144 96 152 56 76 180 188 99 11 112 194 171 93 115 40 130 41 50 71 98 119 20 186 88 161 81 33 122 159 39 147 15 91 163 129 142 125 18 192 190 174 35 36 195 43 101 126 85 73 48 17 148 118 164 53
109: 169 9 131 108 29 110 175 46 26 1 145 107 102 82 103 69 104 4 189 185 184 113 150 143 87 187 14 140 176 139 57 78 149 72 49 45 157 177 133 70 120 124 105 172 10 167 132 19 116 112 43 194 35 18 111 52 151 190 186 50 163 66 67 39 13 79 154 81 16 101 171 3 178 86 106 97 55 44 129 198 122 53 71 156 68 37 24 126 61 98 75 15 183 174 88 135 85 114 141 142 17 119 170 91 152 100 7 165 2 62 117 32 138 123 95 56 147 166 47 20 160 74 92 90 23 80 125 63 93 31 51 137 76 161 38 195 58 94 153 22 173 99 84 146 179 155 188 5 64 162 77 158 83 115 25 118 40 193 136 54 89 11 144 36 65 8 28 199 73 127 164 148 182 191 33 159 200 48 109 42 21 60 59 168 130 96 30 12 6 121 197 196 180 192 134 128 181 34 41 27
110: 104 145 26 107 108 102 1 175 9 110 69 169 46 131 82 29 103 4 189 57 150 113 143 14 184 185 87 187 176 140 149 78 139 72 49 45 177 157 19 105 132 172 120 70 133 124 10 167 188 64 13 196 61 56 111 79 73 74 181 153 137 136 25 155 141 118 101 94 128 84 76 174 62 142 115 173 158 162 146 95 183 168 41 20 59 35 151 90 186 77 148 152 33 147 129 89 156 135 3 126 8 144 58 55 36 2 81 112 68 193 47 92 37 83 28 138 80 165 166 16 121 43 97 163 93 170 199 5 12 60 190 32 178 160 34 23 51 42 50 54 106 179 66 200 53 182 6 21 52 17 24 154 119 31 38 171 197 122 123 88 39 125 30 195 161 98 191 130 198 109 22 116 159 85 100 194 164 192 114 99 117 7 86 18 71 11 134 180 91 40 65 27 63 96 15 127 48 67 75 44
111: 1 26 82 69 104 169 145 102 131 46 9 108 107 110 29 189 175 4 143 150 103 187 113 87 184 176 14 185 140 72 78 139 57 49 149 45 177 157 132 10 19 105 120 70 133 172 124 167 59 130 186 8 123 77 90 121 85 56 114 18 101 137 16 122 160 12 31 166 128 179 67 97 158 60 106 195 134 136 58 180 196 99 64 138 37 32 142 135 43 62 156 129 173 88 44 111 162 109 50 52 159 171 53 3 36 191 61 66 174 74 28 141 93 20 81 80 144 95 86 89 190 126 68 41 6 30 65 193 170 155 148 94 164 2 21 23 146 183 84 182 75 116 13 127 34 168 199 24 22 38 40 117 98 83 76 163 17 100 181 48 71 79 33 5 96 192 151 118 119 35 178 152 188 15 54 39 165 42 11 25 200 125 198 197 27 7 91 55 112 161 47 194 153 63 51 147 92 73 115 154
112: 102 9 1 46 145 82 26 69 131 169 175 108 29 104 110 107 4 14 143 103 150 189 113 185 187 184 87 140 57 149 139 176 78 72 49 45 177 157 133 132 105 172 10 167 124 19 70 120 191 182 61 63 96 163 2 20 199 22 112 155 67 94 197 55 162 98 170 17 106 114 35 75 134 51 97 198 3 60 15 153 116 32 5 160 56 168 117 68 121 118 181 200 147 25 156 27 11 135 37 165 161 13 93 18 190 146 38 173 123 111 151 180 12 48 59 136 86 183 129 91 142 85 66 54 159 194 7 40 36 148 73 166 178 119 90 65 141 100 154 16 64 195 41 47 77 171 115 39 99 23 31 164 89 76 186 50 6 127 179 188 58 28 52 126 137 196 79 130 95 43 53 30 101 84 80 92 33 42 74 144 158 88 44 128 125 81 193 122 152 83 138 34 24 109 21 192 174 71 8 62
113: 69 82 104 175 29 131 102 145 1 110 169 9 46 26 108 107 14 103 113 150 4 184 87 143 189 140 185 187 72 176 57 78 149 49 139 45 157 177 10 132 167 133 172 19 124 70 105 120 135 136 198 170 64 62 161 174 44 151 89 171 192 56 21 5 194 71 97 159 73 31 121 118 16 15 22 112 179 61 18 193 76 154 83 8 53 32 24 65 138 168 58 63 148 12 122 91 33 60 13 195 158 155 142 199 125 190 41 146 144 20 39 51 180 160 188 109 84 74 94 30 81 152 123 59 128 196 67 117 55 127 163 79 200 36 88 93 42 43 130 100 178 66 153 101 7 52 134 191 75 181 126 137 186 156 115 38 95 116 80 2 165 164 182 96 92 37 99 27 183 11 147 17 34 111 3 48 173 47 98 197 35 141 68 50 77 40 85 90 54 25 28 23 106 6 129 119 162 114 86 166
114: 108 29 82 9 169 145 103 26 110 104 1 46 69 175 131 102 150 107 4 87 113 143 14 184 189 72 187 140 139 185 57 149 176 78 49 45 177 157 10 105 132 70 167 172 124 133 19 120 117 15 180 89 127 109 134 93 168 174 42 24 66 125 192 161 62 59 38 194 188 5 159 90 141 32 68 199 71 95 61 154 67 34 116 114 163 43 195 91 40 13 144 111 122 155 173 20 48 88 39 36 170 73 128 152 8 2 47 92 84 64 148 147 41 96 31 81 25 160 142 178 198 171 190 196 129 83 21 80 181 165 121 151 106 63 74 30 76 191 28 94 97 17 54 79 44 193 182 56 51 52 75 86 166 77 130 135 162 118 183 98 85 146 119 6 153 137 115 136 101 65 156 112 164 22 123 23 197 53 16 55 126 100 99 7 179 138 27 60 58 18 200 158 33 11 50 37 35 3 12 186
115: 104 82 110 46 145 26 69 131 175 102 169 9 29 108 1 107 103 113 150 189 185 4 140 143 87 187 14 184 57 176 49 149 139 72 78 45 177 157 132 105 120 124 19 70 167 172 10 133 92 129 30 171 115 180 106 61 173 122 159 31 152 85 66 24 142 163 90 28 8 62 44 183 170 56 127 147 112 20 178 162 12 130 174 99 89 38 68 181 5 192 119 77 164 16 146 54 179 117 134 34 63 88 154 97 15 25 47 71 21 160 41 151 91 125 51 148 58 80 59 42 98 6 50 75 128 186 138 11 3 182 35 109 83 13 76 17 37 39 84 86 48 27 23 36 73 200 158 168 101 161 194 193 195 116 93 43 137 156 155 190 188 53 64 67 96 191 60 40 153 196 166 136 126 2 55 111 94 18 33 65 199 74 118 52 135 141 121 100 197 81 144 32 165 198 95 7 123 114 79 22
116: 46 82 26 169 110 108 9 175 69 1 29 103 104 145 131 107 102 113 4 150 140 143 189 185 187 87 72 184 14 176 139 49 149 78 57 45 157 177 10 105 167 132 70 124 172 133 120 19 194 127 152 44 159 97 122 5 125 147 74 161 99 144 186 81 151 36 198 39 28 158 42 119 58 168 38 115 32 178 91 174 35 166 94 192 88 54 50 146 106 190 129 134 153 92 47 23 80 3 188 181 84 111 63 59 22 62 25 93 71 154 52 90 17 64 89 30 60 66 73 136 2 179 121 117 128 18 173 171 6 164 137 95 183 20 83 7 162 68 100 27 15 116 199 160 12 77 33 24 34 138 180 55 141 123 163 86 76 156 165 51 98 118 200 195 142 101 191 16 75 130 126 37 43 135 85 11 31 182 40 96 48 112 13 61 170 53 193 148 109 8 65 197 67 56 196 155 41 114 21 79
117: 104 131 9 108 175 102 69 26 110 145 169 1 46 29 82 107 4 150 103 139 143 14 185 113 87 176 189 184 78 140 187 57 49 149 72 45 157 177 70 19 105 133 120 124 10 132 172 167 44 153 119 17 42 180 5 74 99 27 168 96 195 92 25 95 8 135 41 43 156 12 85 55 64 197 86 112 138 13 98 129 186 173 20 142 158 56 137 93 193 116 47 174 162 123 7 170 117 21 130 89 155 163 37 194 198 141 148 126 53 91 6 196 11 51 84 128 183 192 38 109 62 188 35 164 79 97 66 159 161 80 16 134 154 22 40 52 24 28 160 34 190 59 111 67 182 36 171 118 18 3 31 90 101 181 127 73 191 114 166 125 178 152 33 83 151 61 81 15 60 147 30 200 2 136 63 199 100 65 48 122 146 94 50 179 75 23 58 77 88 32 68 115 106 121 39 165 144 54 76 71
118: 102 108 110 175 107 169 29 82 69 104 1 46 145 26 131 9 150 72 4 103 14 113 185 189 143 187 87 140 184 176 49 139 57 78 149 45 177 157 19 133 167 70 105 172 124 120 10 132 93 116 22 156 80 161 7 153 99 13 36 200 188 194 81 17 12 51 129 91 190 83 158 183 64 25 74 168 20 61 173 30 92 58 136 166 47 28 114 90 34 135 101 42 186 8 89 23 65 137 73 77 148 160 109 79 112 96 106 48 191 76 43 5 84 98 21 151 62 163 11 24 38 196 18 119 44 39 53 115 197 52 199 85 54 159 35 165 126 56 181 50 100 179 3 152 32 164 2 40 138 63 123 55 33 60 95 127 198 15 67 88 122 111 144 154 6 68 142 147 59 118 117 180 171 27 134 195 155 86 41 37 141 182 146 71 125 174 94 192 128 66 16 130 193 75 162 31 97 178 121 170
119: 102 110 145 169 104 69 175 108 26 29 46 9 107 131 1 82 103 4 150 140 14 143 113 185 187 57 189 184 78 87 176 139 72 149 45 49 157 177 10 132 124 105 19 120 167 70 172 133 96 17 161 119 168 151 11 182 35 13 52 2 153 27 148 166 200 42 39 115 74 156 94 68 53 18 195 43 137 164 125 47 41 20 171 54 38 126 34 37 12 15 129 111 67 114 66 88 61 59 36 50 109 128 196 79 90 98 155 144 181 183 77 178 142 6 152 55 118 3 64 84 62 112 194 21 192 33 58 180 85 99 76 134 89 106 165 91 40 146 158 190 60 83 141 28 63 101 191 198 86 95 16 71 8 93 44 48 162 193 179 7 31 117 100 188 160 51 186 32 25 5 65 174 136 122 199 97 197 30 159 23 138 81 127 123 80 163 22 73 92 170 24 130 173 135 56 116 121 154 75 147
120: 69 169 29 46 1 4 145 26 131 102 175 82 9 108 110 103 104 185 107 150 14 140 113 184 87 143 189 187 176 57 78 157 139 49 72 149 45 177 133 132 124 70 172 167 105 120 10 19 97 30 127 116 171 158 17 166 84 48 44 12 101 2 135 188 36 129 156 58 179 178 141 63 154 38 138 25 126 56 137 142 160 47 53 96 91 71 73 52 200 196 81 134 148 191 20 106 163 121 155 195 128 35 55 32 115 64 123 86 75 186 34 54 144 181 60 21 61 85 125 183 192 40 79 62 27 173 136 13 147 59 11 122 111 22 152 89 65 7 8 80 42 18 28 130 190 162 118 98 170 174 193 198 159 23 199 109 164 83 31 68 66 3 16 77 146 180 15 182 90 94 74 43 100 194 168 88 37 95 24 112 99 51 41 50 76 165 153 5 119 151 114 39 92 6 197 161 33 93 67 117
121: 131 175 26 108 169 82 46 29 69 104 9 110 102 145 1 184 107 103 4 150 113 143 185 87 189 140 149 187 57 176 14 157 78 72 45 139 49 177 132 167 70 172 105 10 133 19 124 120 98 47 88 92 170 141 97 192 22 85 64 106 193 126 18 163 15 76 190 48 166 83 151 35 95 165 81 42 138 90 54 39 171 37 60 36 33 52 80 100 30 96 43 71 32 191 161 164 58 154 118 74 188 16 91 119 148 24 128 116 178 101 13 17 111 27 73 11 142 59 153 152 8 66 155 121 160 75 122 21 53 168 162 63 123 86 174 117 129 180 159 99 93 181 198 115 112 2 50 77 25 7 12 147 200 146 3 23 156 20 179 158 199 194 61 114 28 125 41 183 196 130 94 144 186 38 65 197 136 5 31 44 55 62 51 40 89 34 84 68 195 6 127 173 137 79 134 182 56 109 135 67
122: 145 169 175 108 131 104 82 69 110 29 102 46 9 1 26 103 143 107 4 150 185 113 87 14 189 187 184 140 139 176 72 57 78 149 49 45 177 157 70 172 19 10 120 124 132 105 133 167 16 112 116 36 51 54 171 53 28 90 182 165 85 81 5 17 83 40 101 56 59 174 48 125 121 141 98 188 114 27 178 152 197 25 41 12 18 68 47 193 191 181 24 88 32 64 118 44 95 94 156 200 80 173 58 96 137 170 195 135 65 75 159 128 198 33 22 100 7 8 79 109 43 2 199 91 144 15 138 76 127 92 66 129 74 60 154 52 3 89 117 62 147 11 164 160 196 37 168 97 67 31 39 126 153 163 6 23 136 192 190 122 55 180 77 142 146 186 99 71 130 61 183 111 20 42 35 148 50 179 151 38 30 123 158 194 119 161 34 115 155 162 86 63 166 134 73 21 106 93 84 13
123: 169 69 131 1 104 9 108 175 29 26 46 82 110 145 102 4 103 107 150 113 14 189 87 184 187 185 143 49 140 176 57 149 72 78 139 45 177 157 133 124 70 19 10 167 132 105 120 172 136 22 21 83 6 100 30 64 17 137 68 123 18 114 67 98 162 134 7 93 92 24 23 94 47 146 148 118 97 40 48 147 99 112 152 190 142 32 144 5 76 11 61 115 12 41 191 88 122 195 160 141 166 156 121 130 163 183 186 33 90 154 125 74 44 171 170 43 50 91 153 28 165 168 101 53 158 52 196 55 151 27 85 13 180 71 181 65 117 37 164 51 81 119 20 73 173 60 84 106 174 198 36 80 179 77 34 86 159 96 59 89 161 193 194 155 111 3 63 95 31 2 192 178 39 38 199 35 79 126 116 58 66 182 135 128 129 16 42 15 56 109 138 62 25 8 54 200 197 127 75 188
124: 9 169 108 1 26 29 46 69 131 145 104 175 82 110 107 102 103 4 87 143 113 187 189 150 14 185 49 184 140 72 149 176 57 78 139 45 157 177 19 132 120 167 172 105 70 133 10 124 111 67 116 180 135 18 64 192 178 147 136 118 43 21 160 128 74 75 52 71 51 36 158 141 88 31 25 119 8 56 151 39 95 81 30 34 121 50 28 200 174 188 68 76 86 22 93 77 60 194 179 171 186 55 44 63 138 7 164 97 112 134 65 191 153 12 20 161 154 127 183 83 196 17 79 181 5 33 155 80 182 199 193 24 159 91 54 38 53 130 122 144 92 137 109 23 48 35 129 163 2 15 59 146 85 40 61 13 117 152 84 96 123 98 168 37 101 198 162 47 11 190 27 89 165 166 94 16 156 73 62 114 126 195 170 115 90 32 58 41 99 3 100 125 106 197 6 148 66 42 173 142
125: 29 104 131 1 69 169 102 26 110 82 46 145 9 108 175 143 4 103 150 107 189 140 113 184 187 72 185 14 87 176 149 57 78 49 139 45 177 157 133 167 124 105 70 172 120 19 10 132 93 137 111 152 75 33 7 112 53 73 16 127 115 192 160 98 60 195 173 114 130 24 198 180 59 182 190 158 20 181 41 44 179 162 146 84 135 27 39 142 99 183 154 25 186 147 47 164 35 37 28 191 11 161 144 79 71 151 126 31 6 43 100 174 168 85 159 48 148 119 141 30 2 42 74 3 67 117 51 125 36 197 193 101 65 61 83 196 89 80 94 63 18 56 129 64 178 116 23 156 171 55 153 54 136 194 155 21 58 50 66 96 88 5 91 86 32 13 170 38 123 12 106 81 163 34 109 199 138 77 200 121 76 97 15 8 134 188 122 118 128 165 68 40 62 17 166 90 22 52 95 92
126: 29 104 131 69 169 82 108 102 110 145 1 150 175 4 9 26 46 103 107 143 184 87 72 113 14 185 189 187 140 149 176 45 78 139 57 49 177 157 10 133 167 124 19 70 105 120 172 132 6 134 192 74 190 109 158 3 152 100 2 85 191 88 67 135 165 42 193 160 56 195 83 137 11 64 53 198 136 173 182 30 16 188 114 99 142 179 27 153 86 55 18 22 65 125 32 144 93 98 38 116 91 8 80 119 40 163 58 151 84 71 111 174 138 199 164 183 117 39 194 44 129 48 68 154 21 141 112 180 59 77 33 95 52 106 127 197 60 200 50 12 31 79 159 37 89 24 34 156 171 63 73 161 130 94 123 35 121 81 41 96 23 170 28 166 118 20 147 115 43 61 92 66 62 17 196 186 126 5 7 13 128 15 76 25 168 90 155 181 75 51 162 101 36 97 148 178 122 47 54 146
127: 46 110 175 29 82 104 131 69 169 9 145 102 1 26 108 103 107 189 187 150 14 4 87 113 185 143 140 184 78 57 149 176 49 139 72 45 177 157 70 133 105 172 120 132 124 10 167 19 75 130 7 88 128 193 174 111 179 91 20 35 95 160 99 56 76 114 11 54 162 180 8 44 115 32 27 52 92 148 34 47 71 200 43 126 83 155 15 171 62 196 127 80 129 60 122 188 39 93 5 21 68 106 38 181 85 192 6 138 59 96 18 116 154 66 42 183 137 79 41 156 61 197 121 151 25 168 101 163 77 63 73 86 94 190 134 51 173 119 58 166 191 146 186 74 135 2 159 55 117 22 158 195 199 16 23 123 33 125 37 12 84 153 194 90 3 170 67 17 64 89 198 28 31 164 112 178 165 65 50 40 30 24 182 100 144 97 118 136 141 98 13 53 48 142 109 152 161 81 147 36
128: 82 26 104 145 175 108 1 46 9 69 102 29 110 131 169 87 107 103 143 150 4 189 185 184 113 14 149 187 139 176 140 57 72 78 49 45 157 177 105 132 10 19 120 167 124 172 133 70 181 17 43 28 192 156 81 79 3 93 153 20 15 128 76 118 50 165 67 170 16 80 68 96 141 91 52 178 121 8 84 7 64 30 97 37 134 160 86 114 36 65 62 136 112 51 130 74 162 173 99 126 196 94 154 24 123 106 179 21 117 137 98 23 2 161 198 119 27 32 138 61 147 83 34 25 148 85 174 163 47 194 116 40 66 38 41 195 60 75 55 188 115 58 77 31 191 71 92 59 180 125 6 73 56 90 101 159 18 44 155 35 11 190 12 63 182 200 199 5 88 89 197 152 13 186 129 183 164 142 151 95 127 111 48 109 39 100 158 171 193 168 144 122 53 135 146 33 42 54 22 166
129: 29 175 110 9 46 104 131 169 108 102 26 145 1 82 69 107 103 113 4 150 187 14 143 140 189 185 87 57 184 176 78 149 49 72 139 45 177 157 19 133 105 167 120 132 124 70 172 10 164 37 30 194 123 119 33 50 153 171 61 58 173 191 21 165 130 155 156 88 118 54 79 101 127 170 23 126 199 144 159 5 64 65 52 59 3 31 193 135 138 168 99 161 112 12 47 73 95 17 106 11 86 92 71 181 76 100 6 96 89 147 7 27 63 91 75 174 142 81 32 94 98 55 186 77 195 146 122 34 18 67 178 160 40 114 56 22 188 158 68 117 151 180 136 97 115 80 20 13 83 53 111 137 121 25 125 85 66 190 154 182 90 43 39 35 183 93 8 152 198 2 163 200 62 134 48 84 38 196 116 44 36 197 60 166 15 74 179 24 129 141 192 28 162 41 109 128 51 148 42 16
130: 29 108 9 69 175 131 1 82 4 104 46 26 145 110 102 169 103 14 107 113 150 143 184 189 87 185 72 140 78 187 176 57 49 139 149 177 157 45 10 172 133 70 105 19 120 167 132 124 166 55 31 32 190 93 83 199 130 129 156 174 15 168 71 95 197 76 44 155 125 25 123 35 52 61 50 193 164 33 91 54 138 178 75 24 56 84 181 127 170 200 182 30 136 28 179 152 17 86 92 89 79 51 126 142 6 111 12 118 186 41 7 198 8 171 160 67 34 64 21 94 180 11 80 158 151 18 119 116 117 40 153 5 161 154 48 59 36 163 81 146 188 135 194 3 98 62 159 196 121 128 38 85 137 112 192 73 68 106 122 195 144 97 148 165 99 20 58 22 60 183 13 100 191 47 90 39 134 65 109 147 2 115 63 77 27 43 141 23 88 37 173 96 66 42 74 162 53 16 114 101
131: 131 169 1 175 29 26 102 108 69 46 82 145 143 104 9 103 110 107 4 113 150 14 189 187 87 140 139 45 185 78 184 57 149 72 176 49 157 177 172 124 167 19 132 70 105 133 10 120 199 194 89 55 92 73 193 16 162 2 5 122 76 61 83 168 52 195 170 136 137 36 90 138 31 39 197 37 183 180 59 154 152 141 30 6 22 44 64 96 34 147 134 116 114 23 151 40 35 127 159 75 79 98 85 190 153 95 115 160 129 12 21 68 48 111 50 97 71 146 18 66 67 125 123 126 81 99 42 109 53 186 178 188 27 112 155 11 58 192 28 144 7 63 130 163 60 3 32 182 80 191 93 165 47 148 51 88 54 74 198 142 25 158 33 41 173 171 43 65 106 24 101 86 135 77 164 121 119 62 15 181 17 174 56 128 38 166 161 117 118 196 200 179 94 91 100 13 156 84 8 20
132: 104 131 169 26 82 175 108 1 110 29 69 46 145 9 107 102 113 103 4 14 150 87 143 189 140 187 185 184 176 57 149 78 49 139 72 45 177 157 132 124 70 120 172 105 167 10 19 133 116 153 11 42 3 33 71 81 161 18 79 170 2 35 89 51 147 98 121 17 135 171 64 126 111 129 77 100 74 180 146 21 7 162 13 40 142 197 186 20 196 97 53 54 25 193 67 48 181 30 109 73 85 62 192 182 156 55 115 12 15 117 99 76 52 28 134 22 93 138 37 112 200 155 194 43 88 59 163 144 8 173 60 80 137 58 122 160 63 75 50 101 68 178 151 86 128 31 106 84 36 158 61 130 27 165 90 123 5 92 125 114 24 166 154 39 47 94 198 174 183 96 148 34 95 38 41 56 195 159 23 190 188 127 83 136 179 32 91 6 66 44 191 118 152 16 65 141 168 119 199 164
133: 9 46 1 104 110 102 131 175 26 4 69 103 82 29 169 108 107 145 150 14 143 113 187 87 189 140 78 57 185 184 176 149 72 139 49 45 177 157 10 124 105 167 132 172 120 133 19 70 163 127 71 75 86 13 181 197 153 128 17 47 195 73 122 129 27 147 116 159 94 12 79 43 154 199 28 88 137 148 91 111 7 123 24 25 151 190 44 11 59 180 84 35 165 68 97 146 61 32 170 48 164 99 54 62 53 31 158 96 130 171 173 192 56 55 198 191 67 64 134 179 100 115 20 121 93 16 39 30 34 36 22 38 85 2 126 6 50 15 193 98 109 112 90 42 119 66 155 95 58 186 114 138 135 5 51 200 65 18 37 81 33 168 83 8 117 89 118 92 23 63 101 166 77 162 136 183 161 3 188 125 194 196 174 142 21 156 80 106 178 160 144 152 74 40 182 52 141 60 76 41
134: 169 82 26 104 29 110 102 145 131 1 69 9 46 108 175 107 103 4 143 150 140 189 113 14 176 72 87 187 184 185 57 78 149 139 49 45 157 177 133 10 105 132 124 70 120 167 19 172 135 77 127 90 122 89 30 130 191 58 61 136 174 75 74 152 98 142 182 134 81 64 112 155 15 94 92 161 114 93 128 63 42 163 183 171 193 86 195 68 20 21 186 2 200 52 154 144 40 99 54 80 13 109 126 85 158 153 180 56 35 95 53 6 67 3 164 178 36 197 166 138 44 101 11 60 91 121 159 25 151 148 198 162 194 168 43 34 115 33 188 55 51 118 47 137 129 65 16 117 165 170 125 66 79 156 31 83 111 24 8 100 141 119 62 41 27 18 199 96 22 181 39 17 84 146 160 32 179 38 73 147 48 37 173 12 97 59 192 88 7 76 196 106 50 71 5 123 116 28 190 23
135: 131 26 169 175 110 82 46 107 1 108 69 9 102 104 145 29 189 14 103 4 150 87 113 184 149 176 143 185 187 140 72 78 57 139 49 45 157 177 105 133 70 167 124 10 19 172 120 132 55 100 8 7 129 76 160 36 186 86 146 24 178 66 153 93 179 183 22 74 41 196 28 90 118 64 32 44 135 6 198 96 109 99 174 27 138 192 56 11 65 40 125 166 191 137 161 142 115 53 170 114 122 121 18 80 134 182 71 88 188 197 60 38 39 156 92 17 158 37 59 194 63 193 33 67 81 2 168 73 79 123 54 31 106 180 165 144 94 141 147 163 101 83 48 52 68 155 152 119 112 148 62 20 89 58 13 128 117 51 111 84 181 154 16 5 199 50 25 171 136 12 195 43 77 130 116 126 61 85 34 97 30 151 15 35 3 47 159 95 42 75 162 98 173 127 91 164 23 190 200 21
136: 110 69 104 169 1 131 29 82 108 102 145 26 9 46 175 107 113 103 4 187 143 150 87 185 14 184 189 140 49 149 139 176 57 72 157 78 45 177 124 172 132 133 167 105 120 10 19 70 85 100 109 97 28 112 23 22 137 164 76 30 68 119 151 62 39 16 174 141 126 101 121 162 128 63 115 159 178 94 117 186 75 192 79 116 21 77 156 54 43 122 95 90 64 12 38 66 25 52 71 165 155 56 2 42 168 34 148 61 158 80 163 118 27 83 170 51 15 96 59 17 65 8 11 91 93 123 135 60 106 81 5 161 160 125 138 114 24 37 127 84 200 194 32 146 48 67 92 183 179 166 7 130 35 89 154 136 188 36 55 182 44 53 40 198 86 99 41 88 33 153 180 47 181 193 50 58 142 197 73 3 111 171 173 190 18 31 20 191 98 6 74 196 144 13 147 129 134 152 199 195
137: 102 175 69 145 108 110 82 1 26 169 9 46 131 107 150 104 29 103 113 185 4 143 187 189 87 14 140 184 176 149 78 57 72 49 139 45 157 177 172 70 167 105 19 132 10 124 133 120 31 142 41 126 27 199 34 147 98 94 77 153 47 109 127 96 22 141 91 193 55 101 99 16 138 117 53 73 112 17 64 76 182 50 191 33 181 85 30 162 106 174 164 65 159 74 8 129 125 168 148 79 135 136 2 35 188 51 62 197 68 151 60 90 43 196 119 71 192 75 58 195 67 12 171 80 32 165 59 66 37 5 39 130 13 178 121 28 118 186 198 40 114 92 25 95 123 83 200 36 52 146 179 161 160 20 144 111 154 89 18 152 115 97 42 54 38 63 44 21 48 24 156 11 100 81 15 61 170 6 183 128 116 137 134 194 155 93 88 122 84 158 173 180 86 56 3 7 190 23 166 163
138: 9 104 29 169 175 26 145 110 82 46 102 108 131 1 69 103 150 4 107 113 187 143 189 14 87 140 185 184 57 176 72 139 49 78 149 45 177 157 124 167 172 133 70 105 120 132 10 19 80 7 128 81 117 135 134 195 5 162 109 112 44 115 194 24 101 22 85 174 54 148 61 142 77 35 94 41 186 11 125 88 121 179 16 159 58 160 171 161 62 91 13 92 158 196 31 96 114 75 36 66 126 156 180 73 53 188 83 67 146 90 6 38 116 30 25 130 181 34 32 200 191 43 47 147 173 190 155 28 138 56 39 21 59 136 51 27 199 137 64 192 20 198 68 168 165 122 99 37 118 65 17 79 123 166 95 89 3 141 97 55 93 153 33 52 23 60 182 129 193 84 12 74 152 15 178 76 100 18 144 127 71 151 106 48 40 63 163 170 183 197 86 98 42 154 2 119 164 8 111 50
139: 46 26 108 29 131 110 82 1 107 69 104 175 169 102 145 150 9 113 4 103 143 189 87 184 187 14 185 78 176 57 140 49 149 139 72 45 177 157 120 167 172 10 19 132 105 133 124 70 135 84 2 151 60 159 76 92 23 95 11 188 116 160 199 43 148 152 96 156 18 15 86 27 122 21 195 134 100 170 194 31 94 71 55 198 17 40 99 74 174 36 115 181 37 146 127 88 48 98 5 121 16 162 154 141 192 63 155 165 58 52 161 51 8 47 20 147 173 200 22 44 144 168 128 111 129 179 196 109 38 197 24 190 66 73 163 59 125 64 79 3 158 77 193 123 101 13 61 182 178 7 97 42 90 91 41 6 81 67 85 153 50 126 34 93 54 30 56 136 118 83 114 28 32 12 171 137 180 183 35 33 142 164 130 89 138 53 75 25 186 106 65 39 191 112 80 166 117 68 119 62
140: 175 169 1 29 108 82 46 145 26 69 110 102 104 9 131 150 103 107 143 113 4 189 87 57 187 14 184 139 185 176 140 78 49 72 149 45 177 157 105 10 172 132 70 19 133 120 124 167 58 200 67 22 125 173 62 179 88 94 95 30 199 43 56 156 122 197 51 106 154 24 158 182 168 174 109 155 178 137 195 6 180 63 148 96 144 190 20 119 141 21 81 83 147 76 90 121 97 80 34 86 92 100 28 73 75 91 166 77 161 25 123 5 151 159 8 191 134 74 112 170 117 98 38 153 128 163 16 127 66 60 71 99 101 15 152 7 188 2 183 59 18 126 84 12 181 116 23 162 11 64 17 47 164 40 42 138 129 54 50 35 52 142 160 79 85 194 61 32 37 41 192 193 48 3 68 53 136 198 111 114 115 146 118 165 13 171 130 65 196 33 135 93 55 27 186 36 89 44 31 39
141: 82 108 110 169 175 1 29 46 185 145 104 69 131 26 102 9 103 107 150 113 143 4 187 87 14 140 184 189 49 149 176 139 57 78 72 177 45 157 132 124 105 70 172 19 167 10 120 133 60 90 24 23 156 40 42 86 16 28 138 95 74 31 56 119 59 162 71 155 182 163 12 122 93 43 30 148 178 96 62 27 195 67 100 73 173 192 123 3 136 106 34 38 61 165 174 128 51 2 186 83 48 134 88 109 99 44 37 68 101 35 158 114 50 118 161 79 183 8 84 191 65 54 135 5 151 20 196 130 7 111 81 112 22 115 41 190 144 170 117 55 166 32 17 197 97 129 21 64 92 18 153 77 13 63 168 6 141 147 200 125 160 159 152 194 121 36 52 91 76 198 180 58 199 137 66 164 11 127 80 98 126 142 53 75 15 47 181 179 171 116 154 94 33 25 188 85 146 193 89 39
142: 104 69 26 29 46 110 1 9 108 102 131 145 175 82 4 169 113 107 103 187 143 150 87 189 14 185 184 72 140 78 57 49 176 149 45 139 157 177 10 132 124 167 105 120 172 19 133 70 30 125 158 112 118 194 94 7 138 99 41 91 146 73 5 59 116 173 88 20 43 74 6 200 170 61 3 163 128 50 98 126 33 171 77 191 166 136 17 197 127 96 53 142 152 164 114 18 115 52 64 24 95 135 25 93 76 32 27 62 141 190 56 23 81 71 60 144 148 65 119 48 111 75 101 86 67 80 174 44 66 161 37 183 85 39 178 198 47 196 16 89 2 51 97 58 63 121 36 31 154 55 54 159 109 180 188 193 11 156 168 92 160 84 28 123 122 192 12 42 165 8 40 137 117 179 134 13 90 153 130 106 182 68 199 38 147 21 155 22 162 186 83 100 181 151 35 34 79 129 195 15
143: 9 46 169 108 104 1 29 175 145 82 131 26 110 4 102 69 107 103 150 184 143 14 113 140 189 185 176 187 87 72 78 49 149 45 57 139 157 177 120 105 167 70 19 172 133 10 124 132 37 112 80 13 48 148 55 43 51 122 100 166 158 106 200 118 183 188 134 11 153 138 160 136 44 109 40 6 8 68 191 84 24 115 96 36 137 196 77 152 111 35 173 128 121 20 60 168 190 99 146 23 144 130 135 2 178 171 101 155 163 92 94 73 15 114 119 54 88 147 56 27 22 165 17 197 25 93 34 64 30 156 76 164 170 31 161 141 41 61 116 47 28 125 83 90 162 154 79 71 186 193 42 63 62 67 81 38 159 192 142 3 129 126 74 97 65 5 21 50 59 86 89 66 174 123 91 53 181 195 95 32 180 179 151 39 58 127 16 117 182 33 52 7 85 194 199 75 98 18 12 198
144: 82 110 69 131 1 26 29 103 104 102 9 169 175 145 46 107 108 4 150 113 143 187 87 72 184 189 140 57 185 14 139 176 149 49 78 177 45 157 19 10 167 133 105 132 70 120 124 172 22 44 126 198 53 3 54 51 180 200 134 186 100 11 77 16 171 36 48 92 191 18 129 101 161 144 12 190 88 151 32 193 168 183 165 31 119 83 159 28 38 75 195 37 111 142 188 125 86 27 130 136 153 30 80 170 93 173 115 123 135 160 192 76 181 43 84 109 60 65 73 147 154 39 42 2 137 199 112 59 197 13 156 52 85 17 166 47 5 50 67 21 15 155 64 81 179 122 68 90 41 55 35 74 25 163 146 162 116 71 40 174 79 138 196 24 33 178 148 6 152 61 98 182 91 89 62 99 56 118 141 34 96 8 121 7 117 114 66 164 106 128 58 97 63 158 20 23 127 194 95 94
145: 9 175 104 29 69 145 169 102 107 110 108 26 46 82 1 131 103 150 4 113 143 57 14 189 78 140 184 187 185 87 176 139 149 72 49 45 177 157 19 120 10 167 70 124 172 132 105 133 8 6 30 95 16 165 66 12 155 52 114 42 25 67 58 59 81 27 151 79 62 47 3 194 97 35 101 75 65 11 115 48 171 183 34 73 77 41 138 86 76 153 121 141 43 39 28 80 193 156 192 178 63 142 161 134 74 195 36 92 54 128 38 130 15 96 55 126 198 33 20 197 32 127 100 146 53 68 61 111 5 21 116 135 162 93 160 174 136 118 85 170 163 24 164 199 117 22 159 89 123 186 122 88 129 191 7 99 154 179 98 23 119 112 37 83 50 106 125 158 71 17 148 190 137 84 200 152 182 56 40 144 147 173 94 181 188 44 31 18 196 51 180 168 60 90 166 13 64 91 2 109
146: 82 29 169 69 108 1 175 145 131 9 46 110 26 107 102 104 103 4 185 184 189 150 113 187 87 140 14 143 176 57 49 139 78 149 72 45 177 157 105 132 10 167 124 172 19 133 120 70 170 198 51 128 188 64 85 154 163 115 112 62 162 68 106 111 129 98 136 54 125 59 195 186 127 156 79 193 97 147 67 179 192 138 25 12 200 144 196 118 123 86 164 58 95 122 121 48 199 63 42 39 36 174 99 146 159 40 3 6 137 5 83 56 84 171 114 73 76 37 130 91 53 161 134 20 77 178 17 35 89 182 126 75 27 141 60 28 135 158 194 80 7 66 22 117 71 90 173 41 38 151 100 109 153 24 93 50 181 65 11 47 190 52 31 160 119 165 142 96 13 43 74 168 183 148 18 33 94 152 81 23 30 16 155 92 116 166 55 88 44 32 8 61 101 180 21 197 191 15 34 2
147: 175 102 169 69 29 26 145 1 9 131 104 108 82 46 4 110 107 150 103 185 14 87 149 143 113 187 189 184 57 140 139 176 49 78 177 72 45 157 172 124 105 120 70 132 19 10 133 167 159 27 188 138 56 200 182 83 116 190 32 114 137 98 155 34 24 88 66 54 81 76 166 129 52 43 8 60 41 193 36 191 84 18 15 199 195 128 152 25 135 79 22 134 71 63 97 89 33 111 47 59 168 51 74 196 170 75 68 91 92 85 154 48 162 90 164 6 31 42 180 62 118 192 153 101 178 64 73 21 194 165 12 198 179 55 93 106 197 183 58 126 65 141 123 35 186 17 125 142 112 94 40 158 99 161 122 11 20 7 136 171 156 44 53 117 77 147 38 181 121 39 100 50 151 109 115 163 16 67 146 96 119 2 3 61 144 28 37 13 23 95 148 130 160 80 127 5 30 173 86 174
148: 131 46 102 175 1 82 169 104 26 69 29 110 4 9 107 145 108 150 185 103 184 143 140 113 14 187 176 139 87 189 78 57 72 45 49 149 177 157 133 10 132 172 167 70 120 19 124 105 23 166 41 118 6 147 71 74 153 76 116 136 68 66 121 47 2 85 54 35 179 117 182 52 58 89 165 127 51 190 25 12 50 59 86 97 48 198 96 36 91 191 33 17 200 39 32 15 196 11 53 98 83 130 84 106 43 129 192 154 5 180 77 141 161 163 99 178 125 22 73 88 148 138 93 3 42 94 122 27 18 21 183 111 119 171 181 146 90 55 30 134 159 8 60 162 128 158 152 160 168 13 173 101 100 80 34 123 115 197 64 31 61 199 155 195 81 7 164 62 40 75 114 109 37 63 92 137 174 142 194 65 144 112 126 67 135 79 20 28 156 56 44 186 24 16 151 95 188 193 38 170
149: 69 175 1 9 29 131 145 82 107 169 46 104 110 26 102 108 143 113 150 14 4 184 103 189 87 187 185 78 140 72 57 149 176 49 45 139 177 157 10 70 124 132 105 133 120 167 172 19 121 122 44 20 38 164 56 18 153 21 17 190 83 31 147 148 200 36 128 197 11 5 155 47 161 181 74 81 7 168 53 28 101 59 99 86 199 51 67 174 24 88 71 84 163 80 64 95 186 65 22 42 188 195 151 127 89 171 92 96 27 112 25 52 94 76 91 115 97 154 183 159 41 34 126 130 165 77 192 166 136 6 13 8 32 100 194 62 48 55 170 138 39 50 117 66 180 68 16 79 146 109 106 141 198 63 85 75 2 179 61 196 156 3 93 116 35 125 60 90 134 15 119 58 162 23 111 193 135 182 178 152 129 98 114 118 12 137 123 191 54 43 142 33 73 30 40 160 158 173 144 37
150: 82 104 9 1 102 169 108 145 69 110 26 175 131 107 29 46 103 150 143 113 4 184 87 14 139 185 187 189 140 57 49 176 149 78 72 45 157 177 105 124 70 167 132 10 172 133 120 19 30 122 165 98 153 141 123 112 71 35 54 129 73 76 171 36 74 18 62 11 125 25 24 44 83 12 2 136 106 38 100 174 116 33 59 95 39 159 158 126 43 170 128 68 164 192 197 154 160 96 53 166 5 152 80 135 50 67 188 41 173 155 86 146 180 60 61 186 119 196 91 37 47 16 200 23 64 199 198 42 182 31 111 51 34 193 101 109 179 65 148 156 134 84 32 93 130 178 163 56 114 142 17 162 89 3 6 181 88 79 94 81 48 75 8 63 58 138 90 66 55 7 21 77 27 97 137 147 115 13 195 40 183 22 15 144 28 20 161 118 121 117 190 191 168 151 52 194 92 85 127 99
151: 26 29 108 1 69 110 102 82 9 104 46 131 145 103 175 169 107 4 176 87 143 187 185 113 150 189 140 14 184 78 57 139 149 45 72 49 177 157 132 10 70 120 133 172 105 167 124 19 159 39 24 170 17 174 180 162 148 125 179 198 142 95 53 61 86 197 117 171 182 76 193 135 93 16 199 68 36 25 151 21 116 165 38 137 191 200 90 98 47 158 136 146 81 100 115 121 56 94 34 128 30 35 32 58 106 11 112 123 109 163 15 111 60 2 73 188 27 130 99 168 71 160 31 134 195 119 166 122 52 196 92 97 54 84 5 55 152 74 40 7 18 183 144 181 67 20 77 186 192 89 101 42 8 37 126 80 12 164 194 91 156 79 147 190 6 62 161 13 66 63 51 22 33 153 173 65 23 28 75 155 48 96 41 127 43 118 154 64 114 44 50 59 3 141 178 83 129 85 138 88
152: 26 169 69 46 104 175 107 82 110 9 131 108 1 145 29 103 102 87 150 4 140 187 143 149 185 113 57 184 189 14 176 139 78 72 49 45 157 177 167 105 10 133 172 124 19 132 70 120 39 81 2 33 51 153 168 13 95 115 170 183 90 76 54 121 106 144 25 56 99 34 17 65 52 125 109 71 5 67 18 200 55 3 47 116 24 127 128 31 48 43 199 20 53 88 60 122 35 136 171 126 100 23 62 192 146 123 80 92 96 97 44 75 147 190 164 42 41 178 117 160 15 188 93 163 37 191 101 155 21 40 152 63 148 114 198 28 193 73 195 38 166 179 77 161 138 135 174 98 68 74 173 129 181 112 165 154 86 94 134 58 32 66 180 141 158 8 79 85 118 142 151 22 6 130 197 162 64 16 84 61 186 27 137 91 182 159 30 36 156 11 111 119 194 196 7 59 89 83 12 50
153: 169 104 29 26 131 69 102 175 108 145 1 9 46 82 110 103 107 4 113 150 187 185 189 143 72 87 140 14 184 176 57 78 149 45 49 139 157 177 70 10 19 132 167 120 124 105 172 133 42 41 7 159 171 62 165 88 181 83 96 135 16 28 173 63 64 114 138 27 193 197 5 127 118 43 94 163 50 168 11 179 32 190 44 85 39 30 147 123 65 200 186 95 198 122 23 121 196 99 74 37 84 136 67 166 180 33 134 174 35 182 170 17 154 100 160 93 142 24 97 199 116 68 47 36 80 18 158 40 91 117 3 90 164 128 75 51 53 59 52 119 137 55 81 125 86 153 156 146 60 56 188 109 31 8 77 112 115 191 15 73 144 61 48 98 141 162 12 148 192 92 195 21 20 38 130 151 194 183 22 13 155 71 152 129 161 34 54 6 111 178 58 106 89 25 2 79 76 101 66 126
154: 9 110 145 29 26 108 169 102 175 82 107 104 1 69 46 131 150 4 103 143 113 185 187 14 140 184 87 189 72 176 57 149 78 139 49 45 177 157 124 133 105 19 172 132 70 120 167 10 77 50 129 190 24 8 92 191 86 166 183 101 93 98 17 84 181 28 171 59 54 151 15 200 141 114 152 156 118 115 106 88 41 66 116 35 20 34 163 147 144 192 99 117 13 134 31 36 58 79 6 100 25 195 121 38 119 168 162 32 90 155 55 80 43 30 81 179 135 95 194 123 96 159 65 68 161 5 23 199 39 170 91 193 53 76 186 138 154 153 173 48 44 89 122 3 182 136 142 188 27 178 12 7 63 198 109 158 60 148 165 51 62 197 18 33 40 85 112 71 196 47 42 52 94 64 16 74 21 164 127 125 83 67 111 61 2 11 128 126 37 130 56 22 137 174 97 75 180 146 160 73
155: 29 1 108 26 102 110 187 145 104 131 46 69 169 9 175 82 4 107 103 150 185 113 143 189 78 14 184 140 87 57 149 176 72 139 177 49 45 157 124 70 120 172 167 133 105 132 10 19 58 73 38 100 136 186 13 17 90 44 15 96 7 16 156 191 138 84 20 154 183 59 134 114 68 89 95 8 117 141 195 55 123 128 192 168 109 36 137 12 54 52 98 5 196 23 2 50 99 27 129 75 130 47 147 178 179 174 67 34 35 161 165 197 79 112 194 182 164 66 76 118 115 3 22 190 146 127 142 106 63 88 126 111 159 158 162 40 77 151 53 31 198 32 93 43 125 85 42 193 28 173 166 155 92 180 170 33 148 80 64 11 153 41 81 21 74 188 94 163 65 160 144 116 181 48 152 122 37 25 61 86 121 60 199 135 200 24 56 51 97 18 119 171 39 6 101 91 71 62 30 83
156: 102 169 108 82 9 29 26 110 175 131 1 46 69 145 104 107 150 4 103 143 87 187 113 185 140 14 57 176 189 184 72 149 78 49 139 45 177 157 105 10 167 70 172 132 19 120 133 124 24 55 65 197 135 22 142 90 147 61 148 76 141 93 58 85 160 12 111 25 91 192 183 36 181 48 137 109 152 71 31 17 156 92 115 154 138 43 126 39 112 15 51 44 63 121 127 174 186 166 173 198 119 37 77 168 125 136 84 128 200 114 30 164 179 100 53 75 42 170 66 54 68 28 6 199 155 13 67 5 159 8 118 182 88 60 80 47 21 146 2 20 122 144 188 7 163 178 52 123 165 34 16 191 129 162 194 27 86 59 62 23 151 56 180 81 134 116 161 101 117 130 106 11 196 73 190 158 50 3 83 171 64 74 35 96 33 18 79 32 153 97 99 40 95 89 195 193 38 98 41 94
157: 102 104 169 82 46 108 26 9 69 29 110 145 1 131 175 189 103 107 150 4 143 184 113 87 187 140 57 185 176 14 149 78 49 139 72 45 177 157 172 132 167 124 70 105 120 10 19 133 197 55 101 51 171 67 95 48 66 89 116 161 62 152 91 94 32 156 7 159 93 191 28 114 18 43 65 123 88 174 186 16 118 71 17 136 127 170 54 21 200 199 158 41 153 33 84 76 129 44 180 2 166 30 15 53 178 40 75 63 130 38 31 112 47 90 86 193 106 168 36 183 59 81 138 3 42 8 195 52 60 117 97 196 121 92 160 188 162 147 25 50 173 12 164 134 181 80 24 135 182 100 126 22 79 39 144 111 179 74 128 34 35 85 64 122 137 73 115 119 155 61 68 146 163 20 190 99 83 27 125 98 96 23 56 165 109 6 194 58 198 13 151 5 148 142 11 192 141 154 77 37
158: 102 69 9 107 26 131 104 1 145 110 46 82 169 29 108 175 103 189 4 14 113 143 185 150 87 57 187 184 140 176 72 149 139 78 49 45 177 157 133 70 105 10 19 132 167 120 172 124 153 18 35 200 32 123 134 88 30 164 179 33 92 101 91 68 60 130 115 161 135 55 37 195 160 97 47 66 24 159 199 51 43 86 188 42 182 39 52 28 8 7 106 190 77 31 152 121 122 61 114 85 178 48 158 95 162 197 84 25 112 56 62 111 89 186 11 54 3 79 198 118 156 144 58 80 181 193 117 5 151 99 6 171 138 109 64 20 22 183 194 73 142 98 100 63 163 94 16 137 53 165 44 59 90 119 155 168 36 180 41 136 147 125 166 34 173 76 23 83 27 126 50 13 71 17 81 129 191 21 174 170 93 148 15 146 128 192 116 12 67 196 65 154 127 75 74 38 141 40 96 2
159: 1 145 104 46 131 102 108 9 169 110 175 26 69 4 29 82 107 103 150 189 14 87 113 187 184 143 139 140 185 57 176 149 45 78 72 49 157 177 105 70 19 167 124 10 132 120 172 133 11 148 6 77 135 186 39 55 86 85 60 53 18 99 188 163 34 117 65 111 68 8 152 66 194 141 130 7 17 173 164 38 74 158 94 183 50 146 128 90 59 182 153 196 27 155 47 67 170 92 142 32 41 89 12 200 101 109 125 64 33 15 134 190 181 121 24 16 138 127 42 180 23 3 179 199 96 161 75 44 112 126 168 63 97 21 36 52 48 136 5 54 35 156 137 119 76 115 62 159 28 193 154 30 81 98 84 165 144 192 116 91 61 79 198 40 123 151 195 106 178 166 122 100 162 43 25 2 160 197 56 171 83 114 20 88 71 93 51 80 191 22 118 13 95 58 37 147 129 31 73 174
160: 110 104 26 102 1 169 29 145 46 69 175 131 108 82 9 107 4 103 113 184 150 143 187 87 14 189 185 176 140 149 78 139 57 49 72 45 177 157 10 70 172 120 105 19 132 124 167 133 122 39 153 2 190 65 55 88 41 16 98 179 27 43 116 60 163 170 13 111 152 138 194 195 162 147 146 74 21 15 80 182 67 166 3 109 115 64 183 127 118 160 128 23 198 7 56 168 197 71 112 92 77 50 96 85 84 173 171 40 97 151 58 123 192 75 165 34 81 8 136 35 63 5 99 148 130 17 186 86 20 158 164 156 125 154 174 36 32 73 31 11 93 188 62 59 66 48 95 52 100 12 28 76 196 94 159 119 47 68 199 42 106 89 83 178 22 91 142 18 51 144 24 79 161 181 121 101 54 129 193 137 6 37 25 155 126 141 200 117 61 180 134 30 90 191 44 38 53 114 135 33
161: 103 145 104 110 69 131 102 9 29 175 46 108 26 1 169 82 107 143 4 140 150 72 113 189 187 185 45 87 184 14 78 176 139 49 57 149 177 157 172 167 105 132 133 120 70 10 19 124 88 41 134 68 109 54 147 6 55 192 148 92 5 37 53 25 23 168 196 152 80 164 200 186 182 99 138 121 194 58 183 137 35 98 11 162 130 173 28 17 81 33 86 123 154 62 163 115 20 90 16 15 36 77 146 119 141 160 59 79 190 74 112 94 106 76 136 122 38 18 2 174 197 142 42 47 181 52 27 100 117 191 24 13 166 97 91 161 67 170 73 43 39 101 135 61 95 85 153 118 195 63 51 12 93 171 116 151 75 71 22 180 158 48 178 66 114 96 125 44 83 129 21 179 126 165 7 111 198 155 50 156 40 128 199 64 32 89 8 34 60 65 144 56 127 159 3 31 84 193 188 30
162: 110 175 131 145 102 103 29 108 46 82 69 26 107 104 1 113 169 189 9 150 143 4 57 87 187 184 78 140 185 176 14 72 49 139 149 45 157 177 105 19 167 70 132 124 172 120 10 133 75 174 7 137 114 68 179 198 152 130 125 109 20 16 94 30 3 71 95 32 33 85 66 200 15 59 188 6 194 115 122 64 65 199 168 166 35 100 141 154 73 92 2 136 22 52 81 155 74 171 62 37 54 148 186 134 162 161 153 56 138 24 79 163 55 111 23 50 58 193 63 83 12 196 119 77 158 91 18 106 51 151 25 44 178 159 21 173 117 27 61 48 112 41 160 128 96 101 181 116 97 5 164 86 144 43 88 118 142 53 156 28 129 31 135 84 90 127 60 36 147 38 80 183 170 17 98 39 42 123 76 121 8 195 89 11 126 13 146 190 197 67 47 165 192 93 182 34 99 191 40 180
163: 46 69 108 169 29 104 107 26 131 145 175 102 9 1 110 103 82 150 4 113 184 143 189 187 140 87 14 185 78 49 176 57 139 149 72 45 177 157 132 172 124 70 133 167 105 10 19 120 193 50 15 91 32 2 89 95 76 38 179 79 51 6 25 77 18 181 58 112 196 17 155 163 151 35 154 159 59 118 153 94 16 198 63 144 161 90 186 200 180 141 101 73 115 34 39 81 197 134 146 96 23 129 37 67 97 128 178 68 55 12 109 130 135 136 160 195 122 5 43 170 119 182 173 56 168 174 166 54 44 7 28 11 106 71 158 164 47 190 126 52 152 123 116 171 42 24 138 36 88 22 86 111 183 142 194 30 31 117 162 62 20 100 75 83 127 93 40 199 85 125 148 48 84 33 192 191 13 137 114 21 156 121 92 98 61 8 64 147 99 66 41 188 53 27 65 165 80 60 74 3
164: 104 29 131 1 169 108 9 145 110 26 46 102 69 175 82 150 187 107 87 103 14 4 143 185 113 140 189 184 49 176 139 149 57 78 45 72 157 177 10 133 105 70 120 124 167 19 132 172 125 197 35 80 37 98 51 71 54 53 17 119 38 96 170 117 192 155 59 63 126 136 42 106 156 142 153 121 13 165 122 77 52 75 60 99 31 166 36 3 90 194 81 22 65 34 118 44 171 30 130 47 115 101 73 173 15 20 180 163 181 141 48 162 41 61 138 56 92 147 8 148 196 43 67 91 25 21 88 86 40 84 18 193 100 85 123 137 114 27 5 94 129 66 116 97 195 111 128 7 24 190 95 12 109 151 179 23 134 146 188 28 16 198 199 178 89 191 154 159 160 79 6 164 200 50 33 183 174 161 182 74 39 58 76 144 11 152 93 2 83 68 112 158 55 62 64 168 186 127 135 32
165: 175 108 107 131 104 29 169 9 145 69 110 46 1 102 26 4 82 143 103 78 150 87 184 113 189 14 185 187 140 176 57 72 149 139 49 45 177 157 167 133 10 105 172 132 19 120 70 124 52 192 94 168 66 41 100 114 188 136 63 91 142 12 122 127 35 33 126 165 22 98 186 116 190 95 123 152 147 48 64 181 159 146 182 166 151 50 125 59 6 13 96 84 65 31 174 27 112 106 115 118 79 5 89 93 173 156 160 24 55 200 164 137 155 18 15 153 61 83 130 30 193 76 99 77 171 198 154 34 196 162 117 16 32 21 101 111 71 23 67 20 121 191 81 163 80 8 7 158 88 119 144 134 197 53 92 11 40 180 44 2 199 42 36 179 90 85 51 39 75 3 37 68 161 170 62 129 73 47 38 148 58 56 17 128 54 74 183 60 109 178 141 97 195 28 43 135 25 138 86 194
166: 9 46 104 110 102 82 131 1 169 69 175 145 108 150 26 29 107 185 87 103 187 113 143 4 14 184 189 176 140 139 49 57 72 149 78 45 157 177 124 172 70 10 105 120 19 132 133 167 160 60 191 77 34 21 85 156 52 59 71 53 119 178 6 41 116 170 117 137 73 165 80 12 142 130 127 123 100 111 181 84 188 64 62 118 32 186 147 190 200 99 197 109 22 67 11 174 112 164 44 88 13 98 8 122 55 166 37 51 153 101 65 31 35 75 92 146 27 7 5 126 182 61 171 141 66 56 25 42 93 33 180 90 194 28 58 39 129 47 30 86 168 128 195 196 114 148 155 54 163 20 81 18 192 96 68 138 2 79 15 144 161 173 48 159 17 193 95 23 94 136 40 89 121 183 199 134 154 91 97 36 179 3 115 83 74 158 152 162 24 16 76 38 63 125 43 198 151 106 50 135
167: 46 104 1 131 69 82 29 169 145 87 26 9 110 107 108 175 102 150 103 4 143 189 14 184 113 185 139 187 140 78 176 57 49 72 149 45 177 157 70 133 105 19 120 172 124 167 132 10 48 43 67 170 90 91 7 89 28 158 77 27 155 183 3 154 50 182 71 18 59 174 138 134 163 95 106 32 116 152 36 127 192 76 111 197 156 20 129 2 33 117 61 84 135 122 39 194 73 101 112 193 86 121 85 188 62 200 181 83 126 159 40 179 119 17 98 60 195 54 22 13 97 6 24 161 44 196 92 42 171 147 137 136 93 25 74 115 81 99 15 16 11 186 30 68 199 34 75 160 190 173 178 64 94 56 8 53 165 198 37 144 38 148 153 146 125 51 47 180 5 114 79 35 96 23 118 58 55 191 88 168 80 21 142 128 141 31 100 151 41 109 162 12 52 66 123 164 65 63 166 130
168: 102 29 145 169 1 69 26 104 131 9 82 110 175 46 108 107 103 113 150 185 143 4 87 140 189 78 184 187 14 57 176 72 139 149 45 49 157 177 124 70 133 172 105 132 167 120 10 19 168 7 22 23 112 96 98 83 36 3 66 99 56 151 142 15 76 12 158 144 122 62 111 123 43 37 28 195 11 55 200 97 18 178 92 188 153 114 58 80 180 136 100 60 65 154 91 196 34 64 173 166 109 31 161 33 194 2 198 199 95 84 171 73 21 163 106 116 35 38 160 164 183 191 174 71 117 134 190 94 137 165 115 197 182 121 53 156 59 8 17 127 61 27 141 20 88 192 128 39 119 51 81 13 63 181 152 75 74 48 159 129 16 90 155 162 5 44 170 85 47 24 125 101 86 54 42 68 30 147 93 77 52 67 130 193 148 179 89 40 126 138 25 146 186 135 32 6 118 41 50 79
169: 108 29 102 46 145 9 169 104 107 26 131 110 69 82 1 175 143 189 103 4 185 150 176 140 14 187 113 184 57 87 78 49 72 139 149 177 45 157 167 105 133 19 132 172 10 70 124 120 162 155 198 147 195 138 163 64 15 196 170 83 115 194 118 182 111 123 73 80 188 12 151 84 28 8 2 109 56 18 17 156 81 91 36 61 88 86 154 121 127 55 90 165 125 164 85 50 181 200 197 40 106 128 58 116 63 33 173 137 144 39 130 166 136 37 192 62 95 65 51 98 25 159 158 3 168 47 96 68 100 32 97 23 180 11 199 101 24 148 67 52 44 183 135 53 153 99 119 186 122 142 42 117 93 129 66 16 22 20 48 6 171 191 74 174 161 79 13 35 54 5 30 152 126 60 92 179 94 141 21 89 41 114 38 43 190 160 77 178 31 146 34 112 71 7 59 76 193 75 134 27
170: 104 110 150 108 107 103 29 9 131 145 175 46 82 1 169 4 102 69 26 189 113 87 14 185 78 140 184 143 187 149 72 49 139 176 57 177 45 157 172 19 120 105 70 124 10 167 133 132 194 51 48 99 98 59 63 6 188 13 3 147 186 90 179 94 89 42 15 30 136 130 66 35 55 24 8 114 118 74 75 161 183 160 21 101 41 92 199 180 40 125 53 153 22 23 73 144 152 191 127 80 85 165 64 18 182 164 12 54 178 27 109 163 129 171 61 142 65 20 148 2 77 196 83 58 56 116 168 193 7 84 192 112 126 91 44 81 106 111 195 200 38 93 190 50 151 79 96 17 138 68 43 62 100 181 146 88 128 154 97 28 166 33 173 123 135 16 155 198 11 170 158 52 117 174 60 156 197 162 5 119 37 122 39 134 25 95 76 137 31 32 71 34 67 141 115 159 47 36 121 86
171: 145 46 1 26 175 9 82 169 102 110 29 69 131 104 108 107 4 150 103 113 189 143 87 187 185 14 184 176 140 57 72 78 149 139 49 157 177 45 19 133 10 167 120 124 70 105 132 172 98 166 20 165 164 125 99 51 94 61 188 34 101 83 66 21 141 40 92 84 136 60 43 12 198 23 8 179 142 86 190 91 56 97 37 33 96 180 195 168 7 116 71 114 16 25 199 54 174 24 5 15 134 162 2 39 31 118 67 148 181 126 85 50 170 75 171 89 137 173 155 158 18 100 109 93 53 17 111 62 38 76 119 192 77 47 186 6 36 117 153 128 41 106 48 81 156 79 59 146 3 95 129 32 183 138 13 58 147 161 127 182 55 74 115 35 135 30 121 123 52 196 64 68 194 193 197 160 112 130 122 200 144 27 159 178 88 44 73 42 22 191 163 63 154 28 80 152 151 65 11 90
172: 169 108 104 82 9 46 1 26 29 110 145 175 102 69 113 131 107 150 143 187 103 4 189 14 185 184 87 176 72 78 140 57 149 139 45 49 157 177 105 70 133 124 10 132 19 120 167 172 74 88 166 118 67 128 100 144 126 165 2 83 38 109 43 161 33 47 81 32 136 160 34 76 122 147 92 95 164 192 158 84 188 154 39 191 80 119 178 141 89 90 52 79 134 168 28 127 121 8 190 156 146 68 17 123 137 61 200 163 93 106 12 153 91 86 112 151 30 125 37 15 20 170 21 180 50 98 65 142 36 55 193 75 41 194 195 77 101 11 199 171 162 48 31 186 116 111 22 155 135 54 7 99 148 53 25 56 59 73 179 66 130 152 196 97 183 13 71 60 64 198 27 16 197 114 129 94 174 115 42 51 5 62 159 24 58 18 138 85 173 40 63 117 6 96 23 3 182 35 181 44
173: 145 29 26 131 46 102 82 104 175 169 110 1 9 69 108 103 107 185 150 4 113 143 187 184 189 87 14 176 149 140 139 57 49 78 72 45 177 157 133 70 105 10 120 172 19 124 132 167 7 198 126 30 128 18 183 178 127 31 88 161 2 8 181 66 112 54 24 90 171 53 188 116 142 162 74 153 75 6 35 76 159 47 33 138 3 200 77 39 174 191 122 17 156 64 100 67 134 160 73 163 58 34 27 12 60 56 130 40 62 86 25 180 79 195 92 155 118 144 158 173 96 115 68 28 192 13 197 16 15 81 22 199 94 182 125 61 71 117 106 23 37 152 41 20 50 55 109 186 21 89 190 193 91 97 101 52 147 84 95 179 154 146 51 63 121 85 48 136 5 170 38 42 165 194 44 83 148 196 11 135 99 168 141 119 114 43 166 36 93 65 151 80 129 164 123 137 98 59 111 32
174: 108 1 9 102 104 107 82 169 69 131 46 145 110 26 29 175 103 189 176 87 150 185 143 4 184 113 14 187 140 78 139 72 149 49 45 57 177 157 70 167 124 133 10 120 19 132 172 105 59 199 52 6 151 200 68 117 126 79 193 91 164 196 97 111 194 71 17 116 96 163 32 122 179 101 24 12 109 58 40 47 138 154 182 94 50 53 114 148 35 8 55 90 37 156 38 21 181 134 147 141 2 119 74 62 121 76 153 159 144 3 130 13 95 135 93 39 20 15 106 61 160 129 152 125 30 183 188 43 146 165 137 25 162 142 34 155 54 158 16 115 42 173 166 190 83 161 23 77 41 128 168 170 73 127 33 5 191 27 51 174 36 7 98 31 48 198 123 178 99 180 197 171 192 84 63 86 88 92 60 28 64 118 56 100 81 65 195 67 85 11 136 44 66 18 89 112 186 80 22 75
175: 1 145 110 108 169 131 102 82 104 46 9 29 175 103 69 26 107 150 113 143 4 184 185 140 87 49 189 14 187 149 57 72 176 139 78 157 45 177 105 133 10 120 167 124 132 19 70 172 98 24 158 90 138 50 155 170 118 200 76 116 42 196 127 147 43 178 25 198 106 161 11 199 94 84 160 89 166 74 58 62 142 55 65 197 162 95 171 148 180 5 31 144 136 130 27 137 22 13 165 15 92 129 154 83 39 3 63 174 18 64 141 6 99 34 114 88 75 77 37 61 119 44 117 186 168 21 2 164 66 179 35 81 121 156 33 146 163 12 79 182 16 38 109 54 86 36 112 111 194 193 190 151 183 97 135 128 8 53 122 181 100 126 152 51 17 67 125 32 59 195 188 23 96 71 20 73 123 56 93 47 30 159 28 85 91 41 153 101 60 40 115 192 48 134 173 52 7 191 80 68
176: 102 82 104 29 26 145 46 175 131 1 169 108 110 69 9 107 103 113 140 150 4 189 143 185 139 87 14 187 184 57 176 78 72 49 149 177 45 157 105 167 133 70 120 19 10 124 132 172 195 80 8 160 183 153 163 141 181 159 24 193 90 93 156 31 171 65 123 168 148 147 118 152 170 63 50 81 11 164 111 155 16 59 61 44 174 2 6 74 197 99 106 79 3 75 128 136 53 60 27 94 114 52 51 41 17 83 68 135 84 37 22 18 134 116 7 129 151 85 21 122 179 192 125 62 67 36 77 12 198 196 173 58 95 138 200 127 38 34 117 109 166 112 97 73 101 89 199 126 48 158 180 64 121 190 130 71 47 32 30 25 91 161 35 119 40 55 154 142 43 144 186 194 115 13 178 54 98 15 28 92 137 146 56 39 76 100 165 23 88 191 5 86 162 96 188 33 20 182 66 42
177: 108 82 29 69 1 169 46 26 104 9 175 110 131 102 189 145 107 103 4 150 87 113 143 187 140 185 14 184 78 177 57 176 72 49 139 149 45 157 172 132 120 19 124 133 167 70 10 105 60 81 109 95 85 127 42 83 3 90 101 27 159 91 194 161 119 16 125 20 51 200 122 116 50 142 31 11 195 77 166 67 199 39 52 41 171 35 6 153 164 61 47 17 24 25 152 55 18 88 193 156 93 40 63 183 2 130 12 191 58 38 126 34 97 137 121 190 154 129 173 155 80 118 165 33 181 188 136 43 76 59 179 79 37 44 86 148 106 162 84 73 197 64 32 160 170 96 135 94 134 5 182 92 178 111 54 138 75 168 146 186 196 28 48 99 144 65 174 158 112 74 123 192 56 36 114 8 117 71 100 21 180 68 23 98 115 62 66 15 30 7 53 151 147 22 198 128 141 89 163 13
178: 102 169 82 1 104 145 175 150 110 108 131 9 26 69 29 46 107 4 103 113 143 189 185 87 184 140 187 14 57 139 72 78 176 149 49 45 177 157 105 132 167 120 19 124 172 133 70 10 23 18 47 196 97 17 180 134 16 99 158 80 68 7 90 93 41 170 84 11 36 129 65 31 135 91 173 51 83 130 98 60 106 75 192 56 147 32 94 112 188 21 165 186 35 161 61 15 74 144 111 88 101 95 44 122 199 30 198 178 154 117 48 136 128 166 197 89 183 66 118 39 159 138 194 42 182 28 59 73 156 155 127 76 160 200 171 53 67 64 119 164 22 71 25 85 162 5 55 40 92 121 174 2 168 123 152 62 77 148 50 38 191 125 27 153 96 109 142 86 52 43 141 146 179 3 13 58 63 8 79 34 114 6 126 81 33 37 20 137 181 54 193 151 100 190 195 163 12 24 115 116
179: 102 9 29 131 169 108 26 175 104 82 150 69 1 107 46 110 145 103 113 4 189 14 143 187 87 184 185 78 140 57 49 176 139 149 72 45 177 157 133 19 105 70 167 124 120 10 172 132 31 183 197 122 13 136 186 121 40 75 137 60 114 179 8 64 41 81 84 94 191 128 199 24 51 21 59 155 47 88 34 129 80 20 58 163 53 180 43 32 178 71 92 38 93 17 16 74 161 48 141 135 134 96 198 15 61 7 36 89 54 193 130 52 192 6 165 50 138 174 159 119 77 101 168 22 65 97 171 146 147 35 37 111 144 190 90 148 18 153 125 5 44 154 25 112 200 181 109 86 66 83 160 195 23 158 56 188 33 79 182 91 39 28 67 170 76 27 63 156 152 106 3 166 55 42 127 117 99 118 123 173 62 116 162 115 196 126 151 164 194 98 12 95 85 68 142 100 2 11 30 73
180: 1 108 169 110 102 9 29 46 175 145 104 82 69 26 107 131 150 4 14 140 72 103 113 187 185 143 184 57 87 189 149 78 139 176 45 49 177 157 120 133 70 105 124 132 19 167 10 172 53 98 11 170 161 67 88 101 40 153 191 85 163 174 142 17 7 24 59 13 2 134 34 92 90 123 86 190 162 63 117 47 130 115 136 32 22 16 114 112 97 196 66 28 199 188 186 165 193 138 106 129 39 159 56 12 198 109 31 74 135 3 155 68 50 15 41 20 43 44 33 116 126 93 128 160 75 194 80 48 21 84 154 96 100 197 180 79 89 91 42 151 73 166 121 148 99 146 38 168 200 192 141 119 60 71 127 30 77 64 182 37 95 23 62 94 137 8 51 5 183 125 173 111 54 52 158 61 179 55 58 178 36 81 152 144 65 27 122 35 156 164 18 25 6 195 147 181 76 118 171 83
181: 131 104 108 102 69 1 46 145 9 110 169 175 26 29 82 187 113 107 103 4 143 150 87 184 189 176 185 140 14 149 139 78 57 72 45 49 177 157 133 172 19 167 124 10 70 132 105 120 158 130 88 197 73 56 11 39 159 94 195 125 168 90 24 100 28 134 66 142 117 127 148 63 179 84 191 5 55 155 36 121 25 35 188 47 32 85 199 34 53 30 92 180 178 144 126 17 129 200 194 141 68 62 51 170 98 48 2 137 61 16 112 135 6 15 154 79 116 60 118 65 3 86 173 91 164 7 115 190 196 44 52 58 67 163 80 147 152 13 54 174 106 171 33 22 183 12 50 181 153 43 160 151 119 8 27 165 37 20 41 74 146 64 136 40 42 161 162 18 193 198 109 95 23 97 21 186 81 114 77 123 38 89 96 138 192 59 166 93 75 99 83 128 31 122 111 156 101 182 71 76
182: 29 46 69 104 107 9 175 108 1 102 82 131 145 169 110 26 113 150 103 4 14 87 143 189 140 187 185 78 184 57 149 139 72 176 49 45 157 177 10 167 124 133 172 120 105 70 19 132 136 50 80 35 173 68 22 74 63 21 2 118 54 84 77 20 191 112 75 52 190 81 5 153 15 62 36 25 17 135 59 171 199 98 51 162 138 27 18 38 197 137 48 16 122 34 55 152 115 94 196 40 96 83 64 106 28 195 37 165 71 164 53 101 127 125 163 56 33 144 186 41 116 42 24 11 147 134 65 148 129 178 47 182 146 44 180 12 99 3 61 7 73 13 151 60 188 123 85 117 181 109 43 92 142 128 89 168 174 154 66 159 100 170 130 183 179 6 114 58 79 111 194 141 119 88 86 93 32 166 31 156 30 193 95 90 121 97 192 76 200 158 91 39 126 67 161 160 8 155 23 198
183: 108 82 169 131 29 175 1 145 69 110 104 26 9 46 102 107 103 143 113 150 4 87 187 189 185 14 184 140 149 176 72 49 139 78 57 45 157 177 172 124 70 10 133 132 167 105 120 19 135 88 17 161 130 25 75 178 22 44 5 2 76 111 173 141 47 81 73 53 196 95 28 123 6 200 38 154 7 64 116 94 85 41 52 100 159 117 183 42 156 168 162 129 32 112 11 80 23 121 158 170 190 27 146 96 152 160 16 59 61 186 174 144 13 24 48 97 101 36 62 60 122 137 67 128 83 20 138 194 30 37 21 50 35 165 182 163 164 43 18 8 15 92 54 79 99 195 199 198 34 40 109 56 3 134 86 89 151 90 66 77 171 166 142 192 63 51 125 180 31 115 12 93 68 181 55 114 106 84 126 33 71 118 65 58 74 193 197 119 147 39 91 98 148 136 155 127 188 191 153 179
184: 9 69 104 26 169 108 46 145 175 82 131 102 1 4 110 107 29 113 189 103 150 87 185 143 176 140 187 72 14 184 57 78 139 49 149 45 157 177 105 120 19 10 132 70 124 133 172 167 24 27 61 50 195 111 182 2 22 151 44 200 32 75 48 67 60 146 153 23 56 100 123 118 160 36 192 188 181 28 165 179 71 161 8 117 79 136 197 21 183 166 156 84 12 20 164 178 59 81 141 198 154 83 88 112 174 54 191 18 43 41 142 163 115 186 152 58 134 63 74 95 180 35 148 94 31 33 92 34 137 93 119 127 37 77 52 99 13 96 38 128 80 159 55 126 116 11 5 138 130 51 125 86 162 90 155 91 68 190 101 76 15 97 147 173 30 199 168 89 106 196 121 98 25 3 129 158 170 7 135 64 109 193 6 122 17 114 66 53 16 144 39 171 85 62 42 194 73 40 65 47
185: 175 110 26 102 46 29 69 169 82 104 103 145 1 9 131 108 107 4 78 150 143 113 189 185 140 187 184 87 14 176 149 57 139 49 72 45 177 157 167 124 70 10 172 19 105 120 133 132 192 79 198 85 154 146 160 164 11 48 127 86 55 129 59 174 117 144 191 97 136 100 135 188 190 65 83 137 62 200 125 18 123 168 106 58 51 179 195 163 20 109 173 76 186 112 181 196 23 13 89 71 199 180 17 99 6 75 35 111 153 40 22 148 39 165 183 3 126 56 171 118 15 2 92 84 138 77 93 33 30 166 98 52 32 101 94 66 147 155 53 34 73 68 162 16 96 151 41 141 21 54 91 12 114 197 122 158 80 63 130 193 121 8 115 27 42 159 134 182 60 116 31 28 43 161 142 156 24 37 178 25 7 128 67 36 38 47 119 74 152 88 61 5 90 81 95 44 64 194 170 50
186: 110 69 104 26 1 169 145 46 9 108 131 82 102 175 29 103 107 4 150 143 113 189 184 14 140 87 187 185 176 149 72 139 57 78 49 45 157 177 167 132 124 105 120 172 133 70 19 10 165 35 127 74 25 77 136 47 144 32 90 142 92 39 94 182 164 125 27 80 166 20 67 33 128 193 181 186 11 137 64 75 163 155 76 198 134 85 30 98 97 146 83 153 3 129 73 168 192 99 48 162 50 148 17 151 154 60 56 195 156 130 7 8 135 68 121 91 93 58 152 141 6 5 123 38 101 119 147 138 15 13 197 112 12 178 2 199 171 122 55 196 59 63 88 71 111 116 62 61 117 173 194 28 34 188 43 40 84 160 89 81 106 183 170 200 22 53 158 100 96 16 126 115 41 42 65 52 118 31 179 21 159 114 190 180 95 51 54 44 24 161 23 86 79 109 37 36 18 174 191 66
187: 145 9 108 46 131 110 103 1 82 107 69 175 26 102 169 29 104 113 150 4 143 184 57 87 185 187 45 14 78 189 140 176 149 49 72 139 157 177 70 19 105 120 124 167 10 172 133 132 41 23 13 54 188 58 86 125 8 173 91 79 25 198 137 7 158 59 68 152 37 62 88 39 64 118 92 20 136 6 154 100 199 60 75 32 16 164 95 12 93 128 130 116 122 47 5 67 119 165 159 99 144 183 55 11 109 27 126 148 121 191 84 81 142 21 83 80 30 170 129 56 194 141 153 123 101 162 71 36 192 112 90 53 73 66 97 193 28 196 61 163 181 40 151 33 146 115 138 48 166 42 174 44 74 31 63 98 3 117 34 51 155 147 15 43 35 180 77 24 171 76 190 197 50 111 134 161 156 160 178 106 179 52 195 182 135 17 38 2 85 94 18 114 22 186 89 168 65 127 200 96
188: 82 46 108 110 29 169 1 131 107 9 102 150 104 175 145 69 26 87 113 103 4 189 184 187 143 78 185 14 140 139 57 176 45 72 149 49 157 177 105 19 132 70 172 124 167 120 133 10 77 85 6 179 95 56 166 24 197 89 48 129 137 8 155 153 92 96 135 118 115 36 42 188 59 174 31 47 25 180 83 13 3 106 98 51 84 67 91 97 99 114 147 101 90 134 195 88 109 173 126 63 17 15 11 200 141 37 194 154 20 76 65 50 53 94 156 64 54 161 7 23 142 127 33 58 52 18 66 5 86 190 41 181 122 75 39 38 160 182 178 71 62 198 152 123 168 119 28 121 151 34 60 196 192 165 43 2 22 146 130 193 55 162 80 164 148 116 44 144 27 40 79 159 61 100 191 138 170 21 73 93 111 74 68 136 117 125 128 158 199 81 16 112 183 171 30 32 12 186 163 35
189: 9 110 131 69 175 145 1 108 46 26 102 169 104 82 29 103 4 107 14 150 113 143 87 184 187 189 185 176 140 72 78 149 49 57 139 157 45 177 167 124 120 133 172 132 105 19 10 70 128 93 164 153 170 54 90 161 20 126 65 81 101 165 118 197 112 106 16 25 13 158 130 36 136 119 156 91 151 154 43 191 162 60 122 111 15 173 32 58 123 41 85 76 2 88 24 179 68 53 55 141 35 182 80 117 3 74 97 5 67 31 152 77 22 79 64 73 18 63 144 121 186 95 180 171 33 194 71 52 44 115 195 8 193 47 61 135 39 137 188 96 66 129 98 138 94 200 125 62 192 196 134 181 109 142 99 159 34 37 89 166 148 48 92 163 42 174 12 83 160 190 56 116 198 40 6 30 114 199 17 38 28 27 75 11 127 7 178 23 183 147 51 50 100 84 21 86 146 155 59 168
190: 169 175 102 1 110 9 108 29 104 46 69 131 145 82 107 26 150 103 113 14 143 4 87 185 189 184 57 139 187 149 176 140 49 78 72 45 177 157 19 70 124 167 120 172 105 133 132 10 47 24 2 67 25 74 64 50 13 48 198 121 144 77 65 34 115 137 58 106 33 99 147 125 136 165 181 100 59 153 190 141 159 156 73 97 119 158 71 118 80 196 151 171 109 173 61 30 15 168 76 154 55 88 5 39 101 36 12 42 60 193 135 180 91 17 117 163 28 51 178 16 23 18 8 62 44 95 41 66 3 63 174 192 40 134 114 155 112 123 182 20 197 148 83 56 128 84 96 179 98 116 166 54 21 194 161 38 111 129 89 53 79 146 152 27 52 32 183 138 126 86 11 162 37 31 68 200 43 195 164 75 81 90 85 22 188 127 186 170 191 142 94 7 130 93 92 160 6 122 35 199
191: 107 9 102 29 145 169 108 1 131 104 46 175 26 82 69 110 143 4 103 140 150 113 87 14 184 149 187 185 189 176 139 78 57 49 72 157 45 177 172 132 10 167 70 120 19 133 124 105 60 197 15 39 11 154 94 181 73 183 135 5 190 117 127 200 65 147 61 18 129 22 106 100 111 6 101 164 163 58 92 125 85 130 199 171 141 109 174 48 27 155 122 54 75 182 97 68 17 7 137 32 41 168 180 90 37 153 42 162 116 156 128 88 55 79 64 123 86 51 121 38 74 84 35 71 91 160 80 152 161 50 126 34 158 25 166 83 96 66 77 63 178 52 40 76 138 89 21 47 146 81 56 159 115 195 31 23 44 186 192 99 136 2 36 193 142 118 43 151 196 33 98 170 59 165 24 28 173 53 134 114 112 16 8 3 12 119 95 194 13 188 62 93 148 30 67 144 198 20 179 191
192: 102 29 9 82 104 175 145 46 169 1 69 110 103 26 131 108 107 189 4 185 113 87 150 187 143 184 14 140 176 149 57 177 78 49 72 139 157 45 172 120 10 124 70 105 167 19 132 133 36 199 168 35 53 192 54 147 126 106 59 37 12 27 33 114 170 76 122 138 115 136 38 39 50 30 77 43 3 68 21 119 16 174 144 32 101 148 2 17 81 100 163 116 80 123 86 159 98 23 191 92 55 84 135 164 85 152 195 109 25 89 198 48 154 180 188 15 194 75 28 91 65 181 171 96 13 166 62 73 11 52 97 161 5 47 64 88 178 155 56 74 63 94 151 6 197 117 158 125 90 160 156 51 146 8 18 130 182 95 112 83 173 24 153 137 66 196 42 141 20 142 31 41 67 44 7 79 190 58 61 165 60 121 129 71 118 34 22 127 179 93 162 128 111 40 193 99 134 186 183 200
193: 82 110 69 102 131 26 104 175 29 108 46 9 145 1 169 107 103 4 143 150 113 14 184 189 87 78 72 187 185 57 140 176 49 139 149 45 177 157 19 120 172 124 167 105 10 132 133 70 27 28 2 142 141 119 16 54 79 164 38 181 95 179 65 155 170 56 118 67 122 148 91 36 55 198 15 101 151 81 127 134 12 156 130 86 24 97 33 147 32 115 183 39 182 173 180 193 50 194 186 128 31 3 64 85 90 37 159 63 20 100 94 6 125 158 22 144 196 89 188 88 75 152 191 71 80 162 30 52 83 40 44 112 109 11 146 68 190 62 25 58 197 48 93 137 161 43 138 154 168 21 174 98 35 163 199 111 18 129 5 8 160 165 192 96 7 34 53 126 121 74 114 47 99 92 117 23 84 106 136 135 116 77 60 61 73 123 178 195 166 17 171 41 51 66 59 200 13 153 42 76
194: 108 131 1 26 82 46 9 175 107 103 102 104 110 145 169 29 69 4 150 113 140 14 143 189 185 87 184 176 187 149 57 78 72 139 49 45 177 157 70 10 167 133 124 105 132 120 172 19 174 71 3 101 36 11 165 75 35 178 191 192 99 190 8 171 199 77 83 180 159 146 61 128 117 31 68 183 54 44 135 58 74 147 43 134 151 156 127 163 25 195 114 173 130 2 182 115 42 164 38 17 84 79 51 100 55 118 48 111 24 196 12 170 94 122 197 155 34 142 47 56 66 89 40 136 194 160 121 152 27 15 138 13 59 90 88 41 200 30 154 186 7 32 144 23 18 97 112 92 5 63 60 20 126 52 50 16 188 123 181 73 86 22 81 98 33 91 96 76 119 39 21 28 125 37 62 161 129 65 109 153 168 64 6 158 93 198 137 95 106 141 193 116 166 67 179 53 80 85 148 162
195: 102 82 169 108 46 26 29 1 131 9 110 175 69 145 107 150 104 103 4 87 149 113 187 14 184 143 57 140 185 189 176 78 139 72 45 49 157 177 19 124 70 120 105 10 133 167 172 132 170 42 66 125 27 153 195 135 90 166 36 141 40 188 64 96 5 100 130 180 146 122 165 22 134 178 162 83 160 148 198 68 7 168 48 200 136 97 152 144 85 86 25 119 128 8 91 63 92 129 196 54 60 94 77 158 37 109 3 151 15 98 156 117 88 75 35 127 179 71 38 33 138 186 115 23 56 47 111 20 123 34 163 30 112 81 137 17 67 32 79 2 93 164 52 11 174 65 89 147 199 116 44 155 106 80 16 18 173 74 126 114 21 53 76 6 95 84 159 118 31 192 121 39 171 58 142 51 183 62 191 194 73 43 181 99 193 13 28 55 24 182 50 161 12 190 61 101 41 59 154 197
196: 9 4 131 110 108 29 1 69 82 46 102 145 104 26 175 169 103 150 107 189 185 87 143 113 187 14 184 140 57 176 149 139 72 78 49 45 157 177 70 132 124 120 133 19 172 167 10 105 24 126 2 73 23 122 148 164 65 166 151 174 38 144 200 115 90 118 183 158 196 7 56 61 89 193 15 63 134 121 28 88 51 195 25 17 119 5 156 43 30 64 50 97 8 152 40 112 178 109 67 138 188 86 163 116 165 36 130 16 41 79 37 111 128 142 62 71 81 44 101 35 191 39 137 180 76 168 135 141 147 129 21 100 11 160 85 83 106 98 94 42 123 60 146 80 22 75 18 68 47 199 181 170 186 31 3 159 91 155 190 92 77 95 136 127 153 197 48 12 55 6 171 53 192 96 54 154 59 32 162 194 179 58 125 66 93 84 27 33 13 161 74 182 20 117 34 198 173 114 99 52
197: 82 69 175 26 108 131 29 169 1 145 104 107 102 46 9 110 103 4 185 143 113 184 150 78 187 87 14 140 189 49 176 45 139 149 57 72 177 157 120 19 167 10 70 124 132 133 172 105 34 86 188 127 100 109 155 68 190 62 96 191 90 89 200 52 134 35 39 65 179 182 162 195 194 56 118 142 130 40 136 47 73 59 38 36 61 64 165 7 138 2 60 24 11 21 111 186 18 44 43 128 76 198 66 160 42 141 146 23 80 121 164 74 12 13 112 25 50 93 152 174 159 158 170 33 144 116 48 119 37 28 77 168 85 6 163 67 123 180 27 97 106 16 32 20 135 99 153 137 79 92 101 63 71 173 30 151 199 98 193 17 75 88 41 83 171 94 54 117 148 114 84 91 147 55 126 31 129 3 181 22 161 8 58 81 196 5 178 154 51 183 156 192 95 197 53 15 122 125 115 166
198: 69 29 104 1 82 103 175 131 145 108 46 102 9 107 110 169 26 113 150 4 140 143 14 185 189 184 187 87 57 176 78 72 149 139 49 45 157 177 172 105 133 19 70 10 124 167 120 132 20 61 31 93 147 183 117 129 12 115 130 60 39 25 95 166 134 84 81 119 171 188 161 22 68 156 138 15 123 126 58 196 198 155 99 122 141 178 128 179 94 162 40 163 53 36 114 44 11 135 5 18 3 85 21 154 91 48 96 7 32 92 27 195 191 33 89 174 16 6 80 200 182 66 159 194 190 173 151 101 75 125 65 100 41 56 164 181 37 63 51 158 121 67 116 73 152 168 193 79 71 160 106 136 38 153 137 97 34 30 77 144 59 52 197 28 186 165 42 90 13 24 2 118 35 54 86 192 170 112 17 74 180 64 23 111 76 50 142 8 98 109 55 88 199 62 148 47 146 83 43 127
199: 110 1 131 46 29 175 108 82 145 26 9 169 104 107 102 4 69 103 189 113 185 87 150 143 14 184 176 149 187 140 78 139 72 57 45 49 157 177 105 133 10 132 167 19 70 124 120 172 112 64 191 199 55 182 61 52 129 174 122 30 83 180 13 39 22 126 17 47 166 27 75 118 109 121 178 135 73 100 31 21 134 151 136 7 16 37 125 40 35 130 18 89 192 164 116 79 68 2 11 195 170 146 76 62 77 190 34 196 115 74 193 159 91 33 56 173 36 155 179 165 117 42 43 86 24 97 141 171 96 200 152 186 154 32 94 71 114 194 80 101 15 156 183 138 63 41 99 181 65 90 163 95 92 137 147 128 123 93 81 66 53 28 162 148 54 153 20 5 98 111 144 84 168 197 188 50 12 44 127 23 3 142 51 59 58 67 8 158 85 6 161 106 160 38 60 119 88 198 25 48
200: 9 29 82 104 108 131 69 1 26 110 103 145 169 102 175 46 150 107 185 143 4 189 113 184 87 187 140 14 72 176 78 49 139 57 149 45 177 157 167 124 19 133 105 10 132 70 172 120 194 88 97 50 123 13 61 162 142 90 21 136 77 171 30 93 130 37 54 75 155 190 148 31 153 76 118 91 198 119 129 80 126 166 186 98 74 121 173 73 7 38 23 111 60 63 183 41 39 79 168 174 22 115 25 85 84 127 137 95 112 51 182 34 181 6 151 5 83 99 86 3 180 159 101 44 96 197 62 66 2 114 100 55 156 122 94 144 20 116 12 109 152 146 154 188 16 200 147 141 17 58 134 47 170 193 161 18 191 64 125 68 24 11 138 43 192 52 67 8 164 89 135 59 178 71 117 158 92 27 15 32 28 53 36 106 163 196 65 160 56 199 128 195 40 35 48 33 42 179 81 165
