X side (users) preferences over Y (places):
U1061: 132723 132754 132954 132955 132958 135026 135034 135041 135048 135075 135080 132572 132825 132834 132921 135046 135058 135086 132560 132584 132594 132608 132609 132613 132630 132660 132663 132665 132732 132733 132740 132755 132767 132768 132830 132845 132846 132847 132851 132854 132856 132858 132861 132862 132866 132869 132870 132872 132875 132884 132885 132922 132925 132951 134983 134986 134996 134999 135001 135019 135021 135025 135027 135028 135030 135032 135038 135039 135042 135043 135045 135047 135049 135050 135051 135052 135053 135054 135055 135057 135059 135060 135062 135063 135064 135065 135066 135069 135070 135071 135072 135076 135079 135081 135082 135085 135088 135104 135106 135108
U1106: 132754 132834 132862 135028 135030 135039 135042 135062 135064 135066 135079 135085 135041 132856 135032 135047 135052 135106 132560 132572 132584 132594 132608 132609 132613 132630 132660 132663 132665 132723 132732 132733 132740 132755 132767 132768 132825 132830 132845 132846 132847 132851 132854 132858 132861 132866 132869 132870 132872 132875 132884 132885 132921 132922 132925 132951 132954 132955 132958 134983 134986 134996 134999 135001 135019 135021 135025 135026 135027 135034 135038 135043 135045 135046 135048 135049 135050 135051 135053 135054 135055 135057 135058 135059 135060 135063 135065 135069 135070 135071 135072 135075 135076 135080 135081 135082 135086 135088 135104 135108
U1134: 132754 135046 135055 135059 135064 135065 135075 135085 132825 135047 135079 135080 132572 135026 132560 132584 132594 132608 132609 132613 132630 132660 132663 132665 132723 132732 132733 132740 132755 132767 132768 132830 132834 132845 132846 132847 132851 132854 132856 132858 132861 132862 132866 132869 132870 132872 132875 132884 132885 132921 132922 132925 132951 132954 132955 132958 134983 134986 134996 134999 135001 135019 135021 135025 135027 135028 135030 135032 135034 135038 135039 135041 135042 135043 135045 135048 135049 135050 135051 135052 135053 135054 135057 135058 135060 135062 135063 135066 135069 135070 135071 135072 135076 135081 135082 135086 135088 135104 135106 135108
U1024: 135032 135039 135045 132825 132834 135027 135028 135030 135038 135041 135042 135051 135060 135106 132560 132572 132584 132594 132608 132609 132613 132630 132660 132663 132665 132723 132732 132733 132740 132754 132755 132767 132768 132830 132845 132846 132847 132851 132854 132856 132858 132861 132862 132866 132869 132870 132872 132875 132884 132885 132921 132922 132925 132951 132954 132955 132958 134983 134986 134996 134999 135001 135019 135021 135025 135026 135034 135043 135046 135047 135048 135049 135050 135052 135053 135054 135055 135057 135058 135059 135062 135063 135064 135065 135066 135069 135070 135071 135072 135075 135076 135079 135080 135081 135082 135085 135086 135088 135104 135108
U1022: 135038 135045 135051 135052 135057 135063 135032 135060 135062 135025 135081 132560 132572 132584 132594 132608 132609 132613 132630 132660 132663 132665 132723 132732 132733 132740 132754 132755 132767 132768 132825 132830 132834 132845 132846 132847 132851 132854 132856 132858 132861 132862 132866 132869 132870 132872 132875 132884 132885 132921 132922 132925 132951 132954 132955 132958 134983 134986 134996 134999 135001 135019 135021 135026 135027 135028 135030 135034 135039 135041 135042 135043 135046 135047 135048 135049 135050 135053 135054 135055 135058 135059 135064 135065 135066 135069 135070 135071 135072 135075 135076 135079 135080 135082 135085 135086 135088 135104 135106 135108
U1089: 132754 132834 132872 132875 132921 132951 135026 135028 135058 135064 135072 135085 135038 135079 132560 132572 132584 132594 132608 132609 132613 132630 132660 132663 132665 132723 132732 132733 132740 132755 132767 132768 132825 132830 132845 132846 132847 132851 132854 132856 132858 132861 132862 132866 132869 132870 132884 132885 132922 132925 132954 132955 132958 134983 134986 134996 134999 135001 135019 135021 135025 135027 135030 135032 135034 135039 135041 135042 135043 135045 135046 135047 135048 135049 135050 135051 135052 135053 135054 135055 135057 135059 135060 135062 135063 135065 135066 135069 135070 135071 135075 135076 135080 135081 135082 135086 135088 135104 135106 135108
U1135: 132825 132834 132856 135028 135032 135041 135042 135045 135052 135058 135060 135063 135085 135106 132560 132572 132584 132594 132608 132609 132613 132630 132660 132663 132665 132723 132732 132733 132740 132754 132755 132767 132768 132830 132845 132846 132847 132851 132854 132858 132861 132862 132866 132869 132870 132872 132875 132884 132885 132921 132922 132925 132951 132954 132955 132958 134983 134986 134996 134999 135001 135019 135021 135025 135026 135027 135030 135034 135038 135039 135043 135046 135047 135048 135049 135050 135051 135053 135054 135055 135057 135059 135062 135064 135065 135066 135069 135070 135071 135072 135075 135076 135079 135080 135081 135082 135086 135088 135104 135108
U1137: 132723 132755 132825 132834 132862 132884 132951 135042 135049 135059 135062 135075 135085 135058 132560 132572 132584 132594 132608 132609 132613 132630 132660 132663 132665 132732 132733 132740 132754 132767 132768 132830 132845 132846 132847 132851 132854 132856 132858 132861 132866 132869 132870 132872 132875 132885 132921 132922 132925 132954 132955 132958 134983 134986 134996 134999 135001 135019 135021 135025 135026 135027 135028 135030 135032 135034 135038 135039 135041 135043 135045 135046 135047 135048 135050 135051 135052 135053 135054 135055 135057 135060 135063 135064 135065 135066 135069 135070 135071 135072 135076 135079 135080 135081 135082 135086 135088 135104 135106 135108
U1003: 132723 132754 132755 132825 132922 135059 135075 135079 135080 132862 135041 135064 132560 132572 132584 132594 132608 132609 132613 132630 132660 132663 132665 132732 132733 132740 132767 132768 132830 132834 132845 132846 132847 132851 132854 132856 132858 132861 132866 132869 132870 132872 132875 132884 132885 132921 132925 132951 132954 132955 132958 134983 134986 134996 134999 135001 135019 135021 135025 135026 135027 135028 135030 135032 135034 135038 135039 135042 135043 135045 135046 135047 135048 135049 135050 135051 135052 135053 135054 135055 135057 135058 135060 135062 135063 135065 135066 135069 135070 135071 135072 135076 135081 135082 135085 135086 135088 135104 135106 135108
U1016: 132834 132856 132862 135032 135045 135051 135052 135060 135062 135066 135085 135106 135042 132560 132572 132584 132594 132608 132609 132613 132630 132660 132663 132665 132723 132732 132733 132740 132754 132755 132767 132768 132825 132830 132845 132846 132847 132851 132854 132858 132861 132866 132869 132870 132872 132875 132884 132885 132921 132922 132925 132951 132954 132955 132958 134983 134986 134996 134999 135001 135019 135021 135025 135026 135027 135028 135030 135034 135038 135039 135041 135043 135046 135047 135048 135049 135050 135053 135054 135055 135057 135058 135059 135063 135064 135065 135069 135070 135071 135072 135075 135076 135079 135080 135081 135082 135086 135088 135104 135108
U1053: 135025 135032 135038 135042 135047 135053 135060 135062 135063 135081 132754 132825 135076 132560 132572 132584 132594 132608 132609 132613 132630 132660 132663 132665 132723 132732 132733 132740 132755 132767 132768 132830 132834 132845 132846 132847 132851 132854 132856 132858 132861 132862 132866 132869 132870 132872 132875 132884 132885 132921 132922 132925 132951 132954 132955 132958 134983 134986 134996 134999 135001 135019 135021 135026 135027 135028 135030 135034 135039 135041 135043 135045 135046 135048 135049 135050 135051 135052 135054 135055 135057 135058 135059 135064 135065 135066 135069 135070 135071 135072 135075 135079 135080 135082 135085 135086 135088 135104 135106 135108
U1071: 132825 132856 132862 135025 135028 135030 135032 135039 135042 135052 135063 132834 135060 132560 132572 132584 132594 132608 132609 132613 132630 132660 132663 132665 132723 132732 132733 132740 132754 132755 132767 132768 132830 132845 132846 132847 132851 132854 132858 132861 132866 132869 132870 132872 132875 132884 132885 132921 132922 132925 132951 132954 132955 132958 134983 134986 134996 134999 135001 135019 135021 135026 135027 135034 135038 135041 135043 135045 135046 135047 135048 135049 135050 135051 135053 135054 135055 135057 135058 135059 135062 135064 135065 135066 135069 135070 135071 135072 135075 135076 135079 135080 135081 135082 135085 135086 135088 135104 135106 135108
U1097: 132861 132921 132955 132958 135034 135049 135053 135058 135079 135086 132884 132954 135026 132560 132572 132584 132594 132608 132609 132613 132630 132660 132663 132665 132723 132732 132733 132740 132754 132755 132767 132768 132825 132830 132834 132845 132846 132847 132851 132854 132856 132858 132862 132866 132869 132870 132872 132875 132885 132922 132925 132951 134983 134986 134996 134999 135001 135019 135021 135025 135027 135028 135030 135032 135038 135039 135041 135042 135043 135045 135046 135047 135048 135050 135051 135052 135054 135055 135057 135059 135060 135062 135063 135064 135065 135066 135069 135070 135071 135072 135075 135076 135080 135081 135082 135085 135088 135104 135106 135108
U1112: 132834 132862 132921 135026 135079 132572 132954 135046 135047 135048 135062 135064 135086 132560 132584 132594 132608 132609 132613 132630 132660 132663 132665 132723 132732 132733 132740 132754 132755 132767 132768 132825 132830 132845 132846 132847 132851 132854 132856 132858 132861 132866 132869 132870 132872 132875 132884 132885 132922 132925 132951 132955 132958 134983 134986 134996 134999 135001 135019 135021 135025 135027 135028 135030 135032 135034 135038 135039 135041 135042 135043 135045 135049 135050 135051 135052 135053 135054 135055 135057 135058 135059 135060 135063 135065 135066 135069 135070 135071 135072 135075 135076 135080 135081 135082 135085 135088 135104 135106 135108
U1036: 132754 132825 135025 135042 135045 135052 135059 135064 135079 135085 132834 135065 132560 132572 132584 132594 132608 132609 132613 132630 132660 132663 132665 132723 132732 132733 132740 132755 132767 132768 132830 132845 132846 132847 132851 132854 132856 132858 132861 132862 132866 132869 132870 132872 132875 132884 132885 132921 132922 132925 132951 132954 132955 132958 134983 134986 134996 134999 135001 135019 135021 135026 135027 135028 135030 135032 135034 135038 135039 135041 135043 135046 135047 135048 135049 135050 135051 135053 135054 135055 135057 135058 135060 135062 135063 135066 135069 135070 135071 135072 135075 135076 135080 135081 135082 135086 135088 135104 135106 135108
U1075: 135039 135050 135057 135066 135076 132830 132834 135032 135041 135051 135062 135081 132560 132572 132584 132594 132608 132609 132613 132630 132660 132663 132665 132723 132732 132733 132740 132754 132755 132767 132768 132825 132845 132846 132847 132851 132854 132856 132858 132861 132862 132866 132869 132870 132872 132875 132884 132885 132921 132922 132925 132951 132954 132955 132958 134983 134986 134996 134999 135001 135019 135021 135025 135026 135027 135028 135030 135034 135038 135042 135043 135045 135046 135047 135048 135049 135052 135053 135054 135055 135058 135059 135060 135063 135064 135065 135069 135070 135071 135072 135075 135079 135080 135082 135085 135086 135088 135104 135106 135108
U1088: 135032 135041 135051 135054 135070 135082 135108 135057 135069 135081 132830 135071 132560 132572 132584 132594 132608 132609 132613 132630 132660 132663 132665 132723 132732 132733 132740 132754 132755 132767 132768 132825 132834 132845 132846 132847 132851 132854 132856 132858 132861 132862 132866 132869 132870 132872 132875 132884 132885 132921 132922 132925 132951 132954 132955 132958 134983 134986 134996 134999 135001 135019 135021 135025 135026 135027 135028 135030 135034 135038 135039 135042 135043 135045 135046 135047 135048 135049 135050 135052 135053 135055 135058 135059 135060 135062 135063 135064 135065 135066 135072 135075 135076 135079 135080 135085 135086 135088 135104 135106
U1098: 132861 135032 135060 135079 132825 132856 132862 132885 132921 135038 135046 135085 132560 132572 132584 132594 132608 132609 132613 132630 132660 132663 132665 132723 132732 132733 132740 132754 132755 132767 132768 132830 132834 132845 132846 132847 132851 132854 132858 132866 132869 132870 132872 132875 132884 132922 132925 132951 132954 132955 132958 134983 134986 134996 134999 135001 135019 135021 135025 135026 135027 135028 135030 135034 135039 135041 135042 135043 135045 135047 135048 135049 135050 135051 135052 135053 135054 135055 135057 135058 135059 135062 135063 135064 135065 135066 135069 135070 135071 135072 135075 135076 135080 135081 135082 135086 135088 135104 135106 135108
U1104: 135025 135030 135032 135085 132825 132834 135041 135047 135052 135062 135039 132560 132572 132584 132594 132608 132609 132613 132630 132660 132663 132665 132723 132732 132733 132740 132754 132755 132767 132768 132830 132845 132846 132847 132851 132854 132856 132858 132861 132862 132866 132869 132870 132872 132875 132884 132885 132921 132922 132925 132951 132954 132955 132958 134983 134986 134996 134999 135001 135019 135021 135026 135027 135028 135034 135038 135042 135043 135045 135046 135048 135049 135050 135051 135053 135054 135055 135057 135058 135059 135060 135063 135064 135065 135066 135069 135070 135071 135072 135075 135076 135079 135080 135081 135082 135086 135088 135104 135106 135108
U1122: 132754 132834 132872 135030 135038 135053 135058 135065 135066 135079 135085 135064 132560 132572 132584 132594 132608 132609 132613 132630 132660 132663 132665 132723 132732 132733 132740 132755 132767 132768 132825 132830 132845 132846 132847 132851 132854 132856 132858 132861 132862 132866 132869 132870 132875 132884 132885 132921 132922 132925 132951 132954 132955 132958 134983 134986 134996 134999 135001 135019 135021 135025 135026 135027 135028 135032 135034 135039 135041 135042 135043 135045 135046 135047 135048 135049 135050 135051 135052 135054 135055 135057 135059 135060 135062 135063 135069 135070 135071 135072 135075 135076 135080 135081 135082 135086 135088 135104 135106 135108
U1006: 132875 132884 132922 135026 132572 132825 132954 135030 135048 135075 135079 132560 132584 132594 132608 132609 132613 132630 132660 132663 132665 132723 132732 132733 132740 132754 132755 132767 132768 132830 132834 132845 132846 132847 132851 132854 132856 132858 132861 132862 132866 132869 132870 132872 132885 132921 132925 132951 132955 132958 134983 134986 134996 134999 135001 135019 135021 135025 135027 135028 135032 135034 135038 135039 135041 135042 135043 135045 135046 135047 135049 135050 135051 135052 135053 135054 135055 135057 135058 135059 135060 135062 135063 135064 135065 135066 135069 135070 135071 135072 135076 135080 135081 135082 135085 135086 135088 135104 135106 135108
U1009: 132834 132862 135038 135052 135059 132754 132825 135058 135060 135079 135063 132560 132572 132584 132594 132608 132609 132613 132630 132660 132663 132665 132723 132732 132733 132740 132755 132767 132768 132830 132845 132846 132847 132851 132854 132856 132858 132861 132866 132869 132870 132872 132875 132884 132885 132921 132922 132925 132951 132954 132955 132958 134983 134986 134996 134999 135001 135019 135021 135025 135026 135027 135028 135030 135032 135034 135039 135041 135042 135043 135045 135046 135047 135048 135049 135050 135051 135053 135054 135055 135057 135062 135064 135065 135066 135069 135070 135071 135072 135075 135076 135080 135081 135082 135085 135086 135088 135104 135106 135108
U1014: 132830 135050 135066 135070 135081 135042 135043 135057 135069 135076 135082 132560 132572 132584 132594 132608 132609 132613 132630 132660 132663 132665 132723 132732 132733 132740 132754 132755 132767 132768 132825 132834 132845 132846 132847 132851 132854 132856 132858 132861 132862 132866 132869 132870 132872 132875 132884 132885 132921 132922 132925 132951 132954 132955 132958 134983 134986 134996 134999 135001 135019 135021 135025 135026 135027 135028 135030 135032 135034 135038 135039 135041 135045 135046 135047 135048 135049 135051 135052 135053 135054 135055 135058 135059 135060 135062 135063 135064 135065 135071 135072 135075 135079 135080 135085 135086 135088 135104 135106 135108
U1025: 132830 132846 132847 132866 135028 135064 135071 132958 135047 132825 132560 132572 132584 132594 132608 132609 132613 132630 132660 132663 132665 132723 132732 132733 132740 132754 132755 132767 132768 132834 132845 132851 132854 132856 132858 132861 132862 132869 132870 132872 132875 132884 132885 132921 132922 132925 132951 132954 132955 134983 134986 134996 134999 135001 135019 135021 135025 135026 135027 135030 135032 135034 135038 135039 135041 135042 135043 135045 135046 135048 135049 135050 135051 135052 135053 135054 135055 135057 135058 135059 135060 135062 135063 135065 135066 135069 135070 135072 135075 135076 135079 135080 135081 135082 135085 135086 135088 135104 135106 135108
U1027: 132872 132875 132921 132925 132951 135042 135052 135062 135085 135066 132560 132572 132584 132594 132608 132609 132613 132630 132660 132663 132665 132723 132732 132733 132740 132754 132755 132767 132768 132825 132830 132834 132845 132846 132847 132851 132854 132856 132858 132861 132862 132866 132869 132870 132884 132885 132922 132954 132955 132958 134983 134986 134996 134999 135001 135019 135021 135025 135026 135027 135028 135030 135032 135034 135038 135039 135041 135043 135045 135046 135047 135048 135049 135050 135051 135053 135054 135055 135057 135058 135059 135060 135063 135064 135065 135069 135070 135071 135072 135075 135076 135079 135080 135081 135082 135086 135088 135104 135106 135108
U1033: 132921 132951 135028 135030 135045 135046 135075 135085 132572 135038 135065 132560 132584 132594 132608 132609 132613 132630 132660 132663 132665 132723 132732 132733 132740 132754 132755 132767 132768 132825 132830 132834 132845 132846 132847 132851 132854 132856 132858 132861 132862 132866 132869 132870 132872 132875 132884 132885 132922 132925 132954 132955 132958 134983 134986 134996 134999 135001 135019 135021 135025 135026 135027 135032 135034 135039 135041 135042 135043 135047 135048 135049 135050 135051 135052 135053 135054 135055 135057 135058 135059 135060 135062 135063 135064 135066 135069 135070 135071 135072 135076 135079 135080 135081 135082 135086 135088 135104 135106 135108
U1037: 132830 132851 135054 135108 132847 132854 132869 135071 132845 135070 135082 132560 132572 132584 132594 132608 132609 132613 132630 132660 132663 132665 132723 132732 132733 132740 132754 132755 132767 132768 132825 132834 132846 132856 132858 132861 132862 132866 132870 132872 132875 132884 132885 132921 132922 132925 132951 132954 132955 132958 134983 134986 134996 134999 135001 135019 135021 135025 135026 135027 135028 135030 135032 135034 135038 135039 135041 135042 135043 135045 135046 135047 135048 135049 135050 135051 135052 135053 135055 135057 135058 135059 135060 135062 135063 135064 135065 135066 135069 135072 135075 135076 135079 135080 135081 135085 135086 135088 135104 135106
U1054: 132856 135025 135038 135039 135041 135045 135051 135052 135060 135062 135032 132560 132572 132584 132594 132608 132609 132613 132630 132660 132663 132665 132723 132732 132733 132740 132754 132755 132767 132768 132825 132830 132834 132845 132846 132847 132851 132854 132858 132861 132862 132866 132869 132870 132872 132875 132884 132885 132921 132922 132925 132951 132954 132955 132958 134983 134986 134996 134999 135001 135019 135021 135026 135027 135028 135030 135034 135042 135043 135046 135047 135048 135049 135050 135053 135054 135055 135057 135058 135059 135063 135064 135065 135066 135069 135070 135071 135072 135075 135076 135079 135080 135081 135082 135085 135086 135088 135104 135106 135108
U1057: 132825 132834 132862 132954 135030 135043 135046 135064 135070 135080 135075 132560 132572 132584 132594 132608 132609 132613 132630 132660 132663 132665 132723 132732 132733 132740 132754 132755 132767 132768 132830 132845 132846 132847 132851 132854 132856 132858 132861 132866 132869 132870 132872 132875 132884 132885 132921 132922 132925 132951 132955 132958 134983 134986 134996 134999 135001 135019 135021 135025 135026 135027 135028 135032 135034 135038 135039 135041 135042 135045 135047 135048 135049 135050 135051 135052 135053 135054 135055 135057 135058 135059 135060 135062 135063 135065 135066 135069 135071 135072 135076 135079 135081 135082 135085 135086 135088 135104 135106 135108
U1073: 132572 132834 132862 132951 132954 135052 135060 135062 135064 135065 135080 132560 132584 132594 132608 132609 132613 132630 132660 132663 132665 132723 132732 132733 132740 132754 132755 132767 132768 132825 132830 132845 132846 132847 132851 132854 132856 132858 132861 132866 132869 132870 132872 132875 132884 132885 132921 132922 132925 132955 132958 134983 134986 134996 134999 135001 135019 135021 135025 135026 135027 135028 135030 135032 135034 135038 135039 135041 135042 135043 135045 135046 135047 135048 135049 135050 135051 135053 135054 135055 135057 135058 135059 135063 135066 135069 135070 135071 135072 135075 135076 135079 135081 135082 135085 135086 135088 135104 135106 135108
U1081: 132825 135028 135030 135069 135076 135085 135027 135032 135039 135043 135052 132560 132572 132584 132594 132608 132609 132613 132630 132660 132663 132665 132723 132732 132733 132740 132754 132755 132767 132768 132830 132834 132845 132846 132847 132851 132854 132856 132858 132861 132862 132866 132869 132870 132872 132875 132884 132885 132921 132922 132925 132951 132954 132955 132958 134983 134986 134996 134999 135001 135019 135021 135025 135026 135034 135038 135041 135042 135045 135046 135047 135048 135049 135050 135051 135053 135054 135055 135057 135058 135059 135060 135062 135063 135064 135065 135066 135070 135071 135072 135075 135079 135080 135081 135082 135086 135088 135104 135106 135108
U1096: 132875 132955 135025 135026 135055 132723 132958 135064 135072 135075 135086 132560 132572 132584 132594 132608 132609 132613 132630 132660 132663 132665 132732 132733 132740 132754 132755 132767 132768 132825 132830 132834 132845 132846 132847 132851 132854 132856 132858 132861 132862 132866 132869 132870 132872 132884 132885 132921 132922 132925 132951 132954 134983 134986 134996 134999 135001 135019 135021 135027 135028 135030 135032 135034 135038 135039 135041 135042 135043 135045 135046 135047 135048 135049 135050 135051 135052 135053 135054 135057 135058 135059 135060 135062 135063 135065 135066 135069 135070 135071 135076 135079 135080 135081 135082 135085 135088 135104 135106 135108
U1099: 132834 135043 135060 132856 132872 135042 135045 135066 135076 132885 135038 132560 132572 132584 132594 132608 132609 132613 132630 132660 132663 132665 132723 132732 132733 132740 132754 132755 132767 132768 132825 132830 132845 132846 132847 132851 132854 132858 132861 132862 132866 132869 132870 132875 132884 132921 132922 132925 132951 132954 132955 132958 134983 134986 134996 134999 135001 135019 135021 135025 135026 135027 135028 135030 135032 135034 135039 135041 135046 135047 135048 135049 135050 135051 135052 135053 135054 135055 135057 135058 135059 135062 135063 135064 135065 135069 135070 135071 135072 135075 135079 135080 135081 135082 135085 135086 135088 135104 135106 135108
U1111: 132845 132851 132854 135071 135108 132858 135082 132847 132869 132870 132560 132572 132584 132594 132608 132609 132613 132630 132660 132663 132665 132723 132732 132733 132740 132754 132755 132767 132768 132825 132830 132834 132846 132856 132861 132862 132866 132872 132875 132884 132885 132921 132922 132925 132951 132954 132955 132958 134983 134986 134996 134999 135001 135019 135021 135025 135026 135027 135028 135030 135032 135034 135038 135039 135041 135042 135043 135045 135046 135047 135048 135049 135050 135051 135052 135053 135054 135055 135057 135058 135059 135060 135062 135063 135064 135065 135066 135069 135070 135072 135075 135076 135079 135080 135081 135085 135086 135088 135104 135106
U1114: 132755 132872 132723 132754 132825 132834 132951 135053 135058 135065 135072 132560 132572 132584 132594 132608 132609 132613 132630 132660 132663 132665 132732 132733 132740 132767 132768 132830 132845 132846 132847 132851 132854 132856 132858 132861 132862 132866 132869 132870 132875 132884 132885 132921 132922 132925 132954 132955 132958 134983 134986 134996 134999 135001 135019 135021 135025 135026 135027 135028 135030 135032 135034 135038 135039 135041 135042 135043 135045 135046 135047 135048 135049 135050 135051 135052 135054 135055 135057 135059 135060 135062 135063 135064 135066 135069 135070 135071 135075 135076 135079 135080 135081 135082 135085 135086 135088 135104 135106 135108
U1116: 132825 132834 135025 135038 135047 135052 135085 135030 135027 135059 135060 132560 132572 132584 132594 132608 132609 132613 132630 132660 132663 132665 132723 132732 132733 132740 132754 132755 132767 132768 132830 132845 132846 132847 132851 132854 132856 132858 132861 132862 132866 132869 132870 132872 132875 132884 132885 132921 132922 132925 132951 132954 132955 132958 134983 134986 134996 134999 135001 135019 135021 135026 135028 135032 135034 135039 135041 135042 135043 135045 135046 135048 135049 135050 135051 135053 135054 135055 135057 135058 135062 135063 135064 135065 135066 135069 135070 135071 135072 135075 135076 135079 135080 135081 135082 135086 135088 135104 135106 135108
U1125: 135038 135050 135032 135042 135043 135060 135062 135063 135066 135076 135081 132560 132572 132584 132594 132608 132609 132613 132630 132660 132663 132665 132723 132732 132733 132740 132754 132755 132767 132768 132825 132830 132834 132845 132846 132847 132851 132854 132856 132858 132861 132862 132866 132869 132870 132872 132875 132884 132885 132921 132922 132925 132951 132954 132955 132958 134983 134986 134996 134999 135001 135019 135021 135025 135026 135027 135028 135030 135034 135039 135041 135045 135046 135047 135048 135049 135051 135052 135053 135054 135055 135057 135058 135059 135064 135065 135069 135070 135071 135072 135075 135079 135080 135082 135085 135086 135088 135104 135106 135108
U1128: 132872 132875 132921 132925 132951 132954 135053 135058 135060 135064 135079 132560 132572 132584 132594 132608 132609 132613 132630 132660 132663 132665 132723 132732 132733 132740 132754 132755 132767 132768 132825 132830 132834 132845 132846 132847 132851 132854 132856 132858 132861 132862 132866 132869 132870 132884 132885 132922 132955 132958 134983 134986 134996 134999 135001 135019 135021 135025 135026 135027 135028 135030 135032 135034 135038 135039 135041 135042 135043 135045 135046 135047 135048 135049 135050 135051 135052 135054 135055 135057 135059 135062 135063 135065 135066 135069 135070 135071 135072 135075 135076 135080 135081 135082 135085 135086 135088 135104 135106 135108
U1002: 132825 132862 132921 135041 132925 135052 135059 135062 135085 135106 132560 132572 132584 132594 132608 132609 132613 132630 132660 132663 132665 132723 132732 132733 132740 132754 132755 132767 132768 132830 132834 132845 132846 132847 132851 132854 132856 132858 132861 132866 132869 132870 132872 132875 132884 132885 132922 132951 132954 132955 132958 134983 134986 134996 134999 135001 135019 135021 135025 135026 135027 135028 135030 135032 135034 135038 135039 135042 135043 135045 135046 135047 135048 135049 135050 135051 135053 135054 135055 135057 135058 135060 135063 135064 135065 135066 135069 135070 135071 135072 135075 135076 135079 135080 135081 135082 135086 135088 135104 135108
U1013: 132875 132921 132951 135072 135075 132572 135060 135076 135079 135085 132560 132584 132594 132608 132609 132613 132630 132660 132663 132665 132723 132732 132733 132740 132754 132755 132767 132768 132825 132830 132834 132845 132846 132847 132851 132854 132856 132858 132861 132862 132866 132869 132870 132872 132884 132885 132922 132925 132954 132955 132958 134983 134986 134996 134999 135001 135019 135021 135025 135026 135027 135028 135030 135032 135034 135038 135039 135041 135042 135043 135045 135046 135047 135048 135049 135050 135051 135052 135053 135054 135055 135057 135058 135059 135062 135063 135064 135065 135066 135069 135070 135071 135080 135081 135082 135086 135088 135104 135106 135108
U1018: 135082 135025 135032 135057 135066 135081 135108 135043 135062 135069 132560 132572 132584 132594 132608 132609 132613 132630 132660 132663 132665 132723 132732 132733 132740 132754 132755 132767 132768 132825 132830 132834 132845 132846 132847 132851 132854 132856 132858 132861 132862 132866 132869 132870 132872 132875 132884 132885 132921 132922 132925 132951 132954 132955 132958 134983 134986 134996 134999 135001 135019 135021 135026 135027 135028 135030 135034 135038 135039 135041 135042 135045 135046 135047 135048 135049 135050 135051 135052 135053 135054 135055 135058 135059 135060 135063 135064 135065 135070 135071 135072 135075 135076 135079 135080 135085 135086 135088 135104 135106
U1029: 135059 132825 132862 132921 132922 135047 135085 132754 132834 132560 132572 132584 132594 132608 132609 132613 132630 132660 132663 132665 132723 132732 132733 132740 132755 132767 132768 132830 132845 132846 132847 132851 132854 132856 132858 132861 132866 132869 132870 132872 132875 132884 132885 132925 132951 132954 132955 132958 134983 134986 134996 134999 135001 135019 135021 135025 135026 135027 135028 135030 135032 135034 135038 135039 135041 135042 135043 135045 135046 135048 135049 135050 135051 135052 135053 135054 135055 135057 135058 135060 135062 135063 135064 135065 135066 135069 135070 135071 135072 135075 135076 135079 135080 135081 135082 135086 135088 135104 135106 135108
U1032: 135058 135079 132834 132856 132872 135038 135060 135085 135032 135042 132560 132572 132584 132594 132608 132609 132613 132630 132660 132663 132665 132723 132732 132733 132740 132754 132755 132767 132768 132825 132830 132845 132846 132847 132851 132854 132858 132861 132862 132866 132869 132870 132875 132884 132885 132921 132922 132925 132951 132954 132955 132958 134983 134986 134996 134999 135001 135019 135021 135025 135026 135027 135028 135030 135034 135039 135041 135043 135045 135046 135047 135048 135049 135050 135051 135052 135053 135054 135055 135057 135059 135062 135063 135064 135065 135066 135069 135070 135071 135072 135075 135076 135080 135081 135082 135086 135088 135104 135106 135108
U1045: 132825 135051 135060 135085 132834 132856 135041 135052 135032 135064 132560 132572 132584 132594 132608 132609 132613 132630 132660 132663 132665 132723 132732 132733 132740 132754 132755 132767 132768 132830 132845 132846 132847 132851 132854 132858 132861 132862 132866 132869 132870 132872 132875 132884 132885 132921 132922 132925 132951 132954 132955 132958 134983 134986 134996 134999 135001 135019 135021 135025 135026 135027 135028 135030 135034 135038 135039 135042 135043 135045 135046 135047 135048 135049 135050 135053 135054 135055 135057 135058 135059 135062 135063 135065 135066 135069 135070 135071 135072 135075 135076 135079 135080 135081 135082 135086 135088 135104 135106 135108
U1055: 132572 132754 132825 135025 135028 135047 135048 135075 135106 135051 132560 132584 132594 132608 132609 132613 132630 132660 132663 132665 132723 132732 132733 132740 132755 132767 132768 132830 132834 132845 132846 132847 132851 132854 132856 132858 132861 132862 132866 132869 132870 132872 132875 132884 132885 132921 132922 132925 132951 132954 132955 132958 134983 134986 134996 134999 135001 135019 135021 135026 135027 135030 135032 135034 135038 135039 135041 135042 135043 135045 135046 135049 135050 135052 135053 135054 135055 135057 135058 135059 135060 135062 135063 135064 135065 135066 135069 135070 135071 135072 135076 135079 135080 135081 135082 135085 135086 135088 135104 135108
U1056: 132825 135027 135051 135052 135062 135066 135076 135081 135085 135050 132560 132572 132584 132594 132608 132609 132613 132630 132660 132663 132665 132723 132732 132733 132740 132754 132755 132767 132768 132830 132834 132845 132846 132847 132851 132854 132856 132858 132861 132862 132866 132869 132870 132872 132875 132884 132885 132921 132922 132925 132951 132954 132955 132958 134983 134986 134996 134999 135001 135019 135021 135025 135026 135028 135030 135032 135034 135038 135039 135041 135042 135043 135045 135046 135047 135048 135049 135053 135054 135055 135057 135058 135059 135060 135063 135064 135065 135069 135070 135071 135072 135075 135079 135080 135082 135086 135088 135104 135106 135108
U1058: 132872 135053 135055 135058 135062 135076 132885 135043 135050 135066 132560 132572 132584 132594 132608 132609 132613 132630 132660 132663 132665 132723 132732 132733 132740 132754 132755 132767 132768 132825 132830 132834 132845 132846 132847 132851 132854 132856 132858 132861 132862 132866 132869 132870 132875 132884 132921 132922 132925 132951 132954 132955 132958 134983 134986 134996 134999 135001 135019 135021 135025 135026 135027 135028 135030 135032 135034 135038 135039 135041 135042 135045 135046 135047 135048 135049 135051 135052 135054 135057 135059 135060 135063 135064 135065 135069 135070 135071 135072 135075 135079 135080 135081 135082 135085 135086 135088 135104 135106 135108
U1059: 132754 132825 132955 135030 135075 135085 135028 135064 132862 132560 132572 132584 132594 132608 132609 132613 132630 132660 132663 132665 132723 132732 132733 132740 132755 132767 132768 132830 132834 132845 132846 132847 132851 132854 132856 132858 132861 132866 132869 132870 132872 132875 132884 132885 132921 132922 132925 132951 132954 132958 134983 134986 134996 134999 135001 135019 135021 135025 135026 135027 135032 135034 135038 135039 135041 135042 135043 135045 135046 135047 135048 135049 135050 135051 135052 135053 135054 135055 135057 135058 135059 135060 135062 135063 135065 135066 135069 135070 135071 135072 135076 135079 135080 135081 135082 135086 135088 135104 135106 135108
U1084: 132861 132862 135026 135030 135045 135072 135085 132723 135058 132560 132572 132584 132594 132608 132609 132613 132630 132660 132663 132665 132732 132733 132740 132754 132755 132767 132768 132825 132830 132834 132845 132846 132847 132851 132854 132856 132858 132866 132869 132870 132872 132875 132884 132885 132921 132922 132925 132951 132954 132955 132958 134983 134986 134996 134999 135001 135019 135021 135025 135027 135028 135032 135034 135038 135039 135041 135042 135043 135046 135047 135048 135049 135050 135051 135052 135053 135054 135055 135057 135059 135060 135062 135063 135064 135065 135066 135069 135070 135071 135075 135076 135079 135080 135081 135082 135086 135088 135104 135106 135108
U1085: 132825 135043 135050 135055 135059 135076 135081 132872 132885 135042 132560 132572 132584 132594 132608 132609 132613 132630 132660 132663 132665 132723 132732 132733 132740 132754 132755 132767 132768 132830 132834 132845 132846 132847 132851 132854 132856 132858 132861 132862 132866 132869 132870 132875 132884 132921 132922 132925 132951 132954 132955 132958 134983 134986 134996 134999 135001 135019 135021 135025 135026 135027 135028 135030 135032 135034 135038 135039 135041 135045 135046 135047 135048 135049 135051 135052 135053 135054 135057 135058 135060 135062 135063 135064 135065 135066 135069 135070 135071 135072 135075 135079 135080 135082 135085 135086 135088 135104 135106 135108
U1090: 132862 132922 132925 132954 135025 135052 135062 135085 132572 135051 132560 132584 132594 132608 132609 132613 132630 132660 132663 132665 132723 132732 132733 132740 132754 132755 132767 132768 132825 132830 132834 132845 132846 132847 132851 132854 132856 132858 132861 132866 132869 132870 132872 132875 132884 132885 132921 132951 132955 132958 134983 134986 134996 134999 135001 135019 135021 135026 135027 135028 135030 135032 135034 135038 135039 135041 135042 135043 135045 135046 135047 135048 135049 135050 135053 135054 135055 135057 135058 135059 135060 135063 135064 135065 135066 135069 135070 135071 135072 135075 135076 135079 135080 135081 135082 135086 135088 135104 135106 135108
U1095: 132723 135034 135055 135072 132861 132872 135058 135064 135086 132560 132572 132584 132594 132608 132609 132613 132630 132660 132663 132665 132732 132733 132740 132754 132755 132767 132768 132825 132830 132834 132845 132846 132847 132851 132854 132856 132858 132862 132866 132869 132870 132875 132884 132885 132921 132922 132925 132951 132954 132955 132958 134983 134986 134996 134999 135001 135019 135021 135025 135026 135027 135028 135030 135032 135038 135039 135041 135042 135043 135045 135046 135047 135048 135049 135050 135051 135052 135053 135054 135057 135059 135060 135062 135063 135065 135066 135069 135070 135071 135075 135076 135079 135080 135081 135082 135085 135088 135104 135106 135108
U1101: 135027 135032 135038 135051 135052 132856 135039 135041 135106 132560 132572 132584 132594 132608 132609 132613 132630 132660 132663 132665 132723 132732 132733 132740 132754 132755 132767 132768 132825 132830 132834 132845 132846 132847 132851 132854 132858 132861 132862 132866 132869 132870 132872 132875 132884 132885 132921 132922 132925 132951 132954 132955 132958 134983 134986 134996 134999 135001 135019 135021 135025 135026 135028 135030 135034 135042 135043 135045 135046 135047 135048 135049 135050 135053 135054 135055 135057 135058 135059 135060 135062 135063 135064 135065 135066 135069 135070 135071 135072 135075 135076 135079 135080 135081 135082 135085 135086 135088 135104 135108
U1108: 132723 135032 135075 132572 135028 135046 135058 135085 135086 132560 132584 132594 132608 132609 132613 132630 132660 132663 132665 132732 132733 132740 132754 132755 132767 132768 132825 132830 132834 132845 132846 132847 132851 132854 132856 132858 132861 132862 132866 132869 132870 132872 132875 132884 132885 132921 132922 132925 132951 132954 132955 132958 134983 134986 134996 134999 135001 135019 135021 135025 135026 135027 135030 135034 135038 135039 135041 135042 135043 135045 135047 135048 135049 135050 135051 135052 135053 135054 135055 135057 135059 135060 135062 135063 135064 135065 135066 135069 135070 135071 135072 135076 135079 135080 135081 135082 135088 135104 135106 135108
U1109: 132825 135028 135032 135038 135042 135058 135063 135085 132856 132872 132560 132572 132584 132594 132608 132609 132613 132630 132660 132663 132665 132723 132732 132733 132740 132754 132755 132767 132768 132830 132834 132845 132846 132847 132851 132854 132858 132861 132862 132866 132869 132870 132875 132884 132885 132921 132922 132925 132951 132954 132955 132958 134983 134986 134996 134999 135001 135019 135021 135025 135026 135027 135030 135034 135039 135041 135043 135045 135046 135047 135048 135049 135050 135051 135052 135053 135054 135055 135057 135059 135060 135062 135064 135065 135066 135069 135070 135071 135072 135075 135076 135079 135080 135081 135082 135086 135088 135104 135106 135108
U1124: 135032 135039 135054 135057 135069 135070 135071 135081 135108 135050 132560 132572 132584 132594 132608 132609 132613 132630 132660 132663 132665 132723 132732 132733 132740 132754 132755 132767 132768 132825 132830 132834 132845 132846 132847 132851 132854 132856 132858 132861 132862 132866 132869 132870 132872 132875 132884 132885 132921 132922 132925 132951 132954 132955 132958 134983 134986 134996 134999 135001 135019 135021 135025 135026 135027 135028 135030 135034 135038 135041 135042 135043 135045 135046 135047 135048 135049 135051 135052 135053 135055 135058 135059 135060 135062 135063 135064 135065 135066 135072 135075 135076 135079 135080 135082 135085 135086 135088 135104 135106
U1126: 135041 135052 135057 135106 135108 135038 135054 132830 135069 132560 132572 132584 132594 132608 132609 132613 132630 132660 132663 132665 132723 132732 132733 132740 132754 132755 132767 132768 132825 132834 132845 132846 132847 132851 132854 132856 132858 132861 132862 132866 132869 132870 132872 132875 132884 132885 132921 132922 132925 132951 132954 132955 132958 134983 134986 134996 134999 135001 135019 135021 135025 135026 135027 135028 135030 135032 135034 135039 135042 135043 135045 135046 135047 135048 135049 135050 135051 135053 135055 135058 135059 135060 135062 135063 135064 135065 135066 135070 135071 135072 135075 135076 135079 135080 135081 135082 135085 135086 135088 135104
U1132: 132825 135027 135028 135052 135062 135085 135025 135032 135038 135051 132560 132572 132584 132594 132608 132609 132613 132630 132660 132663 132665 132723 132732 132733 132740 132754 132755 132767 132768 132830 132834 132845 132846 132847 132851 132854 132856 132858 132861 132862 132866 132869 132870 132872 132875 132884 132885 132921 132922 132925 132951 132954 132955 132958 134983 134986 134996 134999 135001 135019 135021 135026 135030 135034 135039 135041 135042 135043 135045 135046 135047 135048 135049 135050 135053 135054 135055 135057 135058 135059 135060 135063 135064 135065 135066 135069 135070 135071 135072 135075 135076 135079 135080 135081 135082 135086 135088 135104 135106 135108
U1136: 132862 132921 132958 135028 135046 135055 135048 135064 135072 132560 132572 132584 132594 132608 132609 132613 132630 132660 132663 132665 132723 132732 132733 132740 132754 132755 132767 132768 132825 132830 132834 132845 132846 132847 132851 132854 132856 132858 132861 132866 132869 132870 132872 132875 132884 132885 132922 132925 132951 132954 132955 134983 134986 134996 134999 135001 135019 135021 135025 135026 135027 135030 135032 135034 135038 135039 135041 135042 135043 135045 135047 135049 135050 135051 135052 135053 135054 135057 135058 135059 135060 135062 135063 135065 135066 135069 135070 135071 135075 135076 135079 135080 135081 135082 135085 135086 135088 135104 135106 135108
U1001: 132825 135025 132830 135039 135045 135051 135085 132560 132572 132584 132594 132608 132609 132613 132630 132660 132663 132665 132723 132732 132733 132740 132754 132755 132767 132768 132834 132845 132846 132847 132851 132854 132856 132858 132861 132862 132866 132869 132870 132872 132875 132884 132885 132921 132922 132925 132951 132954 132955 132958 134983 134986 134996 134999 135001 135019 135021 135026 135027 135028 135030 135032 135034 135038 135041 135042 135043 135046 135047 135048 135049 135050 135052 135053 135054 135055 135057 135058 135059 135060 135062 135063 135064 135065 135066 135069 135070 135071 135072 135075 135076 135079 135080 135081 135082 135086 135088 135104 135106 135108
U1005: 135032 135042 135066 135076 132830 135041 135050 135057 135043 132560 132572 132584 132594 132608 132609 132613 132630 132660 132663 132665 132723 132732 132733 132740 132754 132755 132767 132768 132825 132834 132845 132846 132847 132851 132854 132856 132858 132861 132862 132866 132869 132870 132872 132875 132884 132885 132921 132922 132925 132951 132954 132955 132958 134983 134986 134996 134999 135001 135019 135021 135025 135026 135027 135028 135030 135034 135038 135039 135045 135046 135047 135048 135049 135051 135052 135053 135054 135055 135058 135059 135060 135062 135063 135064 135065 135069 135070 135071 135072 135075 135079 135080 135081 135082 135085 135086 135088 135104 135106 135108
U1007: 132572 135025 135032 135038 135057 135058 135085 135108 135086 132560 132584 132594 132608 132609 132613 132630 132660 132663 132665 132723 132732 132733 132740 132754 132755 132767 132768 132825 132830 132834 132845 132846 132847 132851 132854 132856 132858 132861 132862 132866 132869 132870 132872 132875 132884 132885 132921 132922 132925 132951 132954 132955 132958 134983 134986 134996 134999 135001 135019 135021 135026 135027 135028 135030 135034 135039 135041 135042 135043 135045 135046 135047 135048 135049 135050 135051 135052 135053 135054 135055 135059 135060 135062 135063 135064 135065 135066 135069 135070 135071 135072 135075 135076 135079 135080 135081 135082 135088 135104 135106
U1008: 132854 132846 132851 132858 132866 132869 135054 135069 135108 132560 132572 132584 132594 132608 132609 132613 132630 132660 132663 132665 132723 132732 132733 132740 132754 132755 132767 132768 132825 132830 132834 132845 132847 132856 132861 132862 132870 132872 132875 132884 132885 132921 132922 132925 132951 132954 132955 132958 134983 134986 134996 134999 135001 135019 135021 135025 135026 135027 135028 135030 135032 135034 135038 135039 135041 135042 135043 135045 135046 135047 135048 135049 135050 135051 135052 135053 135055 135057 135058 135059 135060 135062 135063 135064 135065 135066 135070 135071 135072 135075 135076 135079 135080 135081 135082 135085 135086 135088 135104 135106
U1019: 132830 132834 132856 132921 135038 135062 135076 135079 135086 132560 132572 132584 132594 132608 132609 132613 132630 132660 132663 132665 132723 132732 132733 132740 132754 132755 132767 132768 132825 132845 132846 132847 132851 132854 132858 132861 132862 132866 132869 132870 132872 132875 132884 132885 132922 132925 132951 132954 132955 132958 134983 134986 134996 134999 135001 135019 135021 135025 135026 135027 135028 135030 135032 135034 135039 135041 135042 135043 135045 135046 135047 135048 135049 135050 135051 135052 135053 135054 135055 135057 135058 135059 135060 135063 135064 135065 135066 135069 135070 135071 135072 135075 135080 135081 135082 135085 135088 135104 135106 135108
U1046: 132921 135058 135065 132572 132861 132951 135026 135085 132560 132584 132594 132608 132609 132613 132630 132660 132663 132665 132723 132732 132733 132740 132754 132755 132767 132768 132825 132830 132834 132845 132846 132847 132851 132854 132856 132858 132862 132866 132869 132870 132872 132875 132884 132885 132922 132925 132954 132955 132958 134983 134986 134996 134999 135001 135019 135021 135025 135027 135028 135030 135032 135034 135038 135039 135041 135042 135043 135045 135046 135047 135048 135049 135050 135051 135052 135053 135054 135055 135057 135059 135060 135062 135063 135064 135066 135069 135070 135071 135072 135075 135076 135079 135080 135081 135082 135086 135088 135104 135106 135108
U1049: 132825 132862 132921 135032 135041 135042 135051 135052 135085 132560 132572 132584 132594 132608 132609 132613 132630 132660 132663 132665 132723 132732 132733 132740 132754 132755 132767 132768 132830 132834 132845 132846 132847 132851 132854 132856 132858 132861 132866 132869 132870 132872 132875 132884 132885 132922 132925 132951 132954 132955 132958 134983 134986 134996 134999 135001 135019 135021 135025 135026 135027 135028 135030 135034 135038 135039 135043 135045 135046 135047 135048 135049 135050 135053 135054 135055 135057 135058 135059 135060 135062 135063 135064 135065 135066 135069 135070 135071 135072 135075 135076 135079 135080 135081 135082 135086 135088 135104 135106 135108
U1062: 132825 132834 132872 135038 135045 135052 135053 135062 135085 132560 132572 132584 132594 132608 132609 132613 132630 132660 132663 132665 132723 132732 132733 132740 132754 132755 132767 132768 132830 132845 132846 132847 132851 132854 132856 132858 132861 132862 132866 132869 132870 132875 132884 132885 132921 132922 132925 132951 132954 132955 132958 134983 134986 134996 134999 135001 135019 135021 135025 135026 135027 135028 135030 135032 135034 135039 135041 135042 135043 135046 135047 135048 135049 135050 135051 135054 135055 135057 135058 135059 135060 135063 135064 135065 135066 135069 135070 135071 135072 135075 135076 135079 135080 135081 135082 135086 135088 135104 135106 135108
U1069: 132851 132845 132846 132847 132858 135069 135070 135082 135108 132560 132572 132584 132594 132608 132609 132613 132630 132660 132663 132665 132723 132732 132733 132740 132754 132755 132767 132768 132825 132830 132834 132854 132856 132861 132862 132866 132869 132870 132872 132875 132884 132885 132921 132922 132925 132951 132954 132955 132958 134983 134986 134996 134999 135001 135019 135021 135025 135026 135027 135028 135030 135032 135034 135038 135039 135041 135042 135043 135045 135046 135047 135048 135049 135050 135051 135052 135053 135054 135055 135057 135058 135059 135060 135062 135063 135064 135065 135066 135071 135072 135075 135076 135079 135080 135081 135085 135086 135088 135104 135106
U1082: 132630 132560 132594 132608 132609 132613 132663 132732 132733 132572 132584 132660 132665 132723 132740 132754 132755 132767 132768 132825 132830 132834 132845 132846 132847 132851 132854 132856 132858 132861 132862 132866 132869 132870 132872 132875 132884 132885 132921 132922 132925 132951 132954 132955 132958 134983 134986 134996 134999 135001 135019 135021 135025 135026 135027 135028 135030 135032 135034 135038 135039 135041 135042 135043 135045 135046 135047 135048 135049 135050 135051 135052 135053 135054 135055 135057 135058 135059 135060 135062 135063 135064 135065 135066 135069 135070 135071 135072 135075 135076 135079 135080 135081 135082 135085 135086 135088 135104 135106 135108
U1083: 132572 132755 135034 135046 132723 135072 135049 132560 132584 132594 132608 132609 132613 132630 132660 132663 132665 132732 132733 132740 132754 132767 132768 132825 132830 132834 132845 132846 132847 132851 132854 132856 132858 132861 132862 132866 132869 132870 132872 132875 132884 132885 132921 132922 132925 132951 132954 132955 132958 134983 134986 134996 134999 135001 135019 135021 135025 135026 135027 135028 135030 135032 135038 135039 135041 135042 135043 135045 135047 135048 135050 135051 135052 135053 135054 135055 135057 135058 135059 135060 135062 135063 135064 135065 135066 135069 135070 135071 135075 135076 135079 135080 135081 135082 135085 135086 135088 135104 135106 135108
U1086: 132922 135041 135045 135085 132921 132951 135060 135063 132560 132572 132584 132594 132608 132609 132613 132630 132660 132663 132665 132723 132732 132733 132740 132754 132755 132767 132768 132825 132830 132834 132845 132846 132847 132851 132854 132856 132858 132861 132862 132866 132869 132870 132872 132875 132884 132885 132925 132954 132955 132958 134983 134986 134996 134999 135001 135019 135021 135025 135026 135027 135028 135030 135032 135034 135038 135039 135042 135043 135046 135047 135048 135049 135050 135051 135052 135053 135054 135055 135057 135058 135059 135062 135064 135065 135066 135069 135070 135071 135072 135075 135076 135079 135080 135081 135082 135086 135088 135104 135106 135108
U1091: 132572 132884 135075 132861 132875 135086 132825 135080 132560 132584 132594 132608 132609 132613 132630 132660 132663 132665 132723 132732 132733 132740 132754 132755 132767 132768 132830 132834 132845 132846 132847 132851 132854 132856 132858 132862 132866 132869 132870 132872 132885 132921 132922 132925 132951 132954 132955 132958 134983 134986 134996 134999 135001 135019 135021 135025 135026 135027 135028 135030 135032 135034 135038 135039 135041 135042 135043 135045 135046 135047 135048 135049 135050 135051 135052 135053 135054 135055 135057 135058 135059 135060 135062 135063 135064 135065 135066 135069 135070 135071 135072 135076 135079 135081 135082 135085 135088 135104 135106 135108
U1120: 132846 132847 135057 132845 135026 135032 135045 135038 135085 132560 132572 132584 132594 132608 132609 132613 132630 132660 132663 132665 132723 132732 132733 132740 132754 132755 132767 132768 132825 132830 132834 132851 132854 132856 132858 132861 132862 132866 132869 132870 132872 132875 132884 132885 132921 132922 132925 132951 132954 132955 132958 134983 134986 134996 134999 135001 135019 135021 135025 135027 135028 135030 135034 135039 135041 135042 135043 135046 135047 135048 135049 135050 135051 135052 135053 135054 135055 135058 135059 135060 135062 135063 135064 135065 135066 135069 135070 135071 135072 135075 135076 135079 135080 135081 135082 135086 135088 135104 135106 135108
U1133: 134986 135001 135021 134983 135019 132767 132560 132572 132584 132594 132608 132609 132613 132630 132660 132663 132665 132723 132732 132733 132740 132754 132755 132768 132825 132830 132834 132845 132846 132847 132851 132854 132856 132858 132861 132862 132866 132869 132870 132872 132875 132884 132885 132921 132922 132925 132951 132954 132955 132958 134996 134999 135025 135026 135027 135028 135030 135032 135034 135038 135039 135041 135042 135043 135045 135046 135047 135048 135049 135050 135051 135052 135053 135054 135055 135057 135058 135059 135060 135062 135063 135064 135065 135066 135069 135070 135071 135072 135075 135076 135079 135080 135081 135082 135085 135086 135088 135104 135106 135108
U1004: 132954 132955 132958 135028 135032 135062 135106 135060 132560 132572 132584 132594 132608 132609 132613 132630 132660 132663 132665 132723 132732 132733 132740 132754 132755 132767 132768 132825 132830 132834 132845 132846 132847 132851 132854 132856 132858 132861 132862 132866 132869 132870 132872 132875 132884 132885 132921 132922 132925 132951 134983 134986 134996 134999 135001 135019 135021 135025 135026 135027 135030 135034 135038 135039 135041 135042 135043 135045 135046 135047 135048 135049 135050 135051 135052 135053 135054 135055 135057 135058 135059 135063 135064 135065 135066 135069 135070 135071 135072 135075 135076 135079 135080 135081 135082 135085 135086 135088 135104 135108
U1010: 135042 135047 135053 135058 135065 135076 135064 135079 132560 132572 132584 132594 132608 132609 132613 132630 132660 132663 132665 132723 132732 132733 132740 132754 132755 132767 132768 132825 132830 132834 132845 132846 132847 132851 132854 132856 132858 132861 132862 132866 132869 132870 132872 132875 132884 132885 132921 132922 132925 132951 132954 132955 132958 134983 134986 134996 134999 135001 135019 135021 135025 135026 135027 135028 135030 135032 135034 135038 135039 135041 135043 135045 135046 135048 135049 135050 135051 135052 135054 135055 135057 135059 135060 135062 135063 135066 135069 135070 135071 135072 135075 135080 135081 135082 135085 135086 135088 135104 135106 135108
U1015: 132869 132845 132851 135054 132866 132870 135071 132560 132572 132584 132594 132608 132609 132613 132630 132660 132663 132665 132723 132732 132733 132740 132754 132755 132767 132768 132825 132830 132834 132846 132847 132854 132856 132858 132861 132862 132872 132875 132884 132885 132921 132922 132925 132951 132954 132955 132958 134983 134986 134996 134999 135001 135019 135021 135025 135026 135027 135028 135030 135032 135034 135038 135039 135041 135042 135043 135045 135046 135047 135048 135049 135050 135051 135052 135053 135055 135057 135058 135059 135060 135062 135063 135064 135065 135066 135069 135070 135072 135075 135076 135079 135080 135081 135082 135085 135086 135088 135104 135106 135108
U1030: 134986 135088 132767 134996 135019 132560 132572 132584 132594 132608 132609 132613 132630 132660 132663 132665 132723 132732 132733 132740 132754 132755 132768 132825 132830 132834 132845 132846 132847 132851 132854 132856 132858 132861 132862 132866 132869 132870 132872 132875 132884 132885 132921 132922 132925 132951 132954 132955 132958 134983 134999 135001 135021 135025 135026 135027 135028 135030 135032 135034 135038 135039 135041 135042 135043 135045 135046 135047 135048 135049 135050 135051 135052 135053 135054 135055 135057 135058 135059 135060 135062 135063 135064 135065 135066 135069 135070 135071 135072 135075 135076 135079 135080 135081 135082 135085 135086 135104 135106 135108
U1068: 132594 132630 132663 132733 135104 132660 132732 132740 132560 132572 132584 132608 132609 132613 132665 132723 132754 132755 132767 132768 132825 132830 132834 132845 132846 132847 132851 132854 132856 132858 132861 132862 132866 132869 132870 132872 132875 132884 132885 132921 132922 132925 132951 132954 132955 132958 134983 134986 134996 134999 135001 135019 135021 135025 135026 135027 135028 135030 135032 135034 135038 135039 135041 135042 135043 135045 135046 135047 135048 135049 135050 135051 135052 135053 135054 135055 135057 135058 135059 135060 135062 135063 135064 135065 135066 135069 135070 135071 135072 135075 135076 135079 135080 135081 135082 135085 135086 135088 135106 135108
U1087: 132732 132560 132594 132660 132663 132740 135104 132572 132584 132608 132609 132613 132630 132665 132723 132733 132754 132755 132767 132768 132825 132830 132834 132845 132846 132847 132851 132854 132856 132858 132861 132862 132866 132869 132870 132872 132875 132884 132885 132921 132922 132925 132951 132954 132955 132958 134983 134986 134996 134999 135001 135019 135021 135025 135026 135027 135028 135030 135032 135034 135038 135039 135041 135042 135043 135045 135046 135047 135048 135049 135050 135051 135052 135053 135054 135055 135057 135058 135059 135060 135062 135063 135064 135065 135066 135069 135070 135071 135072 135075 135076 135079 135080 135081 135082 135085 135086 135088 135106 135108
U1093: 132767 134996 134999 135001 135019 132560 132572 132584 132594 132608 132609 132613 132630 132660 132663 132665 132723 132732 132733 132740 132754 132755 132768 132825 132830 132834 132845 132846 132847 132851 132854 132856 132858 132861 132862 132866 132869 132870 132872 132875 132884 132885 132921 132922 132925 132951 132954 132955 132958 134983 134986 135021 135025 135026 135027 135028 135030 135032 135034 135038 135039 135041 135042 135043 135045 135046 135047 135048 135049 135050 135051 135052 135053 135054 135055 135057 135058 135059 135060 135062 135063 135064 135065 135066 135069 135070 135071 135072 135075 135076 135079 135080 135081 135082 135085 135086 135088 135104 135106 135108
U1094: 132830 135054 135057 135069 135070 135071 135082 135108 132560 132572 132584 132594 132608 132609 132613 132630 132660 132663 132665 132723 132732 132733 132740 132754 132755 132767 132768 132825 132834 132845 132846 132847 132851 132854 132856 132858 132861 132862 132866 132869 132870 132872 132875 132884 132885 132921 132922 132925 132951 132954 132955 132958 134983 134986 134996 134999 135001 135019 135021 135025 135026 135027 135028 135030 135032 135034 135038 135039 135041 135042 135043 135045 135046 135047 135048 135049 135050 135051 135052 135053 135055 135058 135059 135060 135062 135063 135064 135065 135066 135072 135075 135076 135079 135080 135081 135085 135086 135088 135104 135106
U1103: 132613 132733 132584 132630 132663 135104 132732 132560 132572 132594 132608 132609 132660 132665 132723 132740 132754 132755 132767 132768 132825 132830 132834 132845 132846 132847 132851 132854 132856 132858 132861 132862 132866 132869 132870 132872 132875 132884 132885 132921 132922 132925 132951 132954 132955 132958 134983 134986 134996 134999 135001 135019 135021 135025 135026 135027 135028 135030 135032 135034 135038 135039 135041 135042 135043 135045 135046 135047 135048 135049 135050 135051 135052 135053 135054 135055 135057 135058 135059 135060 135062 135063 135064 135065 135066 135069 135070 135071 135072 135075 135076 135079 135080 135081 135082 135085 135086 135088 135106 135108
U1105: 132830 135039 135052 135054 135057 135069 132560 132572 132584 132594 132608 132609 132613 132630 132660 132663 132665 132723 132732 132733 132740 132754 132755 132767 132768 132825 132834 132845 132846 132847 132851 132854 132856 132858 132861 132862 132866 132869 132870 132872 132875 132884 132885 132921 132922 132925 132951 132954 132955 132958 134983 134986 134996 134999 135001 135019 135021 135025 135026 135027 135028 135030 135032 135034 135038 135041 135042 135043 135045 135046 135047 135048 135049 135050 135051 135053 135055 135058 135059 135060 135062 135063 135064 135065 135066 135070 135071 135072 135075 135076 135079 135080 135081 135082 135085 135086 135088 135104 135106 135108
U1113: 135046 135057 135038 135079 135085 132854 132856 135032 132560 132572 132584 132594 132608 132609 132613 132630 132660 132663 132665 132723 132732 132733 132740 132754 132755 132767 132768 132825 132830 132834 132845 132846 132847 132851 132858 132861 132862 132866 132869 132870 132872 132875 132884 132885 132921 132922 132925 132951 132954 132955 132958 134983 134986 134996 134999 135001 135019 135021 135025 135026 135027 135028 135030 135034 135039 135041 135042 135043 135045 135047 135048 135049 135050 135051 135052 135053 135054 135055 135058 135059 135060 135062 135063 135064 135065 135066 135069 135070 135071 135072 135075 135076 135080 135081 135082 135086 135088 135104 135106 135108
U1115: 132830 135057 135071 135082 135069 135070 135108 135054 132560 132572 132584 132594 132608 132609 132613 132630 132660 132663 132665 132723 132732 132733 132740 132754 132755 132767 132768 132825 132834 132845 132846 132847 132851 132854 132856 132858 132861 132862 132866 132869 132870 132872 132875 132884 132885 132921 132922 132925 132951 132954 132955 132958 134983 134986 134996 134999 135001 135019 135021 135025 135026 135027 135028 135030 135032 135034 135038 135039 135041 135042 135043 135045 135046 135047 135048 135049 135050 135051 135052 135053 135055 135058 135059 135060 135062 135063 135064 135065 135066 135072 135075 135076 135079 135080 135081 135085 135086 135088 135104 135106
U1123: 135104 132584 132594 132608 132613 132733 132740 132560 132572 132609 132630 132660 132663 132665 132723 132732 132754 132755 132767 132768 132825 132830 132834 132845 132846 132847 132851 132854 132856 132858 132861 132862 132866 132869 132870 132872 132875 132884 132885 132921 132922 132925 132951 132954 132955 132958 134983 134986 134996 134999 135001 135019 135021 135025 135026 135027 135028 135030 135032 135034 135038 135039 135041 135042 135043 135045 135046 135047 135048 135049 135050 135051 135052 135053 135054 135055 135057 135058 135059 135060 135062 135063 135064 135065 135066 135069 135070 135071 135072 135075 135076 135079 135080 135081 135082 135085 135086 135088 135106 135108
U1028: 132613 132630 132732 132733 132740 132663 135104 132560 132572 132584 132594 132608 132609 132660 132665 132723 132754 132755 132767 132768 132825 132830 132834 132845 132846 132847 132851 132854 132856 132858 132861 132862 132866 132869 132870 132872 132875 132884 132885 132921 132922 132925 132951 132954 132955 132958 134983 134986 134996 134999 135001 135019 135021 135025 135026 135027 135028 135030 135032 135034 135038 135039 135041 135042 135043 135045 135046 135047 135048 135049 135050 135051 135052 135053 135054 135055 135057 135058 135059 135060 135062 135063 135064 135065 135066 135069 135070 135071 135072 135075 135076 135079 135080 135081 135082 135085 135086 135088 135106 135108
U1048: 132723 132755 135026 135034 135065 135049 135048 132560 132572 132584 132594 132608 132609 132613 132630 132660 132663 132665 132732 132733 132740 132754 132767 132768 132825 132830 132834 132845 132846 132847 132851 132854 132856 132858 132861 132862 132866 132869 132870 132872 132875 132884 132885 132921 132922 132925 132951 132954 132955 132958 134983 134986 134996 134999 135001 135019 135021 135025 135027 135028 135030 135032 135038 135039 135041 135042 135043 135045 135046 135047 135050 135051 135052 135053 135054 135055 135057 135058 135059 135060 135062 135063 135064 135066 135069 135070 135071 135072 135075 135076 135079 135080 135081 135082 135085 135086 135088 135104 135106 135108
U1050: 132560 132584 132594 132608 132609 132732 132740 132572 132613 132630 132660 132663 132665 132723 132733 132754 132755 132767 132768 132825 132830 132834 132845 132846 132847 132851 132854 132856 132858 132861 132862 132866 132869 132870 132872 132875 132884 132885 132921 132922 132925 132951 132954 132955 132958 134983 134986 134996 134999 135001 135019 135021 135025 135026 135027 135028 135030 135032 135034 135038 135039 135041 135042 135043 135045 135046 135047 135048 135049 135050 135051 135052 135053 135054 135055 135057 135058 135059 135060 135062 135063 135064 135065 135066 135069 135070 135071 135072 135075 135076 135079 135080 135081 135082 135085 135086 135088 135104 135106 135108
U1078: 135041 135052 135060 135106 132885 135081 132834 132560 132572 132584 132594 132608 132609 132613 132630 132660 132663 132665 132723 132732 132733 132740 132754 132755 132767 132768 132825 132830 132845 132846 132847 132851 132854 132856 132858 132861 132862 132866 132869 132870 132872 132875 132884 132921 132922 132925 132951 132954 132955 132958 134983 134986 134996 134999 135001 135019 135021 135025 135026 135027 135028 135030 135032 135034 135038 135039 135042 135043 135045 135046 135047 135048 135049 135050 135051 135053 135054 135055 135057 135058 135059 135062 135063 135064 135065 135066 135069 135070 135071 135072 135075 135076 135079 135080 135082 135085 135086 135088 135104 135108
U1118: 135021 132768 134983 135001 132560 132572 132584 132594 132608 132609 132613 132630 132660 132663 132665 132723 132732 132733 132740 132754 132755 132767 132825 132830 132834 132845 132846 132847 132851 132854 132856 132858 132861 132862 132866 132869 132870 132872 132875 132884 132885 132921 132922 132925 132951 132954 132955 132958 134986 134996 134999 135019 135025 135026 135027 135028 135030 135032 135034 135038 135039 135041 135042 135043 135045 135046 135047 135048 135049 135050 135051 135052 135053 135054 135055 135057 135058 135059 135060 135062 135063 135064 135065 135066 135069 135070 135071 135072 135075 135076 135079 135080 135081 135082 135085 135086 135088 135104 135106 135108
U1034: 132723 135086 132884 135049 135055 132560 132572 132584 132594 132608 132609 132613 132630 132660 132663 132665 132732 132733 132740 132754 132755 132767 132768 132825 132830 132834 132845 132846 132847 132851 132854 132856 132858 132861 132862 132866 132869 132870 132872 132875 132885 132921 132922 132925 132951 132954 132955 132958 134983 134986 134996 134999 135001 135019 135021 135025 135026 135027 135028 135030 135032 135034 135038 135039 135041 135042 135043 135045 135046 135047 135048 135050 135051 135052 135053 135054 135057 135058 135059 135060 135062 135063 135064 135065 135066 135069 135070 135071 135072 135075 135076 135079 135080 135081 135082 135085 135088 135104 135106 135108
U1035: 134986 134996 132560 132572 132584 132594 132608 132609 132613 132630 132660 132663 132665 132723 132732 132733 132740 132754 132755 132767 132768 132825 132830 132834 132845 132846 132847 132851 132854 132856 132858 132861 132862 132866 132869 132870 132872 132875 132884 132885 132921 132922 132925 132951 132954 132955 132958 134983 134999 135001 135019 135021 135025 135026 135027 135028 135030 135032 135034 135038 135039 135041 135042 135043 135045 135046 135047 135048 135049 135050 135051 135052 135053 135054 135055 135057 135058 135059 135060 135062 135063 135064 135065 135066 135069 135070 135071 135072 135075 135076 135079 135080 135081 135082 135085 135086 135088 135104 135106 135108
U1041: 132768 134983 135021 135001 132560 132572 132584 132594 132608 132609 132613 132630 132660 132663 132665 132723 132732 132733 132740 132754 132755 132767 132825 132830 132834 132845 132846 132847 132851 132854 132856 132858 132861 132862 132866 132869 132870 132872 132875 132884 132885 132921 132922 132925 132951 132954 132955 132958 134986 134996 134999 135019 135025 135026 135027 135028 135030 135032 135034 135038 135039 135041 135042 135043 135045 135046 135047 135048 135049 135050 135051 135052 135053 135054 135055 135057 135058 135059 135060 135062 135063 135064 135065 135066 135069 135070 135071 135072 135075 135076 135079 135080 135081 135082 135085 135086 135088 135104 135106 135108
U1067: 132584 132560 132630 132732 132733 135104 132572 132594 132608 132609 132613 132660 132663 132665 132723 132740 132754 132755 132767 132768 132825 132830 132834 132845 132846 132847 132851 132854 132856 132858 132861 132862 132866 132869 132870 132872 132875 132884 132885 132921 132922 132925 132951 132954 132955 132958 134983 134986 134996 134999 135001 135019 135021 135025 135026 135027 135028 135030 135032 135034 135038 135039 135041 135042 135043 135045 135046 135047 135048 135049 135050 135051 135052 135053 135054 135055 135057 135058 135059 135060 135062 135063 135064 135065 135066 135069 135070 135071 135072 135075 135076 135079 135080 135081 135082 135085 135086 135088 135106 135108
U1080: 132608 132660 132733 132560 132572 132584 132594 132609 132613 132630 132663 132665 132723 132732 132740 132754 132755 132767 132768 132825 132830 132834 132845 132846 132847 132851 132854 132856 132858 132861 132862 132866 132869 132870 132872 132875 132884 132885 132921 132922 132925 132951 132954 132955 132958 134983 134986 134996 134999 135001 135019 135021 135025 135026 135027 135028 135030 135032 135034 135038 135039 135041 135042 135043 135045 135046 135047 135048 135049 135050 135051 135052 135053 135054 135055 135057 135058 135059 135060 135062 135063 135064 135065 135066 135069 135070 135071 135072 135075 135076 135079 135080 135081 135082 135085 135086 135088 135104 135106 135108
U1092: 135025 132572 132723 135071 135046 135085 132560 132584 132594 132608 132609 132613 132630 132660 132663 132665 132732 132733 132740 132754 132755 132767 132768 132825 132830 132834 132845 132846 132847 132851 132854 132856 132858 132861 132862 132866 132869 132870 132872 132875 132884 132885 132921 132922 132925 132951 132954 132955 132958 134983 134986 134996 134999 135001 135019 135021 135026 135027 135028 135030 135032 135034 135038 135039 135041 135042 135043 135045 135047 135048 135049 135050 135051 135052 135053 135054 135055 135057 135058 135059 135060 135062 135063 135064 135065 135066 135069 135070 135072 135075 135076 135079 135080 135081 135082 135086 135088 135104 135106 135108
U1100: 132768 134996 135001 135021 132560 132572 132584 132594 132608 132609 132613 132630 132660 132663 132665 132723 132732 132733 132740 132754 132755 132767 132825 132830 132834 132845 132846 132847 132851 132854 132856 132858 132861 132862 132866 132869 132870 132872 132875 132884 132885 132921 132922 132925 132951 132954 132955 132958 134983 134986 134999 135019 135025 135026 135027 135028 135030 135032 135034 135038 135039 135041 135042 135043 135045 135046 135047 135048 135049 135050 135051 135052 135053 135054 135055 135057 135058 135059 135060 135062 135063 135064 135065 135066 135069 135070 135071 135072 135075 135076 135079 135080 135081 135082 135085 135086 135088 135104 135106 135108
U1117: 135088 132560 132572 132584 132594 132608 132609 132613 132630 132660 132663 132665 132723 132732 132733 132740 132754 132755 132767 132768 132825 132830 132834 132845 132846 132847 132851 132854 132856 132858 132861 132862 132866 132869 132870 132872 132875 132884 132885 132921 132922 132925 132951 132954 132955 132958 134983 134986 134996 134999 135001 135019 135021 135025 135026 135027 135028 135030 135032 135034 135038 135039 135041 135042 135043 135045 135046 135047 135048 135049 135050 135051 135052 135053 135054 135055 135057 135058 135059 135060 135062 135063 135064 135065 135066 135069 135070 135071 135072 135075 135076 135079 135080 135081 135082 135085 135086 135104 135106 135108

Y side (places) preferences over X (users):
135085: U1006 U1033 U1049 U1073 U1132 U1002 U1104 U1029 U1045 U1116 U1086 U1054 U1024 U1101 U1019 U1016 U1071 U1090 U1108 U1055 U1009 U1001 U1036 U1136 U1134 U1027 U1089 U1022 U1032 U1056 U1122 U1053 U1013 U1075 U1078 U1084 U1034 U1091 U1137 U1099 U1135 U1098 U1126 U1128 U1048 U1005 U1114 U1088 U1096 U1097 U1092 U1105 U1010 U1061 U1095 U1083 U1003 U1046 U1125 U1062 U1007 U1058 U1115 U1124 U1008 U1085 U1113 U1081 U1111 U1112 U1018 U1025 U1015 U1037 U1120 U1057 U1109 U1094 U1080 U1014 U1028 U1067 U1068 U1103 U1123 U1087 U1082 U1050 U1069 U1118 U1041 U1059 U1106 U1117 U1093 U1004 U1035 U1133 U1030 U1100
132825: U1006 U1033 U1049 U1073 U1132 U1002 U1104 U1108 U1055 U1029 U1054 U1101 U1001 U1024 U1116 U1019 U1045 U1086 U1071 U1016 U1090 U1136 U1009 U1036 U1134 U1022 U1089 U1027 U1032 U1056 U1122 U1053 U1013 U1075 U1034 U1078 U1091 U1084 U1137 U1048 U1135 U1126 U1099 U1092 U1088 U1098 U1096 U1097 U1105 U1128 U1114 U1005 U1061 U1003 U1083 U1010 U1095 U1046 U1007 U1125 U1062 U1058 U1115 U1008 U1124 U1113 U1085 U1111 U1112 U1081 U1025 U1018 U1015 U1037 U1120 U1057 U1109 U1094 U1080 U1014 U1028 U1067 U1068 U1103 U1123 U1087 U1082 U1050 U1069 U1118 U1041 U1059 U1106 U1117 U1093 U1004 U1035 U1133 U1030 U1100
135032: U1019 U1101 U1054 U1071 U1024 U1016 U1104 U1006 U1033 U1049 U1073 U1132 U1002 U1022 U1045 U1086 U1090 U1116 U1001 U1029 U1108 U1055 U1056 U1036 U1009 U1027 U1075 U1032 U1089 U1078 U1136 U1091 U1134 U1122 U1053 U1137 U1135 U1126 U1013 U1098 U1088 U1096 U1097 U1099 U1005 U1061 U1084 U1092 U1046 U1105 U1128 U1034 U1003 U1125 U1010 U1114 U1048 U1007 U1095 U1115 U1124 U1062 U1083 U1058 U1008 U1085 U1113 U1111 U1112 U1081 U1018 U1025 U1037 U1015 U1120 U1057 U1109 U1094 U1080 U1014 U1028 U1067 U1068 U1103 U1123 U1087 U1082 U1050 U1069 U1118 U1041 U1059 U1106 U1117 U1093 U1004 U1035 U1133 U1030 U1100
132834: U1116 U1045 U1086 U1090 U1009 U1036 U1029 U1002 U1006 U1033 U1049 U1073 U1132 U1016 U1027 U1024 U1089 U1071 U1019 U1104 U1054 U1101 U1032 U1136 U1108 U1055 U1134 U1122 U1056 U1001 U1053 U1013 U1022 U1084 U1075 U1078 U1099 U1128 U1034 U1098 U1091 U1114 U1135 U1005 U1010 U1048 U1095 U1137 U1126 U1088 U1062 U1096 U1097 U1125 U1083 U1092 U1061 U1105 U1058 U1046 U1003 U1007 U1085 U1115 U1124 U1081 U1008 U1113 U1018 U1111 U1112 U1025 U1057 U1037 U1015 U1120 U1109 U1094 U1080 U1014 U1028 U1067 U1068 U1103 U1123 U1087 U1082 U1050 U1069 U1118 U1041 U1059 U1106 U1117 U1093 U1004 U1035 U1133 U1030 U1100
135052: U1054 U1104 U1101 U1019 U1024 U1071 U1016 U1006 U1033 U1049 U1073 U1132 U1002 U1045 U1086 U1116 U1090 U1029 U1001 U1108 U1055 U1022 U1036 U1009 U1027 U1056 U1136 U1089 U1134 U1032 U1075 U1122 U1078 U1053 U1091 U1013 U1137 U1135 U1126 U1084 U1098 U1099 U1088 U1096 U1097 U1034 U1005 U1092 U1061 U1128 U1105 U1046 U1003 U1048 U1114 U1010 U1125 U1095 U1007 U1083 U1062 U1115 U1058 U1124 U1008 U1085 U1113 U1111 U1112 U1081 U1018 U1025 U1015 U1037 U1120 U1057 U1109 U1094 U1080 U1014 U1028 U1067 U1068 U1103 U1123 U1087 U1082 U1050 U1069 U1118 U1041 U1059 U1106 U1117 U1093 U1004 U1035 U1133 U1030 U1100
135038: U1016 U1024 U1071 U1019 U1054 U1101 U1045 U1086 U1090 U1104 U1116 U1006 U1033 U1049 U1073 U1132 U1002 U1029 U1036 U1009 U1027 U1056 U1108 U1022 U1055 U1001 U1089 U1032 U1136 U1122 U1075 U1134 U1078 U1053 U1013 U1091 U1135 U1099 U1098 U1084 U1005 U1137 U1126 U1128 U1088 U1096 U1097 U1034 U1010 U1114 U1061 U1092 U1125 U1046 U1105 U1048 U1095 U1003 U1062 U1058 U1083 U1007 U1115 U1085 U1124 U1008 U1081 U1113 U1111 U1112 U1018 U1025 U1037 U1015 U1057 U1120 U1109 U1094 U1080 U1014 U1028 U1067 U1068 U1103 U1123 U1087 U1082 U1050 U1069 U1118 U1041 U1059 U1106 U1117 U1093 U1004 U1035 U1133 U1030 U1100
135060: U1016 U1024 U1071 U1019 U1045 U1086 U1090 U1116 U1054 U1101 U1104 U1006 U1033 U1049 U1073 U1132 U1002 U1036 U1029 U1009 U1027 U1056 U1032 U1089 U1108 U1055 U1022 U1001 U1122 U1136 U1075 U1134 U1053 U1078 U1013 U1091 U1099 U1098 U1135 U1084 U1005 U1137 U1128 U1126 U1034 U1088 U1096 U1097 U1010 U1114 U1125 U1061 U1092 U1048 U1095 U1046 U1105 U1062 U1003 U1058 U1083 U1007 U1085 U1115 U1124 U1081 U1008 U1113 U1018 U1111 U1112 U1037 U1025 U1057 U1015 U1120 U1109 U1094 U1080 U1014 U1028 U1067 U1068 U1103 U1123 U1087 U1082 U1050 U1069 U1118 U1041 U1059 U1106 U1117 U1093 U1004 U1035 U1133 U1030 U1100
135062: U1024 U1016 U1071 U1019 U1054 U1101 U1104 U1006 U1033 U1049 U1073 U1132 U1002 U1045 U1086 U1116 U1090 U1029 U1036 U1009 U1108 U1055 U1027 U1001 U1022 U1089 U1056 U1032 U1136 U1134 U1122 U1075 U1053 U1078 U1013 U1091 U1084 U1135 U1099 U1098 U1137 U1126 U1005 U1034 U1128 U1088 U1096 U1097 U1114 U1092 U1061 U1010 U1048 U1105 U1125 U1046 U1095 U1003 U1062 U1083 U1007 U1058 U1115 U1124 U1085 U1008 U1113 U1081 U1111 U1112 U1018 U1025 U1037 U1015 U1057 U1120 U1109 U1094 U1080 U1014 U1028 U1067 U1068 U1103 U1123 U1087 U1082 U1050 U1069 U1118 U1041 U1059 U1106 U1117 U1093 U1004 U1035 U1133 U1030 U1100
135042: U1016 U1071 U1024 U1019 U1101 U1054 U1056 U1090 U1045 U1086 U1104 U1116 U1006 U1033 U1049 U1073 U1132 U1002 U1027 U1075 U1036 U1022 U1009 U1032 U1078 U1029 U1089 U1122 U1001 U1053 U1108 U1055 U1091 U1136 U1013 U1135 U1098 U1134 U1099 U1005 U1126 U1137 U1084 U1128 U1096 U1097 U1088 U1125 U1061 U1010 U1046 U1092 U1114 U1034 U1105 U1095 U1003 U1062 U1058 U1048 U1085 U1007 U1115 U1124 U1081 U1083 U1008 U1113 U1018 U1111 U1112 U1057 U1037 U1025 U1015 U1120 U1109 U1094 U1080 U1014 U1028 U1067 U1068 U1103 U1123 U1087 U1082 U1050 U1069 U1118 U1041 U1059 U1106 U1117 U1093 U1004 U1035 U1133 U1030 U1100
132862: U1029 U1002 U1006 U1033 U1049 U1073 U1132 U1116 U1045 U1086 U1108 U1055 U1090 U1104 U1009 U1136 U1036 U1016 U1024 U1134 U1054 U1019 U1101 U1071 U1001 U1089 U1027 U1032 U1122 U1022 U1056 U1013 U1053 U1034 U1084 U1075 U1078 U1048 U1091 U1114 U1128 U1099 U1098 U1135 U1137 U1095 U1005 U1126 U1010 U1083 U1088 U1092 U1096 U1097 U1105 U1061 U1003 U1062 U1125 U1046 U1058 U1007 U1115 U1124 U1008 U1085 U1113 U1081 U1111 U1112 U1018 U1025 U1015 U1037 U1120 U1057 U1109 U1094 U1080 U1014 U1028 U1067 U1068 U1103 U1123 U1087 U1082 U1050 U1069 U1118 U1041 U1059 U1106 U1117 U1093 U1004 U1035 U1133 U1030 U1100
135058: U1084 U1089 U1122 U1013 U1009 U1036 U1027 U1032 U1134 U1136 U1053 U1114 U1116 U1090 U1086 U1029 U1045 U1095 U1128 U1002 U1006 U1033 U1049 U1073 U1132 U1016 U1056 U1010 U1108 U1055 U1024 U1071 U1019 U1104 U1054 U1101 U1034 U1062 U1048 U1001 U1099 U1078 U1075 U1022 U1098 U1083 U1005 U1058 U1135 U1125 U1091 U1126 U1137 U1096 U1097 U1088 U1092 U1061 U1105 U1046 U1085 U1003 U1081 U1007 U1115 U1018 U1124 U1008 U1113 U1057 U1111 U1112 U1037 U1025 U1015 U1120 U1109 U1094 U1080 U1014 U1028 U1067 U1068 U1103 U1123 U1087 U1082 U1050 U1069 U1118 U1041 U1059 U1106 U1117 U1093 U1004 U1035 U1133 U1030 U1100
132921: U1029 U1002 U1006 U1033 U1049 U1073 U1132 U1108 U1116 U1055 U1136 U1045 U1086 U1134 U1009 U1090 U1104 U1036 U1016 U1024 U1054 U1089 U1019 U1101 U1071 U1001 U1027 U1032 U1122 U1056 U1022 U1013 U1053 U1034 U1084 U1075 U1048 U1078 U1114 U1128 U1091 U1099 U1083 U1095 U1098 U1135 U1010 U1137 U1005 U1126 U1088 U1092 U1096 U1097 U1105 U1062 U1061 U1003 U1125 U1046 U1058 U1007 U1115 U1008 U1124 U1085 U1113 U1081 U1111 U1112 U1018 U1025 U1015 U1037 U1120 U1057 U1109 U1094 U1080 U1014 U1028 U1067 U1068 U1103 U1123 U1087 U1082 U1050 U1069 U1118 U1041 U1059 U1106 U1117 U1093 U1004 U1035 U1133 U1030 U1100
135041: U1104 U1054 U1101 U1019 U1024 U1071 U1006 U1033 U1049 U1073 U1132 U1016 U1002 U1045 U1086 U1116 U1090 U1029 U1001 U1108 U1055 U1022 U1036 U1009 U1027 U1136 U1056 U1089 U1134 U1032 U1122 U1075 U1078 U1053 U1091 U1013 U1137 U1135 U1126 U1084 U1098 U1099 U1088 U1096 U1034 U1097 U1005 U1092 U1061 U1128 U1105 U1046 U1003 U1048 U1114 U1010 U1125 U1095 U1007 U1083 U1062 U1115 U1058 U1124 U1008 U1085 U1113 U1111 U1112 U1081 U1018 U1025 U1015 U1037 U1120 U1057 U1109 U1094 U1080 U1014 U1028 U1067 U1068 U1103 U1123 U1087 U1082 U1050 U1069 U1118 U1041 U1059 U1106 U1117 U1093 U1004 U1035 U1133 U1030 U1100
135064: U1136 U1134 U1009 U1029 U1089 U1036 U1116 U1086 U1045 U1090 U1002 U1006 U1033 U1049 U1073 U1132 U1027 U1108 U1055 U1122 U1032 U1016 U1104 U1024 U1071 U1084 U1019 U1013 U1054 U1101 U1001 U1053 U1034 U1056 U1048 U1114 U1022 U1095 U1128 U1078 U1075 U1083 U1010 U1099 U1098 U1062 U1091 U1005 U1135 U1137 U1126 U1058 U1125 U1088 U1096 U1097 U1092 U1105 U1061 U1003 U1046 U1007 U1085 U1115 U1081 U1124 U1008 U1113 U1018 U1111 U1112 U1025 U1057 U1037 U1015 U1120 U1109 U1094 U1080 U1014 U1028 U1067 U1068 U1103 U1123 U1087 U1082 U1050 U1069 U1118 U1041 U1059 U1106 U1117 U1093 U1004 U1035 U1133 U1030 U1100
135079: U1134 U1136 U1089 U1009 U1036 U1029 U1116 U1086 U1045 U1090 U1027 U1122 U1002 U1006 U1033 U1049 U1073 U1132 U1108 U1055 U1032 U1084 U1013 U1016 U1104 U1024 U1071 U1019 U1054 U1053 U1101 U1034 U1001 U1056 U1114 U1048 U1095 U1128 U1022 U1010 U1083 U1078 U1075 U1099 U1062 U1098 U1005 U1091 U1135 U1058 U1137 U1126 U1125 U1088 U1096 U1097 U1092 U1105 U1061 U1003 U1046 U1007 U1085 U1081 U1115 U1124 U1008 U1113 U1018 U1111 U1112 U1025 U1057 U1037 U1015 U1120 U1109 U1094 U1080 U1014 U1028 U1067 U1068 U1103 U1123 U1087 U1082 U1050 U1069 U1118 U1041 U1059 U1106 U1117 U1093 U1004 U1035 U1133 U1030 U1100
132572: U1055 U1108 U1136 U1134 U1029 U1002 U1006 U1033 U1049 U1073 U1132 U1001 U1104 U1116 U1045 U1086 U1009 U1054 U1090 U1101 U1036 U1034 U1024 U1019 U1016 U1071 U1089 U1027 U1022 U1048 U1122 U1032 U1056 U1013 U1084 U1083 U1053 U1075 U1078 U1114 U1091 U1105 U1092 U1137 U1095 U1128 U1099 U1003 U1088 U1126 U1135 U1098 U1096 U1097 U1010 U1061 U1005 U1046 U1007 U1062 U1125 U1058 U1008 U1115 U1124 U1113 U1085 U1111 U1112 U1025 U1081 U1015 U1120 U1018 U1037 U1057 U1109 U1094 U1080 U1014 U1028 U1067 U1068 U1103 U1123 U1087 U1082 U1050 U1069 U1118 U1041 U1059 U1106 U1117 U1093 U1004 U1035 U1133 U1030 U1100
135025: U1104 U1054 U1101 U1019 U1006 U1033 U1049 U1073 U1132 U1024 U1002 U1071 U1016 U1045 U1001 U1086 U1116 U1029 U1090 U1108 U1055 U1022 U1009 U1036 U1027 U1136 U1134 U1089 U1056 U1032 U1122 U1075 U1078 U1091 U1053 U1013 U1137 U1135 U1126 U1084 U1034 U1088 U1098 U1096 U1097 U1099 U1092 U1005 U1105 U1061 U1128 U1003 U1046 U1048 U1114 U1010 U1125 U1007 U1095 U1083 U1062 U1115 U1124 U1058 U1008 U1113 U1085 U1111 U1112 U1081 U1025 U1018 U1015 U1037 U1120 U1057 U1109 U1094 U1080 U1014 U1028 U1067 U1068 U1103 U1123 U1087 U1082 U1050 U1069 U1118 U1041 U1059 U1106 U1117 U1093 U1004 U1035 U1133 U1030 U1100
135028: U1108 U1055 U1002 U1006 U1033 U1049 U1073 U1132 U1029 U1104 U1136 U1116 U1001 U1045 U1086 U1134 U1054 U1090 U1101 U1024 U1019 U1009 U1016 U1071 U1036 U1089 U1027 U1022 U1032 U1122 U1056 U1034 U1013 U1053 U1084 U1075 U1048 U1078 U1091 U1137 U1114 U1083 U1128 U1099 U1135 U1092 U1098 U1126 U1105 U1088 U1095 U1096 U1097 U1005 U1010 U1003 U1061 U1046 U1062 U1125 U1007 U1058 U1115 U1008 U1124 U1113 U1085 U1111 U1112 U1081 U1025 U1018 U1015 U1037 U1120 U1057 U1109 U1094 U1080 U1014 U1028 U1067 U1068 U1103 U1123 U1087 U1082 U1050 U1069 U1118 U1041 U1059 U1106 U1117 U1093 U1004 U1035 U1133 U1030 U1100
135057: U1022 U1137 U1091 U1088 U1096 U1097 U1126 U1061 U1101 U1054 U1019 U1046 U1071 U1024 U1104 U1092 U1075 U1001 U1016 U1135 U1006 U1033 U1049 U1073 U1132 U1105 U1002 U1078 U1003 U1045 U1056 U1086 U1090 U1116 U1108 U1055 U1007 U1029 U1115 U1124 U1036 U1027 U1009 U1008 U1098 U1032 U1005 U1089 U1113 U1136 U1134 U1122 U1099 U1053 U1111 U1112 U1013 U1125 U1025 U1015 U1037 U1120 U1085 U1084 U1034 U1128 U1018 U1010 U1048 U1081 U1114 U1057 U1058 U1095 U1062 U1083 U1109 U1094 U1080 U1014 U1067 U1068 U1028 U1103 U1123 U1087 U1082 U1050 U1069 U1118 U1041 U1059 U1106 U1117 U1093 U1004 U1035 U1133 U1030 U1100
132856: U1101 U1054 U1019 U1024 U1071 U1104 U1016 U1006 U1033 U1049 U1073 U1132 U1002 U1045 U1022 U1086 U1116 U1090 U1001 U1029 U1108 U1055 U1036 U1009 U1056 U1027 U1089 U1075 U1136 U1032 U1134 U1078 U1091 U1122 U1053 U1137 U1013 U1135 U1126 U1088 U1098 U1096 U1097 U1099 U1005 U1084 U1092 U1061 U1105 U1034 U1046 U1128 U1003 U1125 U1114 U1010 U1048 U1007 U1095 U1115 U1083 U1062 U1124 U1008 U1058 U1085 U1113 U1111 U1112 U1081 U1018 U1025 U1037 U1015 U1120 U1057 U1109 U1094 U1080 U1014 U1028 U1067 U1068 U1103 U1123 U1087 U1082 U1050 U1069 U1118 U1041 U1059 U1106 U1117 U1093 U1004 U1035 U1133 U1030 U1100
135051: U1054 U1101 U1104 U1019 U1024 U1071 U1016 U1006 U1033 U1049 U1073 U1132 U1002 U1045 U1086 U1116 U1090 U1029 U1001 U1108 U1022 U1055 U1036 U1009 U1027 U1056 U1089 U1136 U1134 U1032 U1075 U1122 U1078 U1053 U1091 U1013 U1137 U1135 U1126 U1098 U1084 U1099 U1088 U1096 U1097 U1005 U1034 U1092 U1061 U1128 U1105 U1046 U1003 U1048 U1114 U1010 U1125 U1095 U1007 U1083 U1062 U1115 U1058 U1124 U1008 U1085 U1113 U1111 U1112 U1081 U1018 U1025 U1037 U1015 U1120 U1057 U1109 U1094 U1080 U1014 U1028 U1067 U1068 U1103 U1123 U1087 U1082 U1050 U1069 U1118 U1041 U1059 U1106 U1117 U1093 U1004 U1035 U1133 U1030 U1100
132754: U1029 U1108 U1055 U1136 U1002 U1006 U1033 U1049 U1073 U1132 U1134 U1116 U1045 U1086 U1104 U1009 U1090 U1036 U1001 U1054 U1024 U1101 U1016 U1089 U1019 U1071 U1027 U1032 U1122 U1034 U1022 U1056 U1013 U1053 U1084 U1048 U1075 U1078 U1114 U1083 U1091 U1128 U1095 U1099 U1137 U1098 U1010 U1135 U1126 U1092 U1005 U1105 U1088 U1096 U1097 U1003 U1061 U1062 U1046 U1125 U1007 U1058 U1115 U1008 U1124 U1085 U1113 U1081 U1111 U1112 U1025 U1018 U1015 U1037 U1120 U1057 U1109 U1094 U1080 U1014 U1028 U1067 U1068 U1103 U1123 U1087 U1082 U1050 U1069 U1118 U1041 U1059 U1106 U1117 U1093 U1004 U1035 U1133 U1030 U1100
135045: U1006 U1033 U1049 U1073 U1132 U1002 U1104 U1045 U1054 U1024 U1116 U1101 U1019 U1016 U1086 U1071 U1029 U1090 U1108 U1055 U1009 U1001 U1036 U1136 U1027 U1089 U1134 U1022 U1032 U1056 U1122 U1053 U1075 U1013 U1078 U1091 U1084 U1034 U1137 U1135 U1099 U1098 U1126 U1128 U1005 U1088 U1048 U1096 U1097 U1114 U1092 U1105 U1061 U1010 U1095 U1003 U1046 U1083 U1125 U1062 U1007 U1058 U1115 U1124 U1008 U1085 U1113 U1081 U1111 U1112 U1018 U1025 U1015 U1037 U1120 U1057 U1109 U1094 U1080 U1014 U1028 U1067 U1068 U1103 U1123 U1087 U1082 U1050 U1069 U1118 U1041 U1059 U1106 U1117 U1093 U1004 U1035 U1133 U1030 U1100
135075: U1055 U1108 U1136 U1001 U1134 U1029 U1002 U1006 U1033 U1049 U1073 U1132 U1104 U1116 U1045 U1054 U1086 U1101 U1009 U1090 U1034 U1024 U1019 U1071 U1036 U1016 U1089 U1027 U1022 U1048 U1032 U1122 U1056 U1083 U1013 U1084 U1053 U1075 U1078 U1091 U1105 U1092 U1114 U1137 U1003 U1088 U1095 U1128 U1126 U1096 U1097 U1099 U1135 U1061 U1098 U1010 U1005 U1007 U1046 U1062 U1125 U1008 U1115 U1058 U1124 U1113 U1085 U1111 U1112 U1025 U1015 U1081 U1120 U1037 U1018 U1057 U1109 U1094 U1080 U1014 U1028 U1067 U1068 U1103 U1123 U1087 U1082 U1050 U1069 U1118 U1041 U1059 U1106 U1117 U1093 U1004 U1035 U1133 U1030 U1100
135076: U1099 U1098 U1056 U1005 U1078 U1053 U1032 U1075 U1125 U1013 U1128 U1027 U1122 U1135 U1090 U1016 U1036 U1010 U1086 U1089 U1045 U1009 U1071 U1116 U1024 U1058 U1019 U1101 U1054 U1084 U1002 U1006 U1033 U1049 U1073 U1132 U1104 U1029 U1062 U1091 U1022 U1114 U1085 U1136 U1134 U1081 U1126 U1108 U1055 U1001 U1095 U1137 U1096 U1097 U1088 U1046 U1018 U1061 U1034 U1057 U1048 U1092 U1105 U1115 U1003 U1124 U1083 U1113 U1007 U1111 U1112 U1008 U1037 U1025 U1015 U1120 U1109 U1094 U1080 U1014 U1028 U1067 U1068 U1103 U1123 U1087 U1082 U1050 U1069 U1118 U1041 U1059 U1106 U1117 U1093 U1004 U1035 U1133 U1030 U1100
132723: U1048 U1034 U1083 U1134 U1136 U1084 U1089 U1029 U1009 U1114 U1055 U1108 U1036 U1095 U1116 U1122 U1086 U1002 U1045 U1006 U1033 U1049 U1073 U1132 U1090 U1027 U1013 U1032 U1104 U1001 U1016 U1053 U1024 U1054 U1019 U1071 U1101 U1128 U1010 U1056 U1062 U1022 U1078 U1099 U1075 U1098 U1058 U1005 U1091 U1135 U1137 U1105 U1092 U1126 U1125 U1088 U1003 U1096 U1097 U1061 U1046 U1007 U1085 U1115 U1008 U1081 U1124 U1113 U1111 U1112 U1018 U1025 U1015 U1120 U1037 U1057 U1109 U1094 U1080 U1014 U1028 U1067 U1068 U1103 U1123 U1087 U1082 U1050 U1069 U1118 U1041 U1059 U1106 U1117 U1093 U1004 U1035 U1133 U1030 U1100
132830: U1126 U1096 U1097 U1137 U1088 U1046 U1091 U1061 U1135 U1115 U1022 U1124 U1075 U1092 U1113 U1111 U1112 U1078 U1008 U1003 U1007 U1105 U1101 U1054 U1019 U1071 U1024 U1016 U1104 U1037 U1056 U1005 U1001 U1098 U1025 U1015 U1006 U1033 U1049 U1073 U1132 U1002 U1045 U1086 U1090 U1116 U1120 U1125 U1099 U1108 U1018 U1055 U1029 U1085 U1027 U1036 U1032 U1009 U1053 U1089 U1122 U1057 U1136 U1134 U1013 U1081 U1128 U1084 U1010 U1034 U1058 U1114 U1062 U1048 U1095 U1083 U1109 U1094 U1080 U1014 U1067 U1068 U1028 U1103 U1123 U1087 U1082 U1050 U1069 U1118 U1041 U1059 U1106 U1117 U1093 U1004 U1035 U1133 U1030 U1100
132872: U1013 U1122 U1053 U1032 U1084 U1027 U1089 U1128 U1036 U1009 U1010 U1090 U1114 U1086 U1116 U1056 U1045 U1029 U1095 U1016 U1136 U1134 U1062 U1099 U1002 U1006 U1033 U1049 U1073 U1132 U1024 U1071 U1019 U1104 U1054 U1078 U1101 U1098 U1108 U1055 U1075 U1058 U1005 U1001 U1022 U1125 U1034 U1048 U1135 U1091 U1083 U1126 U1137 U1096 U1097 U1088 U1085 U1081 U1061 U1046 U1092 U1105 U1003 U1018 U1007 U1115 U1124 U1057 U1008 U1113 U1111 U1112 U1037 U1025 U1015 U1120 U1109 U1094 U1080 U1014 U1028 U1067 U1068 U1103 U1123 U1087 U1082 U1050 U1069 U1118 U1041 U1059 U1106 U1117 U1093 U1004 U1035 U1133 U1030 U1100
135030: U1029 U1108 U1055 U1002 U1006 U1033 U1049 U1073 U1132 U1136 U1134 U1116 U1045 U1086 U1104 U1009 U1090 U1001 U1036 U1054 U1101 U1024 U1016 U1019 U1071 U1089 U1027 U1032 U1122 U1022 U1034 U1056 U1013 U1053 U1084 U1048 U1075 U1078 U1114 U1091 U1083 U1128 U1099 U1137 U1095 U1098 U1135 U1010 U1126 U1092 U1005 U1105 U1088 U1096 U1097 U1003 U1061 U1062 U1046 U1125 U1007 U1058 U1115 U1008 U1124 U1085 U1113 U1081 U1111 U1112 U1025 U1018 U1015 U1037 U1120 U1057 U1109 U1094 U1080 U1014 U1028 U1067 U1068 U1103 U1123 U1087 U1082 U1050 U1069 U1118 U1041 U1059 U1106 U1117 U1093 U1004 U1035 U1133 U1030 U1100
135039: U1104 U1054 U1101 U1001 U1019 U1024 U1071 U1006 U1033 U1049 U1073 U1132 U1002 U1022 U1016 U1108 U1055 U1045 U1029 U1086 U1116 U1090 U1009 U1036 U1136 U1027 U1134 U1056 U1089 U1075 U1091 U1032 U1137 U1078 U1122 U1126 U1088 U1053 U1092 U1096 U1097 U1135 U1013 U1105 U1061 U1034 U1003 U1098 U1046 U1084 U1099 U1005 U1007 U1048 U1128 U1114 U1125 U1010 U1115 U1083 U1008 U1124 U1095 U1113 U1062 U1058 U1111 U1112 U1085 U1025 U1015 U1081 U1037 U1018 U1120 U1057 U1109 U1094 U1080 U1014 U1028 U1067 U1068 U1103 U1123 U1087 U1082 U1050 U1069 U1118 U1041 U1059 U1106 U1117 U1093 U1004 U1035 U1133 U1030 U1100
135066: U1056 U1078 U1075 U1016 U1032 U1027 U1071 U1024 U1090 U1053 U1019 U1086 U1045 U1098 U1099 U1116 U1036 U1101 U1054 U1122 U1009 U1005 U1089 U1104 U1006 U1033 U1049 U1073 U1132 U1013 U1002 U1135 U1029 U1022 U1091 U1128 U1125 U1108 U1055 U1001 U1136 U1134 U1084 U1126 U1010 U1137 U1096 U1097 U1088 U1058 U1114 U1062 U1061 U1046 U1085 U1095 U1081 U1092 U1034 U1105 U1048 U1003 U1018 U1115 U1124 U1007 U1083 U1113 U1057 U1008 U1111 U1112 U1037 U1025 U1015 U1120 U1109 U1094 U1080 U1014 U1028 U1067 U1068 U1103 U1123 U1087 U1082 U1050 U1069 U1118 U1041 U1059 U1106 U1117 U1093 U1004 U1035 U1133 U1030 U1100
135069: U1137 U1088 U1061 U1097 U1096 U1046 U1126 U1092 U1091 U1022 U1003 U1105 U1007 U1115 U1124 U1008 U1113 U1101 U1054 U1135 U1075 U1019 U1001 U1071 U1024 U1104 U1111 U1112 U1016 U1078 U1006 U1033 U1049 U1073 U1132 U1002 U1025 U1015 U1108 U1056 U1055 U1045 U1086 U1090 U1116 U1120 U1037 U1029 U1005 U1098 U1036 U1027 U1009 U1032 U1136 U1089 U1099 U1134 U1122 U1053 U1125 U1018 U1013 U1085 U1034 U1057 U1084 U1128 U1081 U1010 U1048 U1114 U1058 U1083 U1095 U1062 U1109 U1094 U1080 U1014 U1067 U1068 U1028 U1103 U1123 U1087 U1082 U1050 U1069 U1118 U1041 U1059 U1106 U1117 U1093 U1004 U1035 U1133 U1030 U1100
135026: U1134 U1136 U1029 U1055 U1108 U1009 U1089 U1034 U1036 U1116 U1002 U1006 U1033 U1049 U1073 U1132 U1045 U1086 U1090 U1048 U1027 U1104 U1001 U1122 U1016 U1024 U1054 U1084 U1032 U1019 U1101 U1071 U1013 U1083 U1053 U1114 U1056 U1022 U1095 U1128 U1010 U1078 U1075 U1099 U1062 U1091 U1098 U1005 U1135 U1137 U1092 U1105 U1126 U1088 U1096 U1097 U1003 U1058 U1125 U1061 U1046 U1007 U1115 U1008 U1085 U1124 U1081 U1113 U1111 U1112 U1018 U1025 U1015 U1037 U1120 U1057 U1109 U1094 U1080 U1014 U1028 U1067 U1068 U1103 U1123 U1087 U1082 U1050 U1069 U1118 U1041 U1059 U1106 U1117 U1093 U1004 U1035 U1133 U1030 U1100
135046: U1134 U1136 U1034 U1055 U1108 U1029 U1048 U1002 U1006 U1033 U1049 U1073 U1132 U1009 U1116 U1001 U1036 U1089 U1045 U1086 U1104 U1090 U1083 U1054 U1101 U1016 U1024 U1027 U1019 U1071 U1122 U1084 U1032 U1013 U1022 U1053 U1114 U1056 U1095 U1128 U1075 U1078 U1010 U1091 U1105 U1099 U1092 U1137 U1062 U1098 U1003 U1135 U1126 U1088 U1005 U1096 U1097 U1061 U1007 U1046 U1125 U1058 U1008 U1115 U1124 U1113 U1085 U1081 U1111 U1112 U1025 U1015 U1018 U1120 U1037 U1057 U1109 U1094 U1080 U1014 U1028 U1067 U1068 U1103 U1123 U1087 U1082 U1050 U1069 U1118 U1041 U1059 U1106 U1117 U1093 U1004 U1035 U1133 U1030 U1100
135081: U1075 U1078 U1135 U1056 U1091 U1071 U1016 U1019 U1098 U1024 U1022 U1005 U1101 U1054 U1126 U1099 U1104 U1090 U1086 U1045 U1027 U1116 U1032 U1137 U1006 U1033 U1049 U1073 U1132 U1002 U1053 U1036 U1096 U1097 U1125 U1009 U1088 U1122 U1029 U1001 U1089 U1013 U1061 U1046 U1108 U1055 U1136 U1128 U1134 U1085 U1092 U1084 U1010 U1115 U1105 U1081 U1003 U1018 U1058 U1124 U1007 U1113 U1114 U1062 U1111 U1112 U1008 U1057 U1095 U1034 U1037 U1048 U1025 U1015 U1120 U1083 U1109 U1094 U1080 U1014 U1028 U1067 U1068 U1103 U1123 U1087 U1082 U1050 U1069 U1118 U1041 U1059 U1106 U1117 U1093 U1004 U1035 U1133 U1030 U1100
135108: U1061 U1046 U1088 U1097 U1096 U1115 U1137 U1124 U1008 U1092 U1113 U1007 U1126 U1003 U1105 U1091 U1111 U1112 U1025 U1015 U1022 U1120 U1037 U1135 U1075 U1101 U1054 U1001 U1019 U1071 U1024 U1104 U1078 U1016 U1006 U1033 U1049 U1073 U1132 U1002 U1056 U1108 U1055 U1045 U1086 U1090 U1116 U1005 U1029 U1098 U1018 U1036 U1027 U1009 U1032 U1099 U1125 U1136 U1085 U1089 U1134 U1053 U1122 U1057 U1013 U1081 U1034 U1128 U1084 U1010 U1048 U1058 U1114 U1083 U1062 U1095 U1109 U1094 U1080 U1014 U1067 U1068 U1103 U1028 U1123 U1087 U1082 U1050 U1069 U1118 U1041 U1059 U1106 U1117 U1093 U1004 U1035 U1133 U1030 U1100
132733: U1082 U1087 U1123 U1103 U1067 U1068 U1028 U1014 U1080 U1050 U1094 U1057 U1018 U1081 U1085 U1037 U1109 U1125 U1111 U1112 U1005 U1113 U1058 U1135 U1098 U1015 U1124 U1115 U1099 U1025 U1120 U1126 U1046 U1078 U1075 U1091 U1096 U1097 U1061 U1088 U1137 U1008 U1056 U1128 U1010 U1062 U1053 U1032 U1022 U1013 U1071 U1016 U1027 U1122 U1019 U1024 U1007 U1101 U1092 U1054 U1090 U1086 U1045 U1036 U1003 U1116 U1104 U1089 U1009 U1084 U1105 U1006 U1033 U1049 U1073 U1132 U1002 U1114 U1029 U1095 U1001 U1108 U1055 U1136 U1134 U1034 U1048 U1083 U1069 U1059 U1118 U1041 U1106 U1133 U1100 U1117 U1093 U1004 U1030 U1035
132768: U1041 U1118 U1117 U1106 U1093 U1004 U1035 U1030 U1133 U1059 U1100 U1069 U1120 U1015 U1025 U1008 U1007 U1003 U1105 U1113 U1124 U1111 U1112 U1115 U1092 U1037 U1061 U1046 U1088 U1097 U1096 U1137 U1126 U1022 U1001 U1091 U1055 U1108 U1104 U1101 U1054 U1019 U1006 U1033 U1049 U1073 U1132 U1002 U1071 U1024 U1034 U1016 U1029 U1135 U1083 U1136 U1075 U1134 U1045 U1116 U1086 U1090 U1018 U1048 U1078 U1009 U1036 U1057 U1056 U1027 U1089 U1032 U1005 U1098 U1122 U1085 U1053 U1099 U1013 U1125 U1084 U1081 U1114 U1128 U1095 U1010 U1062 U1058 U1109 U1094 U1080 U1014 U1103 U1067 U1068 U1028 U1082 U1123 U1087 U1050
132951: U1116 U1045 U1086 U1029 U1090 U1002 U1006 U1033 U1049 U1073 U1132 U1009 U1036 U1016 U1104 U1024 U1071 U1019 U1054 U1089 U1101 U1027 U1108 U1055 U1136 U1134 U1032 U1001 U1122 U1056 U1022 U1053 U1013 U1084 U1075 U1078 U1034 U1099 U1128 U1091 U1098 U1114 U1048 U1135 U1005 U1010 U1137 U1095 U1126 U1088 U1096 U1097 U1083 U1062 U1092 U1125 U1061 U1105 U1046 U1003 U1058 U1007 U1085 U1115 U1124 U1008 U1081 U1113 U1111 U1112 U1018 U1025 U1037 U1015 U1057 U1120 U1109 U1094 U1080 U1014 U1028 U1067 U1068 U1103 U1123 U1087 U1082 U1050 U1069 U1118 U1041 U1059 U1106 U1117 U1093 U1004 U1035 U1133 U1030 U1100
135047: U1136 U1029 U1134 U1009 U1108 U1116 U1055 U1002 U1006 U1033 U1049 U1073 U1132 U1036 U1045 U1086 U1090 U1089 U1104 U1027 U1016 U1024 U1054 U1019 U1071 U1101 U1001 U1122 U1032 U1034 U1013 U1084 U1056 U1053 U1022 U1048 U1114 U1075 U1078 U1083 U1128 U1095 U1099 U1010 U1091 U1098 U1135 U1005 U1137 U1062 U1126 U1092 U1088 U1105 U1096 U1097 U1061 U1125 U1003 U1058 U1046 U1007 U1115 U1085 U1008 U1124 U1081 U1113 U1111 U1112 U1018 U1025 U1015 U1037 U1120 U1057 U1109 U1094 U1080 U1014 U1028 U1067 U1068 U1103 U1123 U1087 U1082 U1050 U1069 U1118 U1041 U1059 U1106 U1117 U1093 U1004 U1035 U1133 U1030 U1100
135054: U1113 U1124 U1115 U1111 U1112 U1046 U1025 U1015 U1037 U1008 U1061 U1120 U1097 U1096 U1088 U1137 U1126 U1007 U1092 U1091 U1003 U1105 U1135 U1022 U1075 U1018 U1078 U1101 U1057 U1054 U1019 U1071 U1024 U1104 U1001 U1005 U1016 U1085 U1098 U1056 U1006 U1033 U1049 U1073 U1132 U1002 U1125 U1045 U1086 U1090 U1116 U1108 U1055 U1099 U1029 U1027 U1036 U1081 U1009 U1032 U1053 U1089 U1136 U1122 U1134 U1013 U1128 U1084 U1034 U1010 U1058 U1114 U1048 U1062 U1095 U1083 U1109 U1094 U1080 U1014 U1067 U1068 U1103 U1028 U1123 U1087 U1082 U1050 U1069 U1118 U1041 U1059 U1106 U1117 U1093 U1004 U1035 U1133 U1030 U1100
135086: U1034 U1048 U1083 U1134 U1136 U1055 U1108 U1029 U1009 U1089 U1002 U1036 U1006 U1033 U1049 U1073 U1132 U1116 U1045 U1086 U1084 U1090 U1001 U1104 U1027 U1122 U1114 U1054 U1016 U1024 U1101 U1032 U1019 U1071 U1013 U1095 U1053 U1056 U1022 U1128 U1010 U1062 U1075 U1078 U1099 U1091 U1105 U1098 U1092 U1137 U1005 U1135 U1003 U1126 U1088 U1096 U1097 U1058 U1061 U1125 U1007 U1046 U1008 U1115 U1124 U1085 U1113 U1081 U1111 U1112 U1025 U1015 U1018 U1120 U1037 U1057 U1109 U1094 U1080 U1014 U1028 U1067 U1068 U1103 U1123 U1087 U1082 U1050 U1069 U1118 U1041 U1059 U1106 U1117 U1093 U1004 U1035 U1133 U1030 U1100
135106: U1054 U1101 U1104 U1019 U1024 U1071 U1006 U1033 U1049 U1073 U1132 U1016 U1002 U1001 U1045 U1086 U1116 U1022 U1090 U1029 U1108 U1055 U1036 U1009 U1027 U1056 U1136 U1089 U1134 U1032 U1075 U1122 U1078 U1091 U1053 U1137 U1013 U1126 U1135 U1088 U1096 U1097 U1098 U1099 U1092 U1084 U1034 U1005 U1061 U1105 U1046 U1003 U1128 U1048 U1114 U1125 U1010 U1007 U1095 U1083 U1115 U1062 U1124 U1008 U1058 U1113 U1085 U1111 U1112 U1081 U1025 U1018 U1015 U1037 U1120 U1057 U1109 U1094 U1080 U1014 U1028 U1067 U1068 U1103 U1123 U1087 U1082 U1050 U1069 U1118 U1041 U1059 U1106 U1117 U1093 U1004 U1035 U1133 U1030 U1100
132954: U1036 U1009 U1090 U1116 U1086 U1027 U1045 U1089 U1029 U1032 U1122 U1016 U1002 U1006 U1033 U1049 U1073 U1132 U1024 U1071 U1019 U1136 U1134 U1104 U1013 U1054 U1056 U1101 U1053 U1108 U1055 U1084 U1001 U1078 U1022 U1075 U1128 U1099 U1114 U1098 U1010 U1034 U1095 U1005 U1091 U1135 U1048 U1062 U1125 U1126 U1137 U1058 U1083 U1096 U1097 U1088 U1061 U1092 U1105 U1046 U1003 U1085 U1007 U1081 U1115 U1124 U1008 U1018 U1113 U1111 U1112 U1057 U1037 U1025 U1015 U1120 U1109 U1094 U1080 U1014 U1028 U1067 U1068 U1103 U1123 U1087 U1082 U1050 U1069 U1118 U1041 U1059 U1106 U1117 U1093 U1004 U1035 U1133 U1030 U1100
134996: U1118 U1041 U1106 U1117 U1093 U1004 U1035 U1030 U1133 U1059 U1100 U1069 U1120 U1015 U1025 U1008 U1007 U1003 U1113 U1105 U1124 U1111 U1112 U1115 U1092 U1037 U1061 U1046 U1088 U1097 U1096 U1137 U1126 U1022 U1001 U1091 U1055 U1108 U1104 U1101 U1054 U1019 U1006 U1033 U1049 U1073 U1132 U1002 U1071 U1024 U1034 U1016 U1135 U1029 U1083 U1136 U1075 U1134 U1045 U1116 U1086 U1090 U1018 U1048 U1078 U1009 U1057 U1036 U1056 U1027 U1089 U1032 U1005 U1098 U1122 U1085 U1053 U1099 U1125 U1013 U1084 U1081 U1128 U1114 U1095 U1010 U1062 U1058 U1109 U1094 U1080 U1014 U1103 U1067 U1068 U1028 U1082 U1123 U1087 U1050
135021: U1118 U1041 U1106 U1117 U1093 U1004 U1035 U1030 U1133 U1059 U1100 U1069 U1120 U1015 U1025 U1008 U1007 U1003 U1113 U1105 U1124 U1111 U1112 U1115 U1092 U1037 U1061 U1046 U1088 U1097 U1096 U1137 U1126 U1022 U1001 U1091 U1055 U1108 U1104 U1101 U1054 U1019 U1006 U1033 U1049 U1073 U1132 U1002 U1071 U1024 U1034 U1016 U1135 U1029 U1083 U1136 U1075 U1134 U1045 U1116 U1086 U1090 U1018 U1048 U1078 U1009 U1057 U1036 U1056 U1027 U1089 U1032 U1005 U1098 U1122 U1085 U1053 U1099 U1125 U1013 U1084 U1081 U1128 U1114 U1095 U1010 U1062 U1058 U1109 U1094 U1080 U1014 U1103 U1067 U1068 U1028 U1082 U1123 U1087 U1050
135043: U1125 U1085 U1005 U1135 U1098 U1078 U1081 U1075 U1099 U1018 U1091 U1126 U1057 U1056 U1053 U1096 U1097 U1137 U1016 U1071 U1032 U1046 U1024 U1019 U1022 U1088 U1058 U1027 U1101 U1054 U1090 U1061 U1128 U1086 U1122 U1045 U1013 U1116 U1104 U1036 U1009 U1010 U1006 U1033 U1049 U1073 U1132 U1002 U1089 U1115 U1029 U1037 U1111 U1112 U1124 U1001 U1113 U1108 U1062 U1084 U1055 U1092 U1136 U1134 U1114 U1008 U1003 U1105 U1007 U1095 U1025 U1015 U1120 U1034 U1048 U1083 U1109 U1094 U1080 U1014 U1028 U1067 U1068 U1103 U1123 U1087 U1082 U1050 U1069 U1118 U1041 U1059 U1106 U1117 U1093 U1004 U1035 U1133 U1030 U1100
135059: U1108 U1055 U1029 U1002 U1006 U1033 U1049 U1073 U1132 U1136 U1134 U1001 U1104 U1116 U1045 U1086 U1090 U1054 U1009 U1101 U1024 U1036 U1019 U1016 U1071 U1089 U1027 U1034 U1022 U1032 U1122 U1056 U1013 U1053 U1048 U1084 U1075 U1078 U1083 U1091 U1114 U1137 U1128 U1092 U1099 U1105 U1095 U1135 U1098 U1126 U1088 U1096 U1097 U1010 U1003 U1005 U1061 U1046 U1062 U1007 U1125 U1058 U1115 U1008 U1124 U1113 U1085 U1111 U1112 U1081 U1025 U1015 U1018 U1120 U1037 U1057 U1109 U1094 U1080 U1014 U1028 U1067 U1068 U1103 U1123 U1087 U1082 U1050 U1069 U1118 U1041 U1059 U1106 U1117 U1093 U1004 U1035 U1133 U1030 U1100
135065: U1134 U1136 U1029 U1108 U1055 U1009 U1089 U1036 U1116 U1002 U1006 U1033 U1049 U1073 U1132 U1045 U1086 U1090 U1034 U1027 U1104 U1122 U1001 U1016 U1024 U1054 U1048 U1019 U1032 U1101 U1071 U1084 U1013 U1053 U1056 U1083 U1114 U1022 U1095 U1128 U1078 U1075 U1010 U1099 U1062 U1091 U1098 U1005 U1135 U1137 U1126 U1092 U1105 U1088 U1096 U1097 U1003 U1058 U1125 U1061 U1046 U1007 U1115 U1008 U1085 U1124 U1081 U1113 U1111 U1112 U1018 U1025 U1015 U1037 U1120 U1057 U1109 U1094 U1080 U1014 U1028 U1067 U1068 U1103 U1123 U1087 U1082 U1050 U1069 U1118 U1041 U1059 U1106 U1117 U1093 U1004 U1035 U1133 U1030 U1100
135071: U1025 U1015 U1120 U1113 U1008 U1124 U1115 U1111 U1112 U1037 U1007 U1046 U1061 U1088 U1097 U1096 U1003 U1092 U1137 U1105 U1126 U1091 U1022 U1135 U1075 U1101 U1001 U1054 U1018 U1019 U1071 U1104 U1024 U1078 U1016 U1057 U1006 U1033 U1049 U1073 U1132 U1002 U1056 U1005 U1108 U1055 U1098 U1085 U1045 U1086 U1090 U1116 U1029 U1125 U1036 U1099 U1027 U1009 U1032 U1136 U1089 U1134 U1053 U1081 U1122 U1013 U1034 U1128 U1084 U1010 U1048 U1058 U1114 U1083 U1062 U1095 U1109 U1094 U1080 U1014 U1067 U1068 U1103 U1028 U1123 U1087 U1082 U1050 U1069 U1118 U1041 U1059 U1106 U1117 U1093 U1004 U1035 U1133 U1030 U1100
135082: U1111 U1112 U1037 U1113 U1115 U1124 U1046 U1061 U1096 U1097 U1088 U1126 U1015 U1025 U1137 U1008 U1120 U1091 U1135 U1007 U1018 U1092 U1003 U1075 U1057 U1105 U1022 U1078 U1085 U1005 U1098 U1101 U1019 U1054 U1071 U1125 U1024 U1056 U1016 U1104 U1001 U1099 U1081 U1006 U1033 U1049 U1073 U1132 U1002 U1045 U1090 U1086 U1116 U1108 U1055 U1027 U1029 U1032 U1036 U1009 U1053 U1089 U1122 U1136 U1013 U1134 U1128 U1058 U1084 U1010 U1034 U1114 U1062 U1095 U1048 U1083 U1109 U1094 U1080 U1014 U1067 U1068 U1103 U1028 U1123 U1087 U1082 U1050 U1069 U1118 U1041 U1059 U1106 U1117 U1093 U1004 U1035 U1133 U1030 U1100
132732: U1028 U1123 U1014 U1087 U1067 U1068 U1103 U1050 U1082 U1080 U1094 U1057 U1018 U1081 U1085 U1037 U1109 U1125 U1111 U1112 U1005 U1058 U1113 U1135 U1098 U1015 U1124 U1115 U1099 U1025 U1120 U1126 U1046 U1078 U1075 U1091 U1096 U1097 U1061 U1088 U1137 U1008 U1056 U1128 U1010 U1062 U1053 U1032 U1022 U1013 U1071 U1016 U1027 U1122 U1019 U1024 U1007 U1101 U1092 U1054 U1090 U1086 U1045 U1036 U1116 U1003 U1104 U1089 U1009 U1084 U1006 U1033 U1049 U1073 U1132 U1105 U1002 U1114 U1029 U1095 U1001 U1108 U1055 U1136 U1134 U1034 U1048 U1083 U1069 U1059 U1118 U1041 U1106 U1133 U1100 U1117 U1093 U1004 U1030 U1035
132740: U1082 U1087 U1103 U1067 U1068 U1123 U1028 U1014 U1050 U1080 U1094 U1057 U1018 U1081 U1085 U1037 U1109 U1125 U1111 U1112 U1005 U1113 U1058 U1135 U1098 U1015 U1124 U1115 U1099 U1025 U1120 U1126 U1046 U1078 U1075 U1091 U1096 U1097 U1061 U1088 U1137 U1008 U1056 U1128 U1010 U1062 U1053 U1032 U1022 U1013 U1071 U1016 U1027 U1122 U1019 U1024 U1007 U1101 U1092 U1054 U1090 U1086 U1045 U1036 U1003 U1116 U1104 U1089 U1009 U1084 U1105 U1006 U1033 U1049 U1073 U1132 U1002 U1114 U1029 U1095 U1001 U1108 U1055 U1136 U1134 U1034 U1048 U1083 U1069 U1059 U1118 U1041 U1106 U1133 U1100 U1117 U1093 U1004 U1030 U1035
132875: U1136 U1134 U1029 U1108 U1055 U1002 U1006 U1033 U1049 U1073 U1132 U1009 U1116 U1045 U1086 U1036 U1090 U1089 U1104 U1016 U1027 U1024 U1001 U1054 U1019 U1101 U1071 U1122 U1032 U1034 U1013 U1084 U1056 U1053 U1022 U1048 U1114 U1075 U1083 U1078 U1128 U1095 U1099 U1010 U1091 U1098 U1135 U1137 U1005 U1062 U1126 U1092 U1105 U1088 U1096 U1097 U1003 U1061 U1125 U1058 U1046 U1007 U1115 U1008 U1124 U1085 U1081 U1113 U1111 U1112 U1018 U1025 U1015 U1037 U1120 U1057 U1109 U1094 U1080 U1014 U1028 U1067 U1068 U1103 U1123 U1087 U1082 U1050 U1069 U1118 U1041 U1059 U1106 U1117 U1093 U1004 U1035 U1133 U1030 U1100
134986: U1041 U1118 U1117 U1106 U1093 U1004 U1035 U1030 U1133 U1059 U1100 U1069 U1120 U1015 U1025 U1008 U1007 U1003 U1105 U1113 U1124 U1111 U1112 U1092 U1115 U1037 U1061 U1046 U1088 U1097 U1096 U1137 U1126 U1022 U1001 U1091 U1055 U1108 U1104 U1101 U1054 U1019 U1006 U1033 U1049 U1073 U1132 U1002 U1071 U1024 U1034 U1016 U1029 U1135 U1083 U1136 U1075 U1134 U1045 U1116 U1086 U1090 U1018 U1048 U1078 U1009 U1036 U1057 U1056 U1027 U1089 U1032 U1005 U1098 U1122 U1085 U1053 U1099 U1013 U1125 U1084 U1081 U1114 U1128 U1095 U1010 U1062 U1058 U1109 U1094 U1080 U1014 U1103 U1067 U1068 U1028 U1082 U1123 U1087 U1050
135027: U1054 U1101 U1104 U1019 U1024 U1071 U1001 U1006 U1033 U1049 U1073 U1132 U1002 U1022 U1016 U1108 U1055 U1045 U1086 U1116 U1029 U1090 U1009 U1036 U1136 U1027 U1056 U1134 U1089 U1075 U1091 U1032 U1078 U1122 U1137 U1126 U1053 U1088 U1096 U1097 U1135 U1013 U1092 U1105 U1061 U1098 U1034 U1003 U1099 U1046 U1084 U1005 U1128 U1007 U1048 U1125 U1114 U1010 U1115 U1083 U1095 U1124 U1008 U1062 U1113 U1058 U1085 U1111 U1112 U1025 U1015 U1081 U1018 U1037 U1120 U1057 U1109 U1094 U1080 U1014 U1028 U1067 U1068 U1103 U1123 U1087 U1082 U1050 U1069 U1118 U1041 U1059 U1106 U1117 U1093 U1004 U1035 U1133 U1030 U1100
135050: U1056 U1078 U1099 U1098 U1075 U1005 U1053 U1032 U1027 U1016 U1135 U1122 U1090 U1071 U1013 U1024 U1125 U1086 U1019 U1045 U1036 U1116 U1009 U1089 U1101 U1054 U1128 U1104 U1006 U1033 U1049 U1073 U1132 U1002 U1091 U1029 U1022 U1010 U1084 U1126 U1058 U1108 U1136 U1055 U1001 U1134 U1137 U1085 U1062 U1114 U1096 U1097 U1081 U1088 U1095 U1046 U1061 U1018 U1092 U1034 U1105 U1048 U1057 U1115 U1003 U1124 U1007 U1113 U1111 U1112 U1083 U1008 U1037 U1025 U1015 U1120 U1109 U1094 U1080 U1014 U1028 U1067 U1068 U1103 U1123 U1087 U1082 U1050 U1069 U1118 U1041 U1059 U1106 U1117 U1093 U1004 U1035 U1133 U1030 U1100
135053: U1114 U1095 U1084 U1010 U1062 U1013 U1128 U1122 U1053 U1089 U1032 U1027 U1036 U1009 U1134 U1136 U1090 U1116 U1086 U1045 U1029 U1058 U1056 U1048 U1099 U1002 U1016 U1006 U1033 U1049 U1073 U1132 U1034 U1024 U1108 U1071 U1055 U1019 U1104 U1054 U1101 U1098 U1078 U1083 U1005 U1075 U1001 U1125 U1022 U1135 U1091 U1126 U1081 U1137 U1085 U1096 U1097 U1088 U1061 U1092 U1046 U1105 U1003 U1018 U1007 U1115 U1057 U1124 U1008 U1113 U1111 U1112 U1037 U1025 U1015 U1120 U1109 U1094 U1080 U1014 U1028 U1067 U1068 U1103 U1123 U1087 U1082 U1050 U1069 U1118 U1041 U1059 U1106 U1117 U1093 U1004 U1035 U1133 U1030 U1100
135063: U1016 U1071 U1024 U1019 U1101 U1054 U1045 U1104 U1086 U1090 U1116 U1006 U1033 U1049 U1073 U1132 U1002 U1056 U1036 U1029 U1027 U1009 U1022 U1032 U1001 U1108 U1089 U1055 U1075 U1078 U1122 U1136 U1053 U1134 U1013 U1091 U1135 U1098 U1099 U1005 U1126 U1137 U1084 U1128 U1096 U1097 U1088 U1061 U1125 U1034 U1010 U1092 U1046 U1114 U1105 U1003 U1095 U1048 U1062 U1058 U1007 U1083 U1085 U1115 U1124 U1008 U1081 U1113 U1018 U1111 U1112 U1037 U1025 U1057 U1015 U1120 U1109 U1094 U1080 U1014 U1028 U1067 U1068 U1103 U1123 U1087 U1082 U1050 U1069 U1118 U1041 U1059 U1106 U1117 U1093 U1004 U1035 U1133 U1030 U1100
135070: U1111 U1112 U1037 U1115 U1113 U1124 U1046 U1096 U1097 U1061 U1126 U1088 U1015 U1025 U1137 U1008 U1091 U1120 U1135 U1018 U1007 U1092 U1057 U1003 U1075 U1022 U1105 U1085 U1078 U1005 U1098 U1125 U1101 U1019 U1071 U1054 U1024 U1056 U1016 U1104 U1001 U1081 U1099 U1006 U1033 U1049 U1073 U1132 U1002 U1045 U1090 U1086 U1116 U1027 U1108 U1055 U1032 U1029 U1036 U1009 U1053 U1089 U1122 U1013 U1136 U1134 U1128 U1058 U1010 U1084 U1034 U1062 U1114 U1095 U1048 U1083 U1109 U1094 U1080 U1014 U1067 U1068 U1103 U1028 U1123 U1087 U1082 U1050 U1069 U1118 U1041 U1059 U1106 U1117 U1093 U1004 U1035 U1133 U1030 U1100
135072: U1134 U1136 U1029 U1034 U1055 U1108 U1009 U1089 U1036 U1116 U1002 U1006 U1033 U1049 U1073 U1132 U1045 U1086 U1090 U1048 U1027 U1122 U1104 U1084 U1001 U1016 U1032 U1024 U1054 U1019 U1101 U1071 U1013 U1083 U1114 U1053 U1056 U1095 U1022 U1128 U1010 U1078 U1075 U1099 U1062 U1098 U1091 U1005 U1135 U1137 U1105 U1092 U1126 U1088 U1058 U1096 U1097 U1003 U1125 U1061 U1046 U1007 U1115 U1008 U1085 U1124 U1081 U1113 U1111 U1112 U1018 U1025 U1015 U1037 U1120 U1057 U1109 U1094 U1080 U1014 U1028 U1067 U1068 U1103 U1123 U1087 U1082 U1050 U1069 U1118 U1041 U1059 U1106 U1117 U1093 U1004 U1035 U1133 U1030 U1100
132851: U1061 U1046 U1088 U1097 U1096 U1137 U1115 U1124 U1092 U1008 U1007 U1126 U1113 U1003 U1091 U1105 U1111 U1112 U1025 U1015 U1022 U1120 U1037 U1135 U1075 U1101 U1054 U1001 U1019 U1071 U1024 U1104 U1078 U1016 U1006 U1033 U1049 U1073 U1132 U1002 U1056 U1108 U1055 U1045 U1086 U1090 U1116 U1005 U1029 U1098 U1036 U1027 U1018 U1009 U1032 U1099 U1125 U1136 U1085 U1089 U1134 U1053 U1122 U1057 U1013 U1081 U1034 U1128 U1084 U1010 U1048 U1058 U1114 U1083 U1062 U1095 U1109 U1094 U1080 U1014 U1067 U1068 U1103 U1028 U1123 U1087 U1082 U1050 U1069 U1118 U1041 U1059 U1106 U1117 U1093 U1004 U1035 U1133 U1030 U1100
132861: U1048 U1034 U1134 U1083 U1136 U1029 U1089 U1084 U1009 U1055 U1108 U1036 U1114 U1116 U1002 U1045 U1095 U1086 U1006 U1033 U1049 U1073 U1132 U1122 U1090 U1027 U1013 U1032 U1104 U1001 U1016 U1024 U1054 U1019 U1071 U1101 U1053 U1128 U1056 U1010 U1062 U1022 U1078 U1075 U1099 U1098 U1091 U1005 U1058 U1135 U1137 U1105 U1092 U1126 U1125 U1088 U1003 U1096 U1097 U1061 U1046 U1007 U1085 U1008 U1115 U1081 U1124 U1113 U1111 U1112 U1018 U1025 U1015 U1120 U1037 U1057 U1109 U1094 U1080 U1014 U1028 U1067 U1068 U1103 U1123 U1087 U1082 U1050 U1069 U1118 U1041 U1059 U1106 U1117 U1093 U1004 U1035 U1133 U1030 U1100
135001: U1041 U1118 U1106 U1117 U1093 U1004 U1035 U1030 U1133 U1059 U1100 U1069 U1120 U1015 U1025 U1008 U1007 U1003 U1105 U1113 U1124 U1111 U1112 U1115 U1092 U1037 U1061 U1046 U1088 U1097 U1096 U1137 U1126 U1022 U1001 U1091 U1055 U1108 U1104 U1101 U1054 U1019 U1006 U1033 U1049 U1073 U1132 U1002 U1071 U1024 U1034 U1016 U1029 U1135 U1083 U1136 U1075 U1134 U1045 U1116 U1086 U1090 U1018 U1048 U1078 U1009 U1036 U1057 U1056 U1027 U1089 U1032 U1005 U1098 U1122 U1085 U1053 U1099 U1013 U1125 U1084 U1081 U1114 U1128 U1095 U1010 U1062 U1058 U1109 U1094 U1080 U1014 U1103 U1067 U1068 U1028 U1082 U1123 U1087 U1050
135055: U1134 U1136 U1034 U1048 U1029 U1089 U1009 U1055 U1108 U1036 U1116 U1002 U1006 U1033 U1049 U1073 U1132 U1083 U1045 U1086 U1084 U1090 U1027 U1122 U1104 U1032 U1001 U1013 U1114 U1016 U1024 U1054 U1019 U1101 U1071 U1095 U1053 U1056 U1128 U1022 U1010 U1062 U1078 U1075 U1099 U1098 U1091 U1005 U1135 U1137 U1105 U1058 U1092 U1126 U1088 U1096 U1097 U1003 U1125 U1061 U1046 U1007 U1115 U1085 U1008 U1124 U1081 U1113 U1111 U1112 U1018 U1025 U1015 U1037 U1120 U1057 U1109 U1094 U1080 U1014 U1028 U1067 U1068 U1103 U1123 U1087 U1082 U1050 U1069 U1118 U1041 U1059 U1106 U1117 U1093 U1004 U1035 U1133 U1030 U1100
135104: U1123 U1087 U1067 U1068 U1103 U1028 U1014 U1082 U1050 U1080 U1094 U1057 U1018 U1081 U1085 U1037 U1109 U1125 U1111 U1112 U1005 U1113 U1058 U1135 U1098 U1015 U1124 U1115 U1099 U1025 U1120 U1126 U1046 U1078 U1075 U1091 U1096 U1097 U1061 U1088 U1137 U1008 U1056 U1128 U1010 U1062 U1053 U1032 U1022 U1013 U1071 U1016 U1027 U1122 U1019 U1024 U1007 U1101 U1092 U1054 U1090 U1086 U1045 U1036 U1116 U1003 U1104 U1089 U1009 U1084 U1105 U1006 U1033 U1049 U1073 U1132 U1002 U1114 U1029 U1095 U1001 U1108 U1055 U1136 U1134 U1034 U1048 U1083 U1069 U1059 U1118 U1041 U1106 U1133 U1100 U1117 U1093 U1004 U1030 U1035
132584: U1082 U1087 U1103 U1067 U1068 U1123 U1028 U1014 U1050 U1080 U1094 U1057 U1018 U1081 U1085 U1037 U1109 U1125 U1111 U1112 U1005 U1113 U1058 U1135 U1098 U1015 U1124 U1115 U1099 U1025 U1120 U1126 U1046 U1078 U1075 U1091 U1096 U1097 U1061 U1088 U1137 U1008 U1056 U1128 U1010 U1062 U1053 U1032 U1022 U1013 U1071 U1016 U1027 U1122 U1019 U1024 U1007 U1101 U1092 U1054 U1090 U1086 U1045 U1036 U1003 U1116 U1104 U1089 U1009 U1084 U1105 U1006 U1033 U1049 U1073 U1132 U1002 U1114 U1029 U1095 U1001 U1108 U1055 U1136 U1134 U1034 U1048 U1083 U1069 U1059 U1118 U1041 U1106 U1133 U1100 U1117 U1093 U1004 U1030 U1035
132608: U1050 U1082 U1087 U1123 U1028 U1103 U1067 U1068 U1014 U1080 U1094 U1057 U1018 U1081 U1085 U1037 U1109 U1125 U1111 U1112 U1005 U1058 U1113 U1135 U1098 U1015 U1124 U1115 U1099 U1025 U1120 U1126 U1046 U1078 U1075 U1091 U1096 U1097 U1061 U1088 U1137 U1008 U1056 U1128 U1010 U1062 U1053 U1032 U1022 U1013 U1071 U1016 U1027 U1122 U1019 U1024 U1007 U1101 U1092 U1054 U1090 U1086 U1045 U1036 U1116 U1003 U1104 U1089 U1009 U1084 U1006 U1033 U1049 U1073 U1132 U1105 U1002 U1114 U1029 U1095 U1001 U1108 U1055 U1136 U1134 U1034 U1048 U1083 U1069 U1059 U1118 U1041 U1106 U1133 U1100 U1117 U1093 U1004 U1030 U1035
132613: U1082 U1087 U1123 U1103 U1067 U1068 U1028 U1014 U1050 U1080 U1094 U1057 U1018 U1081 U1085 U1037 U1109 U1125 U1111 U1112 U1005 U1113 U1058 U1135 U1098 U1015 U1124 U1115 U1099 U1025 U1120 U1126 U1046 U1078 U1075 U1091 U1096 U1097 U1061 U1088 U1137 U1008 U1056 U1128 U1010 U1062 U1053 U1032 U1022 U1013 U1071 U1016 U1027 U1122 U1019 U1024 U1007 U1101 U1092 U1054 U1090 U1086 U1045 U1036 U1003 U1116 U1104 U1089 U1009 U1084 U1105 U1006 U1033 U1049 U1073 U1132 U1002 U1114 U1029 U1095 U1001 U1108 U1055 U1136 U1134 U1034 U1048 U1083 U1069 U1059 U1118 U1041 U1106 U1133 U1100 U1117 U1093 U1004 U1030 U1035
132630: U1082 U1087 U1123 U1103 U1067 U1068 U1028 U1014 U1050 U1080 U1094 U1057 U1018 U1081 U1085 U1037 U1109 U1125 U1111 U1112 U1005 U1113 U1058 U1135 U1098 U1015 U1124 U1115 U1099 U1025 U1120 U1126 U1046 U1078 U1075 U1091 U1096 U1097 U1061 U1088 U1137 U1008 U1056 U1128 U1010 U1062 U1053 U1032 U1022 U1013 U1071 U1016 U1027 U1122 U1019 U1024 U1007 U1101 U1092 U1054 U1090 U1086 U1045 U1036 U1003 U1116 U1104 U1089 U1009 U1084 U1105 U1006 U1033 U1049 U1073 U1132 U1002 U1114 U1029 U1095 U1001 U1108 U1055 U1136 U1134 U1034 U1048 U1083 U1069 U1059 U1118 U1041 U1106 U1133 U1100 U1117 U1093 U1004 U1030 U1035
132663: U1082 U1087 U1103 U1067 U1068 U1123 U1028 U1014 U1050 U1080 U1094 U1057 U1018 U1081 U1085 U1037 U1109 U1125 U1111 U1112 U1005 U1113 U1058 U1135 U1098 U1015 U1124 U1115 U1099 U1025 U1120 U1126 U1046 U1078 U1075 U1091 U1096 U1097 U1061 U1088 U1137 U1008 U1056 U1128 U1010 U1062 U1053 U1032 U1022 U1013 U1071 U1016 U1027 U1122 U1019 U1024 U1007 U1101 U1092 U1054 U1090 U1086 U1045 U1036 U1003 U1116 U1104 U1089 U1009 U1084 U1105 U1006 U1033 U1049 U1073 U1132 U1002 U1114 U1029 U1095 U1001 U1108 U1055 U1136 U1134 U1034 U1048 U1083 U1069 U1059 U1118 U1041 U1106 U1133 U1100 U1117 U1093 U1004 U1030 U1035
132767: U1093 U1004 U1030 U1133 U1106 U1117 U1035 U1118 U1041 U1100 U1059 U1069 U1120 U1015 U1025 U1008 U1007 U1003 U1113 U1105 U1124 U1111 U1112 U1115 U1092 U1037 U1061 U1046 U1088 U1097 U1096 U1137 U1126 U1022 U1001 U1091 U1055 U1108 U1104 U1101 U1054 U1019 U1006 U1033 U1049 U1073 U1132 U1002 U1071 U1024 U1034 U1016 U1135 U1029 U1083 U1075 U1136 U1134 U1045 U1116 U1086 U1090 U1018 U1048 U1078 U1057 U1009 U1036 U1056 U1027 U1089 U1032 U1005 U1098 U1122 U1085 U1053 U1099 U1125 U1013 U1084 U1081 U1128 U1114 U1095 U1010 U1062 U1058 U1109 U1094 U1080 U1014 U1103 U1067 U1068 U1028 U1082 U1123 U1087 U1050
132847: U1097 U1096 U1088 U1061 U1046 U1137 U1126 U1091 U1115 U1124 U1092 U1113 U1008 U1022 U1007 U1003 U1111 U1112 U1105 U1135 U1075 U1025 U1015 U1037 U1101 U1054 U1019 U1071 U1078 U1024 U1120 U1104 U1001 U1016 U1056 U1006 U1033 U1049 U1073 U1132 U1002 U1005 U1098 U1045 U1086 U1090 U1116 U1108 U1055 U1029 U1018 U1027 U1099 U1036 U1125 U1009 U1032 U1085 U1089 U1053 U1136 U1122 U1134 U1057 U1013 U1081 U1128 U1084 U1034 U1010 U1058 U1114 U1048 U1062 U1095 U1083 U1109 U1094 U1080 U1014 U1067 U1068 U1028 U1103 U1123 U1087 U1082 U1050 U1069 U1118 U1041 U1059 U1106 U1117 U1093 U1004 U1035 U1133 U1030 U1100
132854: U1061 U1088 U1097 U1096 U1046 U1137 U1092 U1115 U1126 U1124 U1007 U1091 U1003 U1008 U1105 U1113 U1022 U1111 U1112 U1025 U1015 U1135 U1120 U1075 U1101 U1054 U1037 U1001 U1019 U1071 U1024 U1104 U1016 U1078 U1006 U1033 U1049 U1073 U1132 U1002 U1056 U1108 U1055 U1045 U1086 U1090 U1116 U1029 U1005 U1098 U1036 U1027 U1009 U1032 U1099 U1136 U1018 U1089 U1125 U1134 U1053 U1122 U1085 U1013 U1057 U1034 U1081 U1084 U1128 U1010 U1048 U1114 U1058 U1083 U1095 U1062 U1109 U1094 U1080 U1014 U1067 U1068 U1028 U1103 U1123 U1087 U1082 U1050 U1069 U1118 U1041 U1059 U1106 U1117 U1093 U1004 U1035 U1133 U1030 U1100
132869: U1115 U1124 U1046 U1113 U1061 U1111 U1112 U1097 U1096 U1088 U1008 U1137 U1126 U1025 U1015 U1037 U1007 U1120 U1091 U1092 U1003 U1105 U1135 U1022 U1075 U1078 U1101 U1054 U1019 U1071 U1024 U1018 U1104 U1001 U1016 U1005 U1056 U1098 U1006 U1033 U1049 U1073 U1132 U1002 U1057 U1085 U1045 U1086 U1090 U1108 U1116 U1055 U1125 U1029 U1099 U1027 U1036 U1009 U1032 U1089 U1053 U1136 U1081 U1122 U1134 U1013 U1128 U1084 U1034 U1010 U1058 U1114 U1048 U1062 U1095 U1083 U1109 U1094 U1080 U1014 U1067 U1068 U1103 U1028 U1123 U1087 U1082 U1050 U1069 U1118 U1041 U1059 U1106 U1117 U1093 U1004 U1035 U1133 U1030 U1100
132884: U1048 U1083 U1034 U1134 U1136 U1055 U1108 U1029 U1084 U1089 U1009 U1114 U1095 U1036 U1002 U1116 U1006 U1033 U1049 U1073 U1132 U1045 U1086 U1090 U1122 U1001 U1027 U1104 U1013 U1032 U1016 U1054 U1024 U1101 U1019 U1071 U1053 U1128 U1056 U1010 U1022 U1062 U1078 U1075 U1099 U1098 U1105 U1091 U1092 U1058 U1005 U1137 U1003 U1135 U1126 U1088 U1096 U1097 U1061 U1125 U1007 U1046 U1008 U1115 U1124 U1085 U1081 U1113 U1111 U1112 U1025 U1018 U1015 U1120 U1037 U1057 U1109 U1094 U1080 U1014 U1028 U1067 U1068 U1103 U1123 U1087 U1082 U1050 U1069 U1118 U1041 U1059 U1106 U1117 U1093 U1004 U1035 U1133 U1030 U1100
132922: U1006 U1033 U1049 U1073 U1132 U1002 U1104 U1045 U1116 U1029 U1086 U1054 U1024 U1016 U1101 U1019 U1071 U1090 U1108 U1055 U1009 U1036 U1001 U1136 U1027 U1134 U1089 U1022 U1032 U1056 U1122 U1053 U1013 U1075 U1078 U1084 U1091 U1034 U1099 U1137 U1135 U1098 U1126 U1128 U1005 U1048 U1088 U1114 U1096 U1097 U1092 U1010 U1105 U1061 U1095 U1003 U1083 U1046 U1125 U1062 U1007 U1058 U1115 U1124 U1008 U1085 U1113 U1081 U1111 U1112 U1018 U1025 U1015 U1037 U1120 U1057 U1109 U1094 U1080 U1014 U1028 U1067 U1068 U1103 U1123 U1087 U1082 U1050 U1069 U1118 U1041 U1059 U1106 U1117 U1093 U1004 U1035 U1133 U1030 U1100
132958: U1134 U1136 U1034 U1048 U1055 U1029 U1108 U1009 U1089 U1002 U1006 U1033 U1049 U1073 U1132 U1036 U1116 U1045 U1086 U1083 U1090 U1001 U1104 U1027 U1084 U1122 U1016 U1054 U1024 U1101 U1019 U1071 U1032 U1013 U1114 U1053 U1095 U1056 U1022 U1128 U1010 U1075 U1078 U1062 U1099 U1091 U1098 U1105 U1137 U1092 U1005 U1135 U1126 U1088 U1003 U1096 U1097 U1058 U1061 U1125 U1046 U1007 U1008 U1115 U1124 U1085 U1113 U1081 U1111 U1112 U1025 U1018 U1015 U1120 U1037 U1057 U1109 U1094 U1080 U1014 U1028 U1067 U1068 U1103 U1123 U1087 U1082 U1050 U1069 U1118 U1041 U1059 U1106 U1117 U1093 U1004 U1035 U1133 U1030 U1100
135019: U1093 U1004 U1030 U1133 U1106 U1117 U1035 U1100 U1118 U1041 U1059 U1069 U1120 U1015 U1025 U1008 U1007 U1003 U1113 U1105 U1124 U1111 U1112 U1115 U1092 U1037 U1061 U1046 U1088 U1097 U1096 U1137 U1126 U1022 U1001 U1091 U1055 U1108 U1104 U1101 U1054 U1019 U1006 U1033 U1049 U1073 U1132 U1002 U1071 U1024 U1034 U1016 U1135 U1029 U1083 U1136 U1075 U1134 U1045 U1116 U1086 U1090 U1018 U1048 U1078 U1057 U1009 U1036 U1056 U1027 U1089 U1032 U1005 U1098 U1122 U1085 U1053 U1099 U1125 U1013 U1084 U1081 U1128 U1114 U1095 U1010 U1062 U1058 U1109 U1094 U1080 U1014 U1103 U1067 U1068 U1028 U1082 U1123 U1087 U1050
135048: U1134 U1136 U1055 U1108 U1029 U1034 U1002 U1006 U1033 U1049 U1073 U1132 U1001 U1009 U1116 U1045 U1086 U1036 U1104 U1089 U1090 U1048 U1054 U1101 U1024 U1016 U1019 U1071 U1027 U1083 U1122 U1032 U1084 U1022 U1013 U1056 U1053 U1114 U1095 U1075 U1078 U1128 U1091 U1010 U1105 U1092 U1099 U1137 U1098 U1003 U1135 U1126 U1062 U1088 U1005 U1096 U1097 U1061 U1007 U1046 U1125 U1058 U1008 U1115 U1124 U1113 U1085 U1111 U1112 U1081 U1025 U1015 U1018 U1120 U1037 U1057 U1109 U1094 U1080 U1014 U1028 U1067 U1068 U1103 U1123 U1087 U1082 U1050 U1069 U1118 U1041 U1059 U1106 U1117 U1093 U1004 U1035 U1133 U1030 U1100
135080: U1136 U1134 U1055 U1108 U1029 U1002 U1006 U1033 U1049 U1073 U1132 U1009 U1034 U1116 U1045 U1036 U1086 U1089 U1001 U1090 U1104 U1054 U1016 U1101 U1024 U1027 U1019 U1071 U1048 U1122 U1032 U1084 U1013 U1083 U1022 U1056 U1053 U1114 U1095 U1075 U1078 U1128 U1010 U1091 U1099 U1137 U1098 U1105 U1092 U1135 U1062 U1005 U1126 U1088 U1003 U1096 U1097 U1061 U1046 U1125 U1007 U1058 U1115 U1008 U1124 U1085 U1113 U1081 U1111 U1112 U1025 U1018 U1015 U1120 U1037 U1057 U1109 U1094 U1080 U1014 U1028 U1067 U1068 U1103 U1123 U1087 U1082 U1050 U1069 U1118 U1041 U1059 U1106 U1117 U1093 U1004 U1035 U1133 U1030 U1100
135088: U1117 U1093 U1004 U1035 U1030 U1041 U1118 U1106 U1133 U1100 U1059 U1069 U1120 U1015 U1025 U1008 U1007 U1003 U1105 U1113 U1124 U1111 U1112 U1092 U1115 U1037 U1061 U1046 U1088 U1097 U1096 U1137 U1126 U1022 U1001 U1091 U1055 U1108 U1104 U1101 U1054 U1019 U1006 U1033 U1049 U1073 U1132 U1002 U1071 U1024 U1034 U1016 U1029 U1135 U1083 U1136 U1075 U1134 U1045 U1116 U1086 U1090 U1018 U1048 U1078 U1009 U1036 U1057 U1056 U1027 U1089 U1032 U1005 U1098 U1122 U1085 U1053 U1099 U1013 U1125 U1084 U1081 U1114 U1128 U1095 U1010 U1062 U1058 U1109 U1094 U1080 U1014 U1103 U1067 U1068 U1028 U1082 U1123 U1087 U1050
132594: U1082 U1087 U1103 U1067 U1068 U1123 U1028 U1014 U1050 U1080 U1094 U1057 U1018 U1081 U1085 U1037 U1109 U1125 U1111 U1112 U1005 U1113 U1058 U1135 U1098 U1015 U1124 U1115 U1099 U1025 U1120 U1126 U1046 U1078 U1075 U1091 U1096 U1097 U1061 U1088 U1137 U1008 U1056 U1128 U1010 U1062 U1053 U1032 U1022 U1013 U1071 U1016 U1027 U1122 U1019 U1024 U1007 U1101 U1092 U1054 U1090 U1086 U1045 U1036 U1003 U1116 U1104 U1089 U1009 U1084 U1105 U1006 U1033 U1049 U1073 U1132 U1002 U1114 U1029 U1095 U1001 U1108 U1055 U1136 U1134 U1034 U1048 U1083 U1069 U1059 U1118 U1041 U1106 U1133 U1100 U1117 U1093 U1004 U1030 U1035
132609: U1050 U1087 U1082 U1123 U1028 U1103 U1067 U1068 U1014 U1080 U1094 U1057 U1018 U1081 U1085 U1037 U1109 U1125 U1111 U1112 U1005 U1058 U1113 U1135 U1098 U1015 U1124 U1115 U1099 U1025 U1120 U1126 U1046 U1078 U1075 U1091 U1096 U1097 U1061 U1088 U1137 U1008 U1056 U1128 U1010 U1062 U1053 U1032 U1022 U1013 U1071 U1016 U1027 U1122 U1019 U1024 U1007 U1101 U1092 U1054 U1090 U1086 U1045 U1036 U1116 U1003 U1104 U1089 U1009 U1084 U1006 U1033 U1049 U1073 U1132 U1105 U1002 U1114 U1029 U1095 U1001 U1108 U1055 U1136 U1134 U1034 U1048 U1083 U1069 U1059 U1118 U1041 U1106 U1133 U1100 U1117 U1093 U1004 U1030 U1035
132660: U1082 U1087 U1123 U1103 U1067 U1068 U1028 U1014 U1050 U1080 U1094 U1057 U1018 U1081 U1085 U1037 U1109 U1125 U1111 U1112 U1005 U1113 U1058 U1135 U1098 U1015 U1124 U1115 U1099 U1025 U1120 U1126 U1046 U1078 U1075 U1091 U1096 U1097 U1061 U1088 U1137 U1008 U1056 U1128 U1010 U1062 U1053 U1032 U1022 U1013 U1071 U1016 U1027 U1122 U1019 U1024 U1007 U1101 U1092 U1054 U1090 U1086 U1045 U1036 U1003 U1116 U1104 U1089 U1009 U1084 U1105 U1006 U1033 U1049 U1073 U1132 U1002 U1114 U1029 U1095 U1001 U1108 U1055 U1136 U1134 U1034 U1048 U1083 U1069 U1059 U1118 U1041 U1106 U1133 U1100 U1117 U1093 U1004 U1030 U1035
132665: U1094 U1080 U1082 U1087 U1103 U1067 U1068 U1123 U1028 U1014 U1050 U1057 U1018 U1081 U1085 U1037 U1109 U1125 U1111 U1112 U1005 U1113 U1135 U1058 U1098 U1015 U1124 U1115 U1025 U1120 U1099 U1126 U1046 U1078 U1075 U1091 U1096 U1097 U1061 U1088 U1137 U1008 U1056 U1128 U1010 U1062 U1053 U1032 U1022 U1013 U1071 U1016 U1007 U1027 U1019 U1024 U1122 U1092 U1101 U1054 U1090 U1086 U1045 U1003 U1036 U1116 U1104 U1089 U1009 U1105 U1006 U1033 U1049 U1073 U1132 U1084 U1002 U1114 U1029 U1095 U1001 U1108 U1055 U1136 U1134 U1034 U1048 U1083 U1069 U1059 U1118 U1041 U1106 U1133 U1100 U1117 U1093 U1004 U1030 U1035
132755: U1048 U1034 U1134 U1136 U1083 U1084 U1114 U1089 U1095 U1009 U1029 U1036 U1122 U1055 U1108 U1116 U1013 U1027 U1086 U1045 U1090 U1002 U1006 U1033 U1049 U1073 U1132 U1032 U1053 U1104 U1016 U1001 U1024 U1071 U1019 U1054 U1128 U1101 U1010 U1062 U1056 U1022 U1099 U1078 U1075 U1098 U1058 U1005 U1091 U1135 U1125 U1137 U1126 U1105 U1092 U1088 U1096 U1097 U1003 U1061 U1046 U1007 U1085 U1081 U1115 U1008 U1124 U1113 U1018 U1111 U1112 U1025 U1057 U1015 U1037 U1120 U1109 U1094 U1080 U1014 U1028 U1067 U1068 U1103 U1123 U1087 U1082 U1050 U1069 U1118 U1041 U1059 U1106 U1117 U1093 U1004 U1035 U1133 U1030 U1100
132845: U1015 U1120 U1025 U1113 U1111 U1112 U1124 U1008 U1115 U1037 U1046 U1007 U1061 U1088 U1097 U1096 U1003 U1092 U1137 U1105 U1126 U1091 U1022 U1135 U1018 U1075 U1057 U1101 U1054 U1001 U1078 U1019 U1071 U1024 U1104 U1016 U1085 U1005 U1006 U1033 U1049 U1073 U1132 U1002 U1056 U1098 U1108 U1055 U1045 U1086 U1090 U1125 U1116 U1029 U1099 U1027 U1036 U1009 U1081 U1032 U1136 U1089 U1134 U1053 U1122 U1013 U1034 U1128 U1084 U1010 U1058 U1048 U1114 U1083 U1062 U1095 U1109 U1094 U1080 U1014 U1067 U1068 U1103 U1028 U1123 U1087 U1082 U1050 U1069 U1118 U1041 U1059 U1106 U1117 U1093 U1004 U1035 U1133 U1030 U1100
132846: U1088 U1137 U1097 U1096 U1061 U1046 U1126 U1091 U1092 U1022 U1115 U1124 U1003 U1105 U1007 U1008 U1113 U1135 U1075 U1101 U1054 U1111 U1112 U1019 U1071 U1024 U1001 U1104 U1016 U1078 U1025 U1015 U1006 U1033 U1049 U1073 U1132 U1002 U1056 U1037 U1120 U1045 U1086 U1108 U1055 U1090 U1116 U1029 U1005 U1098 U1036 U1027 U1009 U1032 U1099 U1089 U1136 U1125 U1134 U1053 U1122 U1018 U1085 U1013 U1057 U1081 U1034 U1128 U1084 U1010 U1048 U1114 U1058 U1062 U1095 U1083 U1109 U1094 U1080 U1014 U1067 U1068 U1028 U1103 U1123 U1087 U1082 U1050 U1069 U1118 U1041 U1059 U1106 U1117 U1093 U1004 U1035 U1133 U1030 U1100
132858: U1061 U1092 U1088 U1007 U1046 U1003 U1097 U1096 U1008 U1137 U1115 U1105 U1124 U1113 U1126 U1091 U1025 U1111 U1112 U1022 U1015 U1120 U1037 U1001 U1101 U1054 U1135 U1019 U1104 U1075 U1071 U1024 U1016 U1006 U1033 U1049 U1073 U1132 U1002 U1078 U1108 U1055 U1045 U1086 U1056 U1116 U1090 U1029 U1005 U1036 U1098 U1009 U1027 U1136 U1032 U1134 U1089 U1099 U1018 U1125 U1122 U1053 U1085 U1013 U1057 U1034 U1084 U1081 U1128 U1048 U1010 U1083 U1114 U1058 U1095 U1062 U1109 U1094 U1080 U1014 U1067 U1068 U1103 U1028 U1123 U1087 U1082 U1050 U1069 U1118 U1041 U1059 U1106 U1117 U1093 U1004 U1035 U1133 U1030 U1100
132866: U1046 U1061 U1097 U1096 U1088 U1115 U1124 U1137 U1126 U1113 U1008 U1111 U1112 U1091 U1092 U1007 U1003 U1025 U1105 U1015 U1037 U1022 U1120 U1135 U1075 U1101 U1054 U1019 U1078 U1071 U1024 U1001 U1104 U1016 U1056 U1006 U1033 U1049 U1073 U1132 U1002 U1005 U1098 U1018 U1045 U1086 U1090 U1108 U1055 U1116 U1029 U1085 U1125 U1099 U1027 U1036 U1009 U1057 U1032 U1089 U1136 U1053 U1122 U1134 U1013 U1081 U1128 U1084 U1034 U1010 U1058 U1048 U1114 U1062 U1095 U1083 U1109 U1094 U1080 U1014 U1067 U1068 U1103 U1028 U1123 U1087 U1082 U1050 U1069 U1118 U1041 U1059 U1106 U1117 U1093 U1004 U1035 U1133 U1030 U1100
132870: U1046 U1061 U1097 U1096 U1088 U1137 U1126 U1115 U1124 U1091 U1113 U1092 U1008 U1007 U1111 U1112 U1003 U1022 U1105 U1135 U1025 U1015 U1037 U1075 U1120 U1101 U1054 U1019 U1071 U1078 U1024 U1104 U1001 U1016 U1056 U1006 U1033 U1049 U1073 U1132 U1002 U1005 U1098 U1045 U1086 U1090 U1108 U1116 U1055 U1029 U1018 U1027 U1125 U1099 U1036 U1009 U1085 U1032 U1089 U1136 U1053 U1057 U1122 U1134 U1013 U1081 U1128 U1084 U1034 U1010 U1058 U1114 U1048 U1062 U1095 U1083 U1109 U1094 U1080 U1014 U1067 U1068 U1028 U1103 U1123 U1087 U1082 U1050 U1069 U1118 U1041 U1059 U1106 U1117 U1093 U1004 U1035 U1133 U1030 U1100
132885: U1005 U1098 U1078 U1135 U1075 U1099 U1125 U1056 U1091 U1053 U1085 U1032 U1016 U1126 U1071 U1027 U1024 U1019 U1090 U1081 U1101 U1122 U1086 U1054 U1045 U1013 U1022 U1128 U1116 U1036 U1104 U1009 U1089 U1058 U1137 U1006 U1033 U1049 U1073 U1132 U1002 U1096 U1097 U1010 U1018 U1029 U1088 U1046 U1061 U1001 U1084 U1108 U1055 U1057 U1136 U1062 U1134 U1114 U1115 U1092 U1095 U1124 U1111 U1112 U1113 U1105 U1003 U1037 U1007 U1008 U1034 U1048 U1025 U1015 U1120 U1083 U1109 U1094 U1080 U1014 U1028 U1067 U1068 U1103 U1123 U1087 U1082 U1050 U1069 U1118 U1041 U1059 U1106 U1117 U1093 U1004 U1035 U1133 U1030 U1100
132925: U1024 U1019 U1071 U1101 U1054 U1016 U1104 U1006 U1033 U1049 U1073 U1132 U1002 U1045 U1086 U1090 U1116 U1029 U1022 U1001 U1036 U1009 U1108 U1055 U1027 U1056 U1089 U1032 U1136 U1075 U1134 U1122 U1078 U1053 U1091 U1013 U1135 U1137 U1098 U1126 U1099 U1084 U1005 U1088 U1096 U1097 U1128 U1034 U1061 U1092 U1105 U1046 U1125 U1114 U1010 U1003 U1048 U1095 U1007 U1062 U1083 U1058 U1115 U1124 U1085 U1008 U1113 U1081 U1111 U1112 U1018 U1025 U1037 U1015 U1057 U1120 U1109 U1094 U1080 U1014 U1028 U1067 U1068 U1103 U1123 U1087 U1082 U1050 U1069 U1118 U1041 U1059 U1106 U1117 U1093 U1004 U1035 U1133 U1030 U1100
132955: U1034 U1134 U1136 U1048 U1029 U1055 U1108 U1083 U1089 U1009 U1036 U1116 U1002 U1084 U1006 U1033 U1049 U1073 U1132 U1045 U1086 U1090 U1027 U1122 U1104 U1001 U1114 U1032 U1013 U1016 U1024 U1054 U1019 U1101 U1071 U1095 U1053 U1056 U1128 U1022 U1010 U1062 U1078 U1075 U1099 U1098 U1091 U1005 U1135 U1137 U1105 U1092 U1058 U1126 U1088 U1003 U1096 U1097 U1125 U1061 U1046 U1007 U1115 U1008 U1085 U1124 U1081 U1113 U1111 U1112 U1018 U1025 U1015 U1120 U1037 U1057 U1109 U1094 U1080 U1014 U1028 U1067 U1068 U1103 U1123 U1087 U1082 U1050 U1069 U1118 U1041 U1059 U1106 U1117 U1093 U1004 U1035 U1133 U1030 U1100
134983: U1118 U1041 U1106 U1117 U1093 U1004 U1035 U1030 U1133 U1059 U1100 U1069 U1120 U1015 U1025 U1008 U1007 U1003 U1113 U1105 U1124 U1111 U1112 U1115 U1092 U1037 U1061 U1046 U1088 U1097 U1096 U1137 U1126 U1022 U1001 U1091 U1055 U1108 U1104 U1101 U1054 U1019 U1006 U1033 U1049 U1073 U1132 U1002 U1071 U1024 U1034 U1016 U1029 U1135 U1083 U1136 U1075 U1134 U1045 U1116 U1086 U1090 U1018 U1048 U1078 U1009 U1036 U1057 U1056 U1027 U1089 U1032 U1005 U1098 U1122 U1085 U1053 U1099 U1125 U1013 U1084 U1081 U1128 U1114 U1095 U1010 U1062 U1058 U1109 U1094 U1080 U1014 U1103 U1067 U1068 U1028 U1082 U1123 U1087 U1050
134999: U1106 U1093 U1118 U1004 U1117 U1041 U1030 U1133 U1035 U1059 U1100 U1069 U1120 U1015 U1025 U1008 U1007 U1003 U1113 U1105 U1124 U1111 U1112 U1115 U1092 U1037 U1061 U1046 U1088 U1097 U1096 U1137 U1126 U1022 U1001 U1091 U1055 U1108 U1104 U1101 U1054 U1019 U1006 U1033 U1049 U1073 U1132 U1002 U1071 U1024 U1034 U1016 U1135 U1029 U1083 U1136 U1075 U1134 U1045 U1116 U1086 U1090 U1018 U1048 U1078 U1057 U1009 U1036 U1056 U1027 U1089 U1032 U1005 U1098 U1122 U1085 U1053 U1099 U1125 U1013 U1084 U1081 U1128 U1114 U1095 U1010 U1062 U1058 U1109 U1094 U1080 U1014 U1103 U1067 U1068 U1028 U1082 U1123 U1087 U1050
135034: U1048 U1034 U1083 U1134 U1136 U1055 U1108 U1029 U1089 U1009 U1084 U1036 U1002 U1006 U1033 U1049 U1073 U1132 U1116 U1114 U1045 U1086 U1090 U1095 U1001 U1122 U1027 U1104 U1013 U1032 U1016 U1054 U1024 U1101 U1019 U1071 U1053 U1056 U1128 U1022 U1010 U1062 U1078 U1075 U1099 U1098 U1105 U1091 U1092 U1137 U1005 U1003 U1135 U1058 U1126 U1088 U1096 U1097 U1061 U1125 U1007 U1046 U1008 U1115 U1124 U1085 U1081 U1113 U1111 U1112 U1025 U1018 U1015 U1120 U1037 U1057 U1109 U1094 U1080 U1014 U1028 U1067 U1068 U1103 U1123 U1087 U1082 U1050 U1069 U1118 U1041 U1059 U1106 U1117 U1093 U1004 U1035 U1133 U1030 U1100
135049: U1083 U1048 U1034 U1134 U1136 U1055 U1108 U1029 U1089 U1009 U1084 U1036 U1002 U1114 U1006 U1033 U1049 U1073 U1132 U1116 U1095 U1001 U1045 U1086 U1090 U1122 U1104 U1027 U1013 U1032 U1054 U1016 U1101 U1024 U1019 U1071 U1053 U1056 U1022 U1128 U1010 U1062 U1078 U1075 U1099 U1105 U1092 U1091 U1098 U1003 U1137 U1005 U1135 U1058 U1088 U1126 U1096 U1097 U1061 U1007 U1125 U1046 U1008 U1115 U1124 U1085 U1113 U1081 U1111 U1112 U1025 U1015 U1120 U1018 U1037 U1057 U1109 U1094 U1080 U1014 U1028 U1067 U1068 U1103 U1123 U1087 U1082 U1050 U1069 U1118 U1041 U1059 U1106 U1117 U1093 U1004 U1035 U1133 U1030 U1100
132560: U1082 U1087 U1103 U1067 U1068 U1123 U1028 U1014 U1050 U1080 U1094 U1057 U1018 U1081 U1085 U1037 U1109 U1125 U1111 U1112 U1005 U1113 U1058 U1135 U1098 U1015 U1124 U1115 U1099 U1025 U1120 U1126 U1046 U1078 U1075 U1091 U1096 U1097 U1061 U1088 U1137 U1008 U1056 U1128 U1010 U1062 U1053 U1032 U1022 U1013 U1071 U1016 U1027 U1122 U1019 U1024 U1007 U1101 U1092 U1054 U1090 U1086 U1045 U1036 U1003 U1116 U1104 U1089 U1009 U1084 U1105 U1006 U1033 U1049 U1073 U1132 U1002 U1114 U1029 U1095 U1001 U1108 U1055 U1136 U1134 U1034 U1048 U1083 U1069 U1059 U1118 U1041 U1106 U1133 U1100 U1117 U1093 U1004 U1030 U1035
