X side (papers indices) preferences over Y (reviewers indices):
1: 61 183 99 230 300 37 295 182 152 40 104 195 207 248 60 50 192 70 71 189 161 2 199 255 87 97 256 216 151 268 210 34 201 221 215 25 110 134 72 274 54 171 244 260 128 202 194 77 115 164 286 84 7 237 261 262 129 133 73 111 144 116 39 187 196 100 165 228 203 29 287 65 200 265 130 271 19 175 31 21 93 174 212 123 66 292 139 121 138 252 224 5 148 32 58 181 102 218 281 246 41 266 22 64 103 6 234 249 168 273 75 269 15 55 106 62 1 118 293 49 283 162 92 240 38 267 56 119 280 30 233 239 18 158 83 226 242 222 172 81 63 217 278 36 296 197 142 16 223 122 147 33 124 98 243 154 88 12 227 113 285 136 205 141 173 180 78 254 213 109 190 153 108 178 297 179 289 145 214 94 9 191 241 185 85 76 96 209 35 51 263 23 186 157 26 126 251 69 74 150 131 250 272 117 220 44 48 290 3 279 53 105 211 259 143 79 284 112 82 294 193 188 80 238 247 167 235 46 159 67 163 43 156 4 17 160 86 11 169 206 258 146 52 245 282 149 14 176 232 114 57 204 59 264 229 24 219 120 275 170 140 155 236 276 107 91 277 47 184 177 28 27 288 89 8 135 231 45 299 257 253 166 137 95 208 132 225 198 90 42 68 10 13 127 101 298 270 20 291 125
2: 300 70 104 152 61 99 189 2 71 60 50 248 183 295 195 40 37 192 230 207 161 182 221 142 258 51 22 55 47 274 242 57 268 247 134 186 144 227 89 53 28 20 176 1 91 8 11 151 145 16 285 24 296 35 21 46 30 10 36 179 185 282 291 255 119 265 138 80 3 216 283 149 270 266 241 111 38 23 31 276 29 140 294 9 105 41 33 259 224 15 254 130 236 157 180 213 226 184 215 112 129 239 188 73 26 273 280 81 72 147 249 68 271 169 297 235 124 178 168 251 196 246 90 113 74 232 141 77 127 225 223 206 49 156 269 109 122 252 159 201 18 92 146 288 238 63 190 256 143 177 4 98 66 204 233 94 150 172 165 220 277 52 158 135 108 64 263 148 125 278 118 153 103 199 100 287 208 39 139 101 193 279 272 97 261 132 88 175 187 173 121 84 171 17 197 85 203 65 181 214 210 289 262 75 222 260 264 110 27 78 45 212 164 79 62 245 83 7 93 82 86 96 162 48 298 160 163 275 281 32 58 154 67 217 13 137 155 117 126 286 167 42 114 191 234 102 293 211 12 174 228 115 123 44 292 56 133 106 237 198 19 5 166 200 6 87 231 257 54 240 59 243 34 131 267 14 253 284 107 218 250 120 76 170 209 136 194 290 205 202 244 25 116 43 229 219 299 128 69 95
3: 152 230 161 2 183 300 61 189 207 192 182 70 71 50 99 248 195 40 295 37 60 104 126 204 256 63 177 73 155 225 187 31 41 170 240 122 125 78 146 113 53 198 98 166 94 191 255 133 178 278 102 264 285 193 231 47 261 251 275 45 194 72 246 142 245 244 294 123 186 181 103 55 224 200 147 221 284 266 8 272 67 196 95 217 65 26 163 250 4 130 107 257 17 219 77 30 235 249 90 220 91 19 112 168 214 43 263 144 242 11 5 111 93 286 127 141 223 97 81 156 237 132 243 101 6 291 136 260 254 58 162 96 75 276 76 171 66 87 229 290 203 135 13 124 48 299 215 108 271 42 175 209 174 148 165 100 210 157 25 39 270 15 233 32 69 154 184 199 228 114 226 115 137 46 7 205 3 29 297 54 14 131 239 49 179 280 234 211 149 92 86 262 288 232 167 258 118 16 292 197 158 236 153 56 222 296 190 247 268 160 139 289 208 241 140 18 143 151 119 212 150 106 12 74 62 202 267 88 109 145 33 201 185 20 128 282 281 21 120 293 188 277 172 298 216 89 36 68 10 28 80 79 164 35 23 213 159 27 51 134 83 273 105 173 287 82 238 206 269 279 44 110 169 22 24 64 180 34 259 176 9 121 138 1 116 274 84 57 253 59 52 265 218 129 117 227 252 38 283 85
4: 104 99 70 161 152 50 207 60 61 248 37 189 183 295 2 40 182 71 230 195 300 192 170 1 52 3 222 36 208 53 49 155 47 95 78 87 149 64 227 191 287 299 38 74 12 24 126 82 68 235 123 206 288 284 128 100 176 109 216 221 22 281 298 193 39 228 41 73 63 223 197 220 43 282 54 296 14 56 136 115 151 145 247 178 120 218 259 205 32 276 44 241 143 8 86 89 141 196 29 51 246 20 179 291 279 231 175 159 7 102 263 19 253 85 265 204 188 111 255 133 21 4 213 177 25 225 112 17 239 167 23 18 297 252 224 164 15 10 173 209 268 113 199 62 28 211 289 219 290 236 6 118 200 69 198 168 103 35 58 171 142 153 146 148 280 11 80 160 93 264 256 42 157 144 154 59 110 172 84 184 181 98 257 27 261 187 243 88 292 185 91 76 94 158 237 106 267 278 97 245 217 55 105 203 16 210 244 233 45 201 124 274 169 138 232 26 79 75 270 31 13 262 166 5 258 254 229 273 131 116 137 66 214 122 242 180 212 271 121 107 277 33 132 139 251 90 190 125 129 238 48 77 272 83 34 130 117 202 108 293 46 260 147 65 215 101 174 92 81 186 194 30 249 163 162 283 119 165 72 156 250 140 9 266 150 285 96 240 226 134 67 114 294 286 135 57 275 269 234 127
5: 295 207 182 195 300 248 104 183 50 152 60 71 70 99 40 2 61 189 161 37 230 192 293 178 256 223 148 228 219 271 93 153 296 113 147 170 97 254 181 274 30 87 13 167 64 55 269 267 122 159 88 291 263 48 34 49 163 162 1 118 121 145 46 129 187 103 280 16 154 17 240 101 246 57 131 143 155 276 204 54 100 184 79 231 262 242 25 235 130 120 125 165 22 28 27 259 139 268 236 233 15 197 277 85 66 190 94 188 244 288 105 83 135 102 217 284 86 23 58 80 107 158 298 227 32 245 234 35 33 214 286 279 21 78 208 96 3 90 31 160 53 224 196 239 281 257 141 198 106 221 4 72 275 255 210 10 12 42 222 51 67 176 273 272 26 114 226 144 243 52 149 249 205 44 172 56 140 29 191 137 38 133 169 213 287 108 203 216 134 76 5 95 225 270 151 127 179 74 266 146 299 110 109 261 292 289 92 173 14 232 65 7 77 124 89 8 237 264 59 282 43 6 98 142 285 39 201 250 200 186 164 138 84 75 150 294 166 194 229 258 157 69 211 215 136 18 177 115 171 112 252 20 260 111 24 241 68 9 132 128 73 36 168 19 212 91 156 185 116 126 265 11 199 206 63 119 82 218 283 193 278 117 47 297 220 81 247 62 45 41 175 202 238 251 290 253 123 180 174 209
6: 71 161 2 37 60 189 182 192 207 104 295 40 300 50 61 99 195 152 183 230 70 248 65 30 206 184 281 217 135 187 268 224 80 120 283 14 237 159 101 90 191 275 294 49 245 32 256 82 91 46 172 166 76 246 148 134 35 47 170 92 41 106 233 210 108 69 282 214 122 284 219 276 51 56 225 5 77 8 226 244 259 68 114 174 153 16 247 23 133 173 220 228 260 66 132 287 48 88 212 272 262 242 221 123 235 185 74 1 13 279 216 252 103 167 113 20 261 72 111 78 116 94 231 118 232 297 146 204 62 263 4 130 201 105 12 298 218 229 151 227 112 17 177 11 107 26 138 266 58 179 95 45 293 169 98 211 18 67 253 202 155 194 52 160 181 24 156 154 117 165 33 128 121 291 223 199 168 140 200 36 73 29 38 289 127 81 171 115 243 176 19 188 25 145 10 280 15 137 59 215 9 175 258 163 274 43 288 89 75 257 190 209 198 203 150 251 87 42 139 273 254 240 131 64 157 97 213 208 269 124 285 144 119 270 286 31 277 141 27 28 290 93 21 147 142 265 299 267 162 250 271 129 292 54 193 178 264 79 255 100 86 205 149 102 85 241 234 3 55 249 296 197 136 96 84 34 278 53 186 22 238 143 39 63 180 125 7 44 126 83 164 110 196 6 236 109 222 57 158 239
7: 40 300 60 207 248 61 71 195 152 99 2 183 192 70 161 189 295 50 230 104 182 37 255 30 136 147 42 270 144 212 228 292 16 34 253 250 72 206 213 45 172 252 24 33 12 280 137 139 10 35 234 29 87 260 226 273 25 208 19 150 83 178 27 13 36 242 103 149 190 59 46 222 235 272 286 168 291 130 194 175 121 127 225 296 55 215 262 7 142 177 143 244 57 102 220 93 131 186 54 160 173 237 245 128 23 74 298 5 224 106 84 184 77 289 240 165 198 214 64 153 202 288 76 155 233 18 145 293 209 89 94 258 241 197 118 281 132 21 112 38 56 108 276 227 246 229 261 9 96 110 166 43 154 98 158 22 264 167 1 159 115 62 123 267 120 111 82 287 268 211 32 44 294 299 247 256 14 221 97 271 47 126 51 124 122 105 210 146 176 282 217 95 275 4 141 11 81 187 31 129 148 263 285 219 151 274 265 156 170 134 249 284 114 67 17 199 196 216 85 80 73 200 223 204 164 88 193 41 171 239 266 69 279 290 52 68 169 101 231 257 188 277 203 90 100 180 117 259 232 15 48 238 243 53 65 157 28 58 26 297 92 283 113 218 278 201 66 91 79 86 254 116 174 49 39 181 6 269 236 119 20 63 107 138 135 78 109 205 125 191 3 185 133 140 163 179 251 75 8 162
8: 104 207 99 161 248 70 71 60 183 37 189 2 300 295 152 192 230 182 40 195 61 50 43 90 265 225 142 26 93 169 176 229 175 246 76 270 191 172 6 107 74 211 31 141 140 86 216 66 287 65 292 168 48 261 46 5 299 10 96 84 197 167 28 259 284 30 164 113 198 214 205 58 101 239 98 220 8 49 88 228 283 78 119 91 204 114 79 117 193 12 281 256 178 196 212 45 109 226 263 29 7 17 110 203 221 47 262 223 274 294 218 118 201 156 163 112 16 18 277 296 134 157 187 279 240 77 297 235 180 236 143 59 42 186 72 269 129 52 22 190 188 213 1 217 24 62 293 36 234 233 210 14 92 241 56 200 148 179 105 20 19 253 208 254 67 290 251 128 237 194 255 95 150 57 275 108 151 245 9 199 130 41 272 209 227 80 39 100 184 238 85 280 138 136 145 51 15 124 215 106 222 132 298 242 97 166 162 87 165 289 135 171 257 120 75 174 250 123 160 147 258 137 177 25 103 125 38 291 232 154 155 266 181 202 83 271 11 44 64 252 282 173 278 158 35 127 288 273 267 55 144 264 82 268 116 34 249 89 146 170 126 247 260 185 32 159 121 244 286 33 133 111 219 139 115 81 153 69 206 149 285 3 53 94 68 224 63 4 73 102 276 131 243 27 23 231 54 13 21 122
9: 70 50 182 183 60 99 2 248 195 189 192 71 104 207 295 61 40 152 300 161 230 37 19 62 67 185 94 57 172 228 88 227 30 202 91 145 221 236 278 115 113 229 151 93 156 220 286 180 109 95 97 231 196 87 142 212 265 35 260 59 100 130 51 53 171 65 29 1 256 289 243 92 139 280 284 210 68 118 287 237 46 235 101 39 199 217 45 272 273 119 120 177 264 191 281 55 292 73 275 84 163 276 160 263 170 10 17 211 147 33 234 136 261 168 89 102 122 213 162 153 149 18 16 259 108 74 245 251 4 270 209 208 225 200 132 293 232 298 133 20 47 56 82 42 250 257 125 187 226 279 215 111 254 11 216 244 31 246 297 224 32 222 21 103 36 134 165 140 121 44 269 107 24 63 143 190 66 268 127 173 12 34 247 106 194 158 258 201 14 176 155 114 299 52 233 296 26 123 80 72 64 135 131 116 83 23 203 179 253 271 159 8 214 3 218 85 81 112 252 205 41 290 285 105 129 86 240 154 98 69 167 126 128 78 77 255 146 15 9 43 282 75 157 277 150 193 186 22 204 76 13 181 28 6 184 166 174 148 283 96 141 274 7 49 48 223 178 58 198 138 90 110 197 267 5 206 249 294 175 239 262 291 124 242 79 266 219 25 137 54 241 38 288 238 27 169 188 117 164 144
10: 99 230 295 195 207 248 189 71 152 40 2 61 70 300 50 182 161 183 37 104 60 192 190 65 198 266 187 117 173 216 128 278 28 73 191 294 252 271 267 81 249 239 29 55 263 264 247 212 241 274 12 254 68 270 226 196 235 209 15 178 142 139 25 46 69 184 284 280 168 157 217 54 7 238 13 58 200 237 204 33 231 53 203 109 127 143 106 130 149 77 136 27 124 171 85 201 172 255 174 92 185 236 44 47 121 276 16 87 293 262 59 3 20 229 66 282 86 211 208 107 253 260 105 115 57 193 250 133 283 170 132 159 269 206 42 257 234 93 134 148 79 273 38 213 214 35 14 163 298 176 98 188 224 169 114 5 179 24 43 296 218 63 220 177 9 96 31 41 123 146 120 285 140 80 17 19 162 97 119 242 150 265 180 292 10 297 240 23 72 131 175 113 202 52 144 110 34 232 18 88 84 219 101 259 39 244 32 156 165 89 21 194 286 102 83 116 135 289 122 287 112 160 48 8 62 277 82 51 222 4 256 272 199 223 154 100 91 227 167 45 215 155 181 26 205 258 251 153 147 279 95 246 94 11 275 125 166 245 76 129 228 141 261 103 290 1 299 243 75 67 111 221 281 74 22 78 90 30 288 138 164 64 186 197 6 145 108 158 268 118 151 210 233 137 126 36 49 56 291 225
11: 192 300 207 161 2 182 99 248 70 189 71 295 60 152 50 230 40 195 61 37 183 104 253 98 236 96 91 151 92 69 216 199 9 292 21 119 120 140 177 103 209 102 265 81 84 245 15 141 241 23 136 294 56 78 170 270 110 188 149 296 162 76 290 1 238 200 169 288 6 268 48 229 72 269 36 174 100 173 153 224 159 180 163 73 143 93 275 246 214 247 85 284 111 264 206 244 276 118 89 64 193 139 282 160 13 30 261 29 251 82 240 258 178 28 147 134 194 3 250 278 202 86 223 266 65 228 41 52 249 252 201 210 231 156 217 237 112 87 18 232 129 133 211 42 186 17 117 291 198 259 35 121 14 54 68 124 75 263 113 164 227 267 167 181 83 146 51 128 19 79 77 289 222 109 176 58 97 39 218 95 114 74 255 155 115 126 204 106 225 256 105 196 127 297 219 12 185 57 38 281 190 220 125 67 279 137 285 107 8 166 49 283 215 144 242 233 298 7 287 46 123 32 145 108 131 179 154 203 62 31 59 239 286 254 274 101 213 221 175 138 33 262 158 26 43 172 27 260 157 55 277 271 187 90 45 11 22 191 197 4 165 24 243 116 132 168 150 273 94 88 234 226 25 122 148 272 16 53 280 66 47 80 10 5 293 235 63 299 34 135 130 257 20 184 171 44 142 205 208 212
12: 50 71 300 195 189 295 61 248 182 37 207 230 40 161 104 99 2 60 183 152 192 70 119 191 285 178 165 290 201 25 241 289 143 266 226 55 153 271 105 253 260 275 167 56 286 109 5 52 49 282 138 67 197 298 210 132 196 146 272 164 261 110 32 89 240 43 140 157 126 208 147 149 256 9 263 175 18 20 287 16 237 130 128 278 46 59 115 249 91 257 235 8 299 173 100 244 297 294 151 81 75 163 158 174 34 187 108 225 179 111 133 85 72 184 84 265 234 73 214 65 148 193 204 13 23 11 82 35 137 232 221 22 251 87 220 281 47 156 62 262 41 277 176 4 177 231 190 217 78 69 269 98 181 243 114 223 274 283 268 213 103 199 19 10 273 79 233 121 6 255 291 264 209 211 136 76 155 259 293 216 169 3 24 57 205 142 254 280 145 188 284 26 77 160 29 64 227 53 135 186 38 51 239 180 48 106 31 7 172 127 222 83 296 44 120 101 242 45 125 288 15 144 86 97 171 117 68 36 185 200 206 118 58 229 203 238 224 96 28 95 33 54 252 141 159 276 12 123 134 63 17 42 246 154 194 80 112 247 1 88 267 292 166 39 279 212 92 236 93 150 168 258 250 94 90 215 116 122 129 139 219 113 21 198 228 202 270 170 131 245 124 102 27 66 162 74 30 14 107 218
13: 152 50 60 40 61 189 195 207 248 300 161 99 295 182 183 230 70 104 2 71 192 37 277 110 222 7 112 149 53 299 69 191 119 9 52 138 198 297 136 205 123 88 221 176 122 194 62 127 274 116 208 235 133 265 253 144 42 261 219 220 290 22 260 20 250 33 215 111 128 38 23 291 130 218 47 159 178 46 94 59 68 150 279 143 282 181 172 65 36 108 29 19 153 43 41 283 252 196 228 83 63 148 174 11 34 72 120 193 168 6 142 27 114 17 49 289 90 184 298 232 8 64 151 211 170 1 165 3 118 58 234 171 238 89 292 117 259 67 203 273 173 240 80 271 92 16 241 44 160 78 200 199 55 257 275 224 66 190 276 125 263 139 147 204 101 169 186 109 24 294 135 75 212 286 269 10 288 91 229 15 185 278 285 254 223 155 237 115 131 249 166 77 244 145 18 100 210 272 287 188 164 51 124 76 129 197 280 242 106 255 93 14 5 209 105 156 82 86 12 121 95 236 243 54 239 256 206 179 35 284 225 4 48 31 21 126 264 163 81 57 32 246 45 162 281 247 103 214 96 107 28 216 134 73 97 217 296 258 74 137 293 213 30 84 154 85 26 262 187 251 79 231 201 13 177 146 39 233 227 102 157 180 266 267 175 98 226 141 158 87 132 270 25 268 167 56 113 140 202 245
14: 182 230 99 248 192 40 189 183 104 60 152 300 50 161 207 2 70 295 37 71 61 195 204 247 73 288 292 14 235 171 217 239 64 251 265 228 187 260 221 175 278 293 215 267 9 29 289 106 263 127 231 271 290 32 74 91 125 158 142 26 19 53 254 76 214 18 105 258 79 188 232 47 193 229 114 298 78 115 131 149 205 107 237 282 119 238 147 160 118 210 157 270 83 48 68 44 185 130 169 156 16 162 168 120 234 136 266 146 279 257 280 69 81 159 135 23 25 140 108 246 58 286 275 97 281 219 35 77 196 65 186 86 117 242 208 132 296 222 233 56 66 236 167 21 283 112 109 17 184 209 27 252 30 197 92 100 36 268 287 291 4 33 1 150 285 102 34 49 299 123 261 96 11 241 240 12 85 72 190 176 143 93 148 128 224 165 88 181 116 28 110 151 6 144 24 138 43 10 262 206 31 216 155 84 166 15 137 250 154 227 194 213 126 294 218 145 264 82 20 223 62 153 141 274 255 201 124 198 46 249 87 113 178 3 164 41 51 272 8 273 90 191 269 220 129 42 80 63 22 75 199 38 163 52 57 170 203 276 139 94 174 122 103 45 133 101 244 89 277 225 121 95 256 173 212 179 39 259 226 211 245 177 5 297 13 111 55 7 284 59 98 180 200 243 54 67 253 134 172 202
15: 230 152 182 104 50 71 40 207 161 183 2 300 70 295 189 60 195 99 248 37 61 192 206 263 41 271 5 130 134 97 64 36 211 158 103 237 59 262 157 291 177 280 74 242 118 109 63 243 94 127 24 184 42 84 153 210 217 124 290 219 218 52 80 178 38 274 146 205 268 208 251 272 45 254 69 213 223 228 221 113 176 273 181 225 170 73 288 101 199 44 198 267 22 6 135 284 277 8 3 179 232 126 102 117 67 91 266 142 240 299 187 139 246 77 82 138 54 235 122 264 190 261 188 18 13 137 256 96 11 66 28 83 48 140 47 167 58 292 15 110 131 145 194 141 229 238 43 1 20 202 72 281 159 53 129 255 231 17 215 155 227 7 55 93 133 224 147 275 282 33 174 98 166 49 112 168 171 75 34 172 165 23 257 297 19 148 95 57 278 287 144 154 203 81 56 209 12 128 247 234 88 233 204 143 119 150 46 283 162 89 186 76 180 121 25 249 289 132 92 31 197 90 296 173 115 149 14 239 222 120 175 16 32 200 270 163 29 87 244 10 21 65 241 276 216 285 191 286 185 26 136 39 4 68 79 106 169 86 259 116 294 201 35 78 279 123 27 269 220 62 250 245 107 196 30 260 258 114 105 214 85 293 108 51 265 212 193 236 253 226 125 111 100 9 160 252 156 164 298 151
16: 295 192 37 61 104 183 230 248 71 300 189 50 99 70 60 161 182 40 152 195 2 207 74 97 78 190 94 261 242 296 282 90 276 52 203 51 42 298 34 204 250 88 108 181 119 299 283 127 272 266 68 265 21 139 205 138 238 245 236 290 3 101 200 234 26 19 124 46 103 206 196 136 267 263 116 39 289 122 227 144 179 4 168 134 87 81 199 176 120 153 130 218 93 83 54 121 6 45 292 29 220 208 125 67 223 235 7 27 273 141 173 239 15 64 264 278 59 259 228 191 175 13 277 84 32 142 95 128 156 187 222 114 131 126 163 25 85 171 41 107 269 106 12 285 288 148 8 213 55 246 253 57 28 10 293 215 17 96 157 150 167 262 11 36 172 23 217 66 249 210 91 155 75 193 82 184 137 43 62 118 165 92 160 255 154 232 9 145 275 241 198 80 44 113 31 65 111 76 258 185 135 257 72 254 284 79 180 14 186 244 77 291 146 98 129 159 226 270 105 233 47 216 30 89 58 252 177 280 5 260 115 240 279 140 158 100 151 86 212 35 286 214 22 197 174 56 247 1 123 225 69 73 256 109 281 271 149 194 297 219 287 112 294 170 169 20 201 209 16 63 243 24 53 117 274 166 162 38 132 178 33 49 18 133 202 229 164 224 147 48 110 268 188 211 102 251 237 221 143 231
17: 2 295 104 248 71 192 189 207 60 183 61 300 161 70 230 50 195 182 40 99 152 37 216 68 199 43 190 194 47 262 209 259 277 114 296 91 193 12 14 171 46 289 159 238 283 118 103 13 243 257 139 8 5 62 294 122 48 268 136 155 33 214 264 157 249 86 79 66 150 215 256 239 112 224 167 63 281 246 16 90 282 292 127 117 7 38 19 44 269 59 42 55 290 188 6 251 299 231 88 105 98 124 31 208 270 92 185 181 102 165 27 25 229 255 297 237 163 156 120 153 240 220 204 74 242 263 129 212 133 148 232 82 186 20 58 164 196 30 145 267 166 97 141 170 265 22 119 202 219 72 149 1 178 147 137 244 253 198 184 110 291 64 203 69 84 73 113 226 29 287 274 205 34 49 191 286 241 28 142 80 135 51 169 100 276 87 65 95 108 128 284 11 177 81 125 217 9 247 273 94 41 10 143 53 77 266 111 116 56 175 115 32 174 109 26 200 258 236 245 218 235 227 4 197 252 271 57 126 225 78 279 250 173 158 179 76 223 260 15 21 134 101 52 146 140 275 24 23 278 254 132 222 36 288 18 206 96 123 162 168 234 121 293 85 35 93 180 298 131 201 106 3 213 130 107 89 280 187 17 172 144 176 45 83 75 160 151 67 54 154 272 261 233 285 211 39 221 228 138 210
18: 300 60 70 295 99 40 183 195 152 104 2 207 230 61 192 37 161 71 50 248 189 182 173 274 245 181 147 212 211 143 203 96 55 233 220 116 141 271 4 108 297 170 237 139 127 15 216 126 75 158 267 157 68 255 251 197 171 47 114 155 86 51 125 119 59 246 262 266 234 223 87 90 186 74 103 101 213 227 120 275 82 56 283 289 238 288 219 280 231 210 239 178 1 52 64 292 205 31 154 160 264 72 48 208 5 63 136 299 53 174 73 106 166 123 11 89 282 278 128 222 247 25 94 69 49 35 83 187 45 6 46 111 259 100 196 134 13 109 138 204 240 113 191 95 201 165 54 91 290 132 10 26 229 190 250 199 273 122 179 110 265 78 167 293 242 218 39 228 8 57 65 214 112 80 185 62 76 298 261 20 277 180 102 142 43 188 232 184 93 200 148 92 286 133 169 97 163 164 291 121 151 202 156 193 79 28 281 144 226 268 98 36 88 16 19 29 162 137 224 12 14 140 287 150 235 32 254 252 18 23 263 33 276 198 105 159 66 67 279 27 135 17 168 194 44 115 258 81 243 285 172 272 260 22 131 130 294 270 209 30 175 253 58 38 149 84 21 284 206 257 118 41 85 124 145 217 7 269 249 215 221 107 176 34 117 241 42 153 225 244 9 236 77 177 24 256 296 146 3 129
19: 37 195 207 99 61 161 192 295 70 182 104 50 230 248 71 152 183 189 40 300 60 2 141 178 181 282 298 240 46 114 111 5 65 102 221 94 34 216 51 106 87 69 276 253 154 53 7 159 3 77 91 56 44 84 124 47 258 274 292 151 269 8 41 299 288 198 97 184 36 139 24 103 170 177 209 147 249 175 173 238 166 185 294 144 255 223 98 265 200 14 210 234 57 74 117 186 231 250 15 252 268 129 16 259 280 132 78 39 90 123 48 211 285 20 239 1 108 179 150 263 23 243 148 88 235 35 43 12 157 206 118 245 76 86 213 52 38 4 128 110 281 125 222 199 296 217 293 187 133 260 169 17 153 92 81 105 45 193 22 136 100 232 113 138 228 214 93 220 172 72 68 95 134 202 256 273 241 158 272 116 289 149 167 277 140 28 83 67 194 96 247 6 55 176 208 191 215 109 13 278 121 62 270 126 107 224 291 19 188 9 63 266 261 264 180 58 137 165 246 30 236 54 10 89 66 49 82 226 271 174 29 233 75 212 283 262 18 237 131 31 122 219 21 204 119 242 254 163 290 168 297 59 85 275 73 156 190 130 287 279 162 42 284 146 227 257 171 27 79 197 11 267 26 229 33 112 205 127 115 80 135 64 286 143 164 160 251 244 145 196 120 218 142 155 32 201 25 203 225 101
20: 182 248 104 152 192 50 60 40 195 70 189 2 71 183 37 99 300 207 230 61 295 161 3 281 233 246 77 188 17 228 155 146 237 120 83 111 270 31 130 57 102 65 187 219 81 208 174 252 220 196 109 239 52 274 106 12 67 62 297 116 229 44 128 286 245 39 1 223 293 138 201 156 5 263 271 262 25 103 236 234 101 24 59 46 142 43 147 20 249 256 283 85 181 8 63 30 7 231 153 255 96 75 184 38 114 137 289 157 194 277 89 97 66 213 158 273 34 134 125 131 205 49 287 118 100 218 136 13 4 241 206 284 82 11 292 15 285 191 166 265 73 28 254 260 198 58 121 171 211 98 22 94 117 291 215 176 115 276 93 145 36 23 80 288 244 185 272 19 48 266 178 107 150 42 26 202 212 139 232 124 193 55 238 275 253 132 251 45 175 200 259 170 225 47 224 69 221 149 87 227 123 92 169 133 53 10 135 179 296 217 168 162 199 140 264 173 33 119 126 186 235 110 154 226 6 209 280 90 113 56 88 269 164 144 9 278 27 78 160 129 86 84 243 76 216 258 165 72 143 151 299 294 172 159 14 222 190 177 240 197 257 298 32 122 141 163 95 290 279 79 68 112 203 35 250 214 242 108 51 74 282 247 105 91 127 204 64 148 261 18 167 21 54 267 41 210 29 16 180 268
21: 182 2 99 50 189 161 37 70 104 40 300 183 230 295 195 192 60 61 248 152 71 207 140 281 156 260 116 151 229 129 153 101 226 109 199 86 85 6 150 43 78 202 27 247 256 80 32 237 48 13 254 209 197 56 133 222 275 84 286 136 277 158 233 34 14 21 42 47 54 264 296 290 293 69 191 164 276 63 77 65 172 190 8 269 120 66 38 76 11 284 235 90 159 214 52 105 211 121 258 62 18 17 219 15 184 138 181 266 217 75 193 243 218 144 294 245 165 176 186 227 271 33 168 127 49 155 246 148 107 259 162 20 94 263 220 92 255 122 208 131 198 12 298 100 278 36 5 35 23 7 223 268 89 175 274 225 141 212 194 215 25 170 44 221 167 137 291 253 206 130 108 143 273 297 201 1 169 282 147 166 224 262 203 112 261 205 24 106 272 46 241 3 111 228 82 242 234 87 240 196 51 238 26 270 154 250 288 267 124 252 204 128 45 249 210 16 132 4 279 126 98 171 160 163 257 73 174 244 91 114 58 283 55 30 96 113 103 292 79 299 97 134 31 81 9 110 139 88 29 185 146 57 119 177 213 59 117 157 72 125 39 115 118 216 173 68 142 28 149 265 178 93 102 239 187 19 287 10 285 83 145 64 188 41 135 180 289 74 179 280 232 67 123 200 53 231 236 251 95 22
22: 183 70 295 60 99 182 40 248 152 50 161 189 71 300 2 61 195 192 207 37 104 230 244 217 294 281 124 191 88 166 255 246 105 53 98 10 115 73 94 186 200 65 109 139 245 13 100 74 260 272 187 204 131 122 243 226 190 279 130 76 184 133 261 274 144 269 59 119 137 7 210 56 120 215 284 52 169 107 142 270 167 28 72 177 146 32 138 127 103 145 151 117 79 49 178 286 171 158 111 211 16 134 282 3 168 276 83 271 11 237 174 69 66 202 143 102 208 235 298 236 292 6 193 147 233 110 176 234 170 24 228 97 219 206 108 63 285 188 44 33 156 132 157 19 1 251 225 15 275 106 150 58 35 216 247 91 81 257 8 18 42 256 113 14 264 20 165 148 259 213 92 54 299 173 140 12 41 229 205 153 89 293 43 26 203 17 196 96 85 220 180 141 31 221 135 36 160 253 123 82 121 93 254 227 199 21 62 101 116 297 149 241 80 232 172 27 263 95 280 162 278 114 252 25 223 212 218 273 277 224 175 258 291 197 48 34 238 125 90 250 75 39 112 77 84 128 242 289 185 9 129 30 179 38 209 181 4 51 87 194 46 164 283 23 288 22 222 86 265 67 47 159 231 262 214 268 78 118 201 266 68 239 64 126 198 57 163 29 240 287 155 249 267 296 45 290 136 154 55 5
23: 183 50 2 99 71 61 40 182 207 70 37 192 195 189 161 300 295 60 230 152 104 248 238 146 13 156 36 127 142 54 172 222 42 33 26 38 273 205 265 279 214 94 98 247 201 10 20 74 243 258 120 133 128 278 141 5 55 174 157 57 184 289 1 228 217 268 27 178 223 30 246 274 194 79 294 66 227 226 163 272 59 292 18 78 299 231 131 185 225 41 284 196 221 264 171 140 149 261 87 68 22 23 193 19 148 224 124 263 232 115 108 31 218 62 160 159 286 46 181 277 90 162 125 229 145 251 80 271 235 132 216 143 186 34 191 25 122 11 175 12 15 177 43 109 76 187 135 197 14 91 100 262 72 8 283 296 113 89 204 64 73 144 190 95 139 75 167 203 173 85 166 267 123 32 282 290 266 93 81 65 250 82 106 77 198 202 16 237 291 52 150 24 118 51 298 147 244 256 206 211 84 255 215 287 39 47 199 67 239 151 165 121 101 220 281 188 92 209 9 259 126 254 111 110 293 212 86 253 213 44 240 158 176 234 210 164 129 130 117 6 116 53 138 7 169 58 245 280 88 28 170 260 96 288 69 219 233 97 3 252 63 137 114 154 269 105 134 270 276 236 285 107 4 56 297 119 112 29 17 103 49 249 200 48 179 45 102 241 257 275 83 21 168 208 242 155 153 180 136 35
24: 60 182 183 50 189 71 37 195 300 99 161 104 61 40 207 70 230 2 192 295 248 152 146 87 73 269 85 20 124 279 267 257 138 136 17 203 281 122 42 273 38 26 164 201 89 153 154 110 209 255 160 174 186 131 215 219 10 284 277 107 240 125 103 156 211 16 86 6 176 68 11 149 47 206 261 95 270 51 165 169 23 65 3 246 243 135 58 291 83 184 72 57 167 96 98 29 106 128 190 187 208 130 43 49 34 258 97 1 177 30 24 48 80 185 25 265 287 28 90 77 231 212 168 139 283 92 69 151 115 244 288 102 196 162 188 142 198 163 88 292 191 193 297 260 35 63 46 181 271 91 41 114 64 31 116 289 170 119 245 123 157 148 252 282 111 200 166 134 250 276 171 9 84 274 172 173 44 112 210 121 217 299 272 120 4 218 7 237 178 8 140 253 229 251 263 52 33 213 180 294 117 235 247 285 239 268 76 145 137 113 12 78 286 93 159 56 101 232 175 238 236 220 19 228 262 36 147 54 293 82 32 278 94 298 256 118 221 226 100 259 254 179 5 155 133 45 266 242 53 194 199 204 224 21 66 144 14 126 225 150 296 129 127 59 81 158 241 141 202 132 222 74 223 105 62 227 18 264 108 109 22 249 75 234 27 197 79 290 214 143 55 13 67 233 216 205 15 39 275 280
25: 230 207 183 60 37 152 295 40 182 61 300 161 2 189 50 99 104 71 70 195 248 192 263 92 80 9 109 262 274 286 211 1 225 129 88 261 90 86 162 41 256 268 46 142 250 202 56 18 21 287 243 186 98 264 159 265 284 62 198 285 139 249 197 29 34 33 259 118 179 283 158 269 128 280 170 216 254 25 203 163 77 130 187 238 132 23 97 184 6 294 227 108 224 176 244 51 57 22 38 206 81 14 68 3 94 194 79 147 252 19 31 30 205 291 260 66 155 26 15 87 173 120 145 115 133 222 131 160 212 277 49 208 154 273 12 168 119 193 237 134 210 172 106 74 63 67 69 84 148 246 65 24 279 82 76 296 293 196 297 64 53 117 17 290 95 298 11 215 164 85 7 102 177 42 143 91 110 199 175 101 213 20 157 150 253 271 272 191 54 231 96 35 47 32 190 4 10 204 125 245 121 127 226 209 165 281 299 138 181 185 114 257 144 149 235 45 55 100 93 5 73 174 83 122 112 8 275 178 258 223 124 52 153 221 75 220 43 218 288 58 228 201 241 59 200 236 171 166 78 270 278 229 247 36 242 113 214 188 267 141 234 255 123 167 116 151 48 135 105 289 27 111 232 169 146 266 72 140 292 136 180 126 282 89 276 239 217 137 28 233 240 107 251 44 13 156 39 103 219 16
26: 195 295 300 37 60 40 61 192 2 207 50 152 182 99 230 161 70 183 248 189 71 104 54 53 197 258 292 111 128 298 143 105 222 184 90 151 275 16 253 41 103 6 215 190 57 180 162 177 246 119 14 263 168 163 186 110 144 11 136 211 296 225 242 93 265 224 49 285 243 92 174 160 29 264 79 75 102 98 251 82 252 200 233 68 76 55 208 72 217 210 56 166 178 77 245 171 148 52 170 191 83 241 1 124 96 154 234 239 261 131 65 286 34 39 244 107 188 25 173 109 150 108 299 291 7 23 64 88 165 15 117 271 86 122 196 18 220 274 140 294 114 134 74 38 67 204 153 3 194 125 218 141 149 73 66 27 24 205 78 164 283 179 169 118 202 85 21 147 26 257 95 268 137 28 63 62 97 280 5 159 212 12 231 113 247 282 31 209 87 254 17 287 35 236 278 22 94 259 106 47 270 216 100 201 30 281 80 13 48 290 59 172 229 167 129 155 51 187 4 203 176 221 185 255 33 130 262 9 289 193 237 240 277 84 273 146 112 10 45 46 260 272 115 81 126 181 32 175 279 135 297 226 266 267 138 235 69 157 223 19 145 89 276 214 139 116 269 199 121 293 228 42 120 256 20 36 232 198 206 43 132 127 142 219 288 284 158 133 249 44 8 238 123 101 227 213 91 58 156 250
27: 248 182 99 71 2 50 104 40 195 300 230 161 37 295 192 61 189 207 70 60 152 183 233 18 220 181 225 274 258 41 83 3 116 165 259 150 194 34 235 115 227 68 272 273 178 136 114 32 123 96 155 129 49 276 202 158 21 232 245 7 170 290 59 206 275 283 94 9 45 151 67 162 90 234 251 196 140 260 264 286 91 81 174 153 226 39 89 200 95 24 297 217 177 35 23 137 88 277 188 171 112 244 130 73 53 191 250 243 143 134 185 1 4 133 52 147 142 288 214 236 294 298 254 166 187 135 42 144 154 38 119 15 173 79 6 62 141 204 205 25 253 20 269 12 54 267 224 149 247 33 97 66 120 17 157 212 13 219 282 125 289 48 186 222 281 159 131 87 284 111 113 118 132 10 213 255 228 107 101 242 146 102 78 292 266 57 86 127 271 256 169 203 121 268 84 179 156 124 167 14 55 93 237 209 103 190 27 117 231 252 262 239 175 211 229 11 5 46 240 36 265 56 8 72 22 180 168 164 287 28 278 208 43 77 249 210 80 145 201 100 128 148 163 76 51 74 138 47 69 19 16 296 30 64 279 126 109 160 257 197 199 193 75 291 85 108 98 29 280 176 63 246 106 285 293 215 241 221 65 299 172 270 82 105 184 216 26 198 238 263 122 31 139 44 92 261 110 223 218 58
28: 70 189 195 71 248 152 230 61 192 295 40 99 50 183 300 182 60 207 104 37 2 161 247 256 92 68 96 124 219 89 77 134 203 45 131 137 273 293 229 144 39 126 289 211 208 57 34 17 3 129 276 174 238 4 190 9 287 16 269 85 284 151 103 27 38 201 109 296 91 44 128 58 228 73 79 280 252 224 177 181 82 28 108 64 49 148 175 166 186 213 150 18 5 97 188 106 118 165 35 292 33 23 119 246 81 278 121 13 22 1 185 110 75 65 283 83 101 114 217 243 147 15 143 48 123 95 159 63 90 214 149 251 154 145 135 169 20 25 265 138 234 286 253 259 51 19 66 136 184 107 216 122 162 163 171 200 26 179 194 285 263 93 206 54 221 180 244 43 12 294 282 218 212 160 204 59 74 281 158 142 87 168 72 297 8 55 111 215 170 257 127 242 254 139 239 53 88 98 290 237 24 274 272 21 76 146 250 155 47 205 266 232 220 291 94 267 78 46 67 279 210 227 115 100 153 164 268 7 236 241 141 225 270 29 52 6 117 231 80 222 198 102 249 226 176 167 191 193 132 86 277 288 112 199 255 125 62 116 56 113 11 105 197 233 298 261 187 69 10 196 156 36 30 262 275 172 223 130 14 32 31 240 157 260 235 245 264 173 42 84 133 202 140 258 178 271 299 120 41 209
29: 60 182 207 248 50 152 61 300 189 230 40 192 183 37 70 71 99 195 104 161 295 2 42 166 175 181 240 13 154 250 7 271 36 68 54 210 23 29 18 85 257 297 235 142 73 231 47 254 249 128 251 97 43 226 296 62 140 19 56 282 247 35 122 270 165 216 22 143 66 117 87 55 168 20 114 171 136 14 265 283 299 275 220 150 164 76 139 159 273 51 48 204 127 32 228 218 267 53 81 155 4 39 28 6 239 242 253 137 49 289 285 8 11 170 234 172 44 281 261 266 269 132 108 232 223 194 86 177 90 184 46 93 58 10 59 260 176 82 264 33 290 215 245 135 237 75 221 57 286 63 41 103 67 162 193 38 258 173 15 141 149 34 101 91 106 158 131 206 89 284 252 116 156 120 112 17 69 134 256 199 187 24 45 276 268 110 126 144 274 225 3 222 211 219 121 92 95 119 198 238 153 191 217 94 138 200 25 188 21 84 212 287 111 78 79 157 197 16 277 298 196 133 246 74 163 9 160 167 52 293 151 190 178 109 64 288 280 83 80 205 224 241 130 123 169 244 233 124 98 209 278 12 113 174 291 272 30 118 129 279 107 148 1 179 227 262 105 229 77 72 145 115 146 100 208 213 185 26 102 27 65 236 255 31 5 203 186 201 292 263 243 202 125 294 180 88 259 147 214 96
30: 192 61 182 183 60 207 99 195 2 37 70 295 50 71 230 300 161 189 40 248 104 152 153 179 23 244 277 291 242 21 78 19 202 198 150 79 115 283 140 135 119 120 237 133 193 101 43 121 109 227 107 234 208 30 187 47 191 186 265 252 232 236 257 69 95 17 110 169 188 130 33 253 16 214 136 65 297 259 162 160 280 146 223 25 24 271 38 289 229 175 218 250 27 217 81 64 41 290 11 145 137 239 83 9 199 176 292 204 219 224 174 158 92 233 126 128 205 134 142 105 163 29 51 260 256 274 31 93 76 247 117 13 56 6 122 66 264 125 270 299 36 171 173 149 213 278 279 86 251 181 235 273 32 10 268 22 3 167 168 124 63 243 98 238 166 49 85 147 254 87 103 157 240 172 165 159 221 12 294 287 55 144 155 108 170 28 67 200 203 7 42 210 116 285 185 131 5 82 222 89 14 143 156 282 255 272 129 220 97 225 286 267 151 276 35 1 73 164 59 194 177 106 34 18 246 84 288 261 48 46 249 216 154 45 123 54 20 112 258 88 53 241 226 39 90 127 298 215 141 190 75 100 197 245 94 118 111 113 262 26 80 132 96 114 296 62 293 44 74 8 211 263 212 138 206 58 57 148 269 184 15 91 196 281 72 275 228 209 266 201 102 52 68 180 77 231 284 178 139 4
31: 99 248 71 161 61 2 189 182 37 195 230 295 192 60 152 300 207 70 50 40 104 183 211 258 153 174 268 260 181 163 171 38 232 14 257 118 180 66 282 154 112 43 18 219 209 94 290 93 62 233 270 133 89 299 186 25 6 9 242 53 127 36 117 188 59 210 23 79 204 65 278 244 168 131 263 77 235 254 253 184 10 212 34 264 274 245 20 277 147 39 26 49 12 95 196 135 218 155 293 237 75 156 92 16 8 126 289 236 101 142 144 140 205 119 72 68 129 150 11 17 54 214 190 262 74 88 107 267 121 296 276 286 32 279 73 208 151 215 29 110 255 148 201 287 1 222 265 57 281 176 202 194 128 165 271 15 69 275 187 33 217 100 102 139 115 51 106 87 90 5 85 159 191 227 167 170 221 206 285 272 24 114 199 225 175 138 246 249 234 216 164 124 82 145 84 27 292 203 228 111 178 239 252 67 64 46 113 22 297 143 193 137 179 134 19 21 256 97 108 98 157 42 125 80 3 224 241 45 103 120 243 280 130 52 76 259 247 298 240 226 173 28 283 96 229 261 48 200 198 269 177 136 44 13 141 81 105 251 31 4 158 160 35 55 294 63 266 169 231 56 162 197 213 220 273 172 41 86 7 284 132 47 91 122 291 149 30 83 123 116 58 223 109 288 185 250 146 78 238 166
32: 40 99 61 183 295 104 71 37 161 207 50 60 182 192 300 195 2 230 70 248 189 152 135 184 145 210 39 242 223 168 203 26 282 79 190 58 8 185 262 46 151 239 146 31 181 116 150 17 256 127 202 72 124 81 253 218 250 186 243 52 200 125 233 144 167 148 21 97 227 84 194 32 133 156 115 78 4 298 188 3 245 109 5 76 234 129 159 201 83 65 254 45 220 294 272 212 57 157 291 165 177 28 280 259 209 219 6 107 271 251 281 98 153 143 10 90 9 85 290 171 42 193 163 123 86 119 14 276 231 95 75 11 208 141 36 88 117 217 63 43 1 277 232 120 244 67 94 267 238 266 134 66 19 278 23 80 41 114 198 13 166 236 260 205 178 279 264 87 82 273 128 136 204 149 275 160 68 164 74 292 22 118 140 29 89 170 108 241 20 105 100 62 299 113 55 139 176 103 211 131 111 130 30 162 235 77 249 215 64 274 96 142 147 16 73 122 247 7 158 269 296 59 286 261 214 187 255 289 213 56 283 240 54 226 221 297 132 69 47 180 246 228 257 102 33 35 138 196 179 92 44 237 51 265 252 197 199 137 206 110 169 53 15 175 229 12 121 293 288 270 155 18 263 216 222 27 191 126 25 106 154 287 91 224 268 284 173 285 93 38 101 48 172 258 49 24 225 112 174 34
33: 70 300 71 50 192 40 2 230 99 61 207 189 152 161 37 60 183 182 195 295 248 104 122 82 31 41 205 221 262 57 64 24 93 90 132 98 258 240 75 164 291 68 156 286 280 257 8 51 13 73 254 48 79 151 180 227 116 58 264 22 202 296 223 32 216 184 225 222 29 232 129 179 103 91 275 287 49 118 277 166 175 66 235 63 198 194 38 55 260 272 274 157 47 267 5 244 208 54 95 141 226 21 78 138 72 201 193 242 239 117 100 111 59 284 233 270 185 281 253 69 130 148 255 293 228 167 87 211 1 52 23 107 124 25 140 285 30 147 173 250 137 163 144 224 236 149 172 76 288 33 85 170 4 265 94 199 241 26 43 6 237 16 215 127 283 158 259 96 181 249 89 39 74 217 154 88 229 110 159 247 131 165 160 81 246 220 294 177 279 176 243 80 268 282 150 44 65 263 128 46 271 114 266 292 86 273 17 186 190 290 139 10 155 204 136 83 109 7 101 278 252 168 135 145 203 174 188 238 92 102 115 106 276 261 121 77 19 134 42 113 27 62 169 9 200 126 196 214 142 123 67 12 231 18 234 34 297 119 97 35 197 14 153 143 289 171 219 212 209 53 28 245 299 133 187 213 298 3 36 120 146 125 20 11 269 191 218 108 256 84 105 162 56 45 15 251 206 178 112 210
34: 70 40 295 50 230 195 104 2 248 192 300 37 182 71 161 99 189 207 61 60 183 152 151 24 139 3 106 197 190 121 75 273 253 107 101 112 175 69 278 241 79 249 96 20 224 86 172 47 225 102 184 7 138 223 9 148 98 74 286 211 127 240 78 120 15 275 19 206 32 154 125 263 226 39 33 4 252 149 262 62 176 124 284 132 92 17 228 10 147 129 234 170 95 5 46 233 238 153 298 174 185 72 103 22 198 181 83 133 294 128 239 97 261 160 178 117 199 48 288 36 186 54 290 259 109 13 280 209 222 264 18 163 66 108 227 145 35 296 77 25 243 51 266 244 150 55 130 111 94 43 168 256 219 126 179 245 116 80 202 49 210 169 274 164 1 52 85 272 242 270 200 271 137 28 142 231 118 216 134 232 58 135 11 42 81 258 237 212 205 247 23 59 194 140 260 41 171 53 159 220 229 89 257 91 67 21 267 281 218 119 63 177 162 29 187 208 204 279 285 113 180 268 87 90 27 167 255 6 144 65 191 146 68 173 276 193 214 188 38 30 26 141 34 45 215 157 283 269 8 246 31 289 196 93 56 136 250 287 156 265 165 64 14 292 201 84 236 254 110 166 155 76 100 16 44 73 57 12 282 299 277 143 235 82 123 217 131 291 213 158 297 114 293 115 105 203 88 221 122 251
35: 207 99 183 189 195 104 37 50 60 152 295 61 300 2 71 40 182 161 70 248 230 192 45 125 111 164 177 95 26 273 187 244 149 235 194 139 48 224 30 105 222 179 114 176 138 77 299 31 115 186 122 121 154 141 290 174 270 73 229 100 243 18 113 206 4 245 55 202 156 227 62 132 191 198 41 83 15 162 239 34 284 264 225 212 21 291 36 219 86 282 98 293 66 137 271 184 178 246 69 106 127 163 240 54 72 196 208 213 43 6 119 220 201 281 280 110 3 236 180 275 228 258 78 24 144 17 256 231 97 217 27 124 168 33 79 7 142 123 148 88 255 38 155 96 167 51 82 153 249 118 52 188 85 56 59 197 166 218 11 35 147 289 215 76 285 263 257 283 267 134 58 25 277 68 131 80 129 203 10 297 173 146 223 204 109 157 94 81 252 53 16 286 130 23 87 117 298 265 296 44 254 145 234 14 143 67 74 266 128 116 210 5 75 8 39 22 214 20 13 274 158 278 159 226 221 92 260 151 199 63 262 288 133 175 272 91 170 241 216 172 237 103 253 205 294 90 1 64 65 12 287 261 49 165 250 193 242 136 259 160 251 28 238 19 181 89 233 135 112 107 84 102 120 171 209 276 279 269 200 169 150 268 140 93 211 46 9 47 292 57 126 29 108 42 185 32 101 232 190 247
36: 99 152 248 60 192 295 207 300 50 189 161 61 230 40 2 182 195 71 104 183 70 37 263 289 130 220 177 91 140 285 78 244 10 245 38 35 264 166 190 288 167 276 19 31 81 227 298 242 293 225 215 193 102 287 28 129 169 243 246 172 286 3 98 214 222 144 16 30 122 64 251 49 219 45 211 111 20 209 57 135 121 294 146 137 267 52 63 34 203 260 1 108 15 56 168 162 247 127 18 133 282 180 120 252 153 259 216 231 200 74 22 125 157 96 290 9 284 196 106 155 11 277 66 13 212 208 194 6 109 117 95 79 249 235 262 187 253 21 147 88 123 199 181 27 82 241 270 171 159 154 240 163 23 128 69 229 233 85 291 250 103 145 41 80 280 238 107 292 217 75 184 258 165 269 139 150 254 142 174 58 5 118 197 148 92 86 237 265 236 134 87 156 94 274 257 24 186 255 114 97 32 210 12 232 68 226 126 116 124 67 178 239 113 272 4 43 149 151 76 204 213 279 191 47 53 73 205 198 275 283 112 164 46 83 110 93 44 29 188 90 33 261 8 160 72 25 65 179 266 143 101 218 7 138 224 136 26 42 185 299 202 62 115 175 223 158 105 170 51 48 234 89 132 39 206 100 273 77 221 17 54 131 201 55 176 228 281 141 296 36 278 297 256 14 84 59 268 173 271 119
37: 152 207 61 37 182 295 230 99 189 192 183 104 60 50 161 40 248 70 71 2 300 195 10 252 292 136 157 51 149 237 156 220 143 20 150 22 258 147 120 180 18 139 190 269 148 72 165 137 1 114 229 15 4 173 24 59 14 296 85 224 130 83 96 27 204 218 191 274 261 91 125 244 160 92 97 53 251 142 239 201 52 159 138 184 187 63 153 206 36 197 284 297 48 29 262 288 57 17 66 89 112 94 179 75 43 293 178 270 227 172 223 134 255 25 181 214 118 208 80 6 280 242 289 82 113 12 205 200 243 281 259 110 19 107 198 78 127 233 42 44 9 275 87 249 253 298 21 146 140 34 95 28 77 267 196 236 175 247 177 101 122 225 45 299 126 263 235 245 81 31 212 128 290 215 193 221 116 141 3 23 238 144 129 194 217 86 234 254 109 55 174 132 246 108 202 268 250 282 277 79 90 176 41 203 213 133 272 257 117 155 279 232 16 69 158 121 240 166 135 273 74 216 265 32 291 39 76 241 100 131 271 285 58 171 294 168 199 54 211 88 93 169 33 151 260 11 62 210 105 123 49 276 67 73 35 162 222 256 164 68 106 209 188 64 154 186 266 46 103 228 119 8 185 287 98 47 170 286 30 226 56 167 26 7 5 65 264 84 283 219 111 102 145 124 278 13 231 115 38 163
38: 183 71 182 70 230 195 37 248 99 295 152 192 104 61 60 161 207 2 189 50 300 40 139 256 86 98 168 76 7 3 45 133 88 170 299 178 113 13 272 142 237 159 58 9 123 160 92 175 214 282 36 130 283 220 270 163 112 150 16 5 157 298 265 153 184 118 24 262 154 95 285 284 17 53 121 208 198 26 169 215 278 226 286 32 277 102 190 199 114 29 209 106 10 31 255 243 149 64 297 103 141 254 201 188 52 227 66 244 181 80 67 34 290 151 132 15 279 203 191 218 4 135 55 239 72 82 138 136 258 94 35 173 167 140 108 44 229 54 252 145 228 73 89 116 296 126 268 287 23 202 171 119 221 90 266 194 240 28 146 128 120 177 63 165 281 122 225 62 241 30 18 85 204 11 107 186 41 212 134 105 39 257 291 197 117 57 247 131 6 264 27 1 234 148 77 156 200 110 235 280 84 74 260 273 213 127 174 293 56 143 49 109 46 115 79 263 274 22 251 224 242 162 196 246 78 236 232 125 51 276 33 38 43 21 187 223 253 14 68 144 166 222 25 91 288 275 47 233 97 250 65 216 75 164 289 20 100 124 269 158 129 259 267 211 83 155 176 101 238 261 231 245 206 137 93 42 205 19 210 172 111 292 217 96 147 8 219 185 294 180 69 81 249 193 87 12 48 271 59 179
39: 60 61 70 37 295 207 40 183 182 192 50 99 71 189 104 2 248 152 161 230 195 300 214 294 93 115 64 206 137 112 92 257 52 265 98 150 212 284 193 141 175 17 269 39 177 220 246 54 247 130 100 174 89 210 254 271 15 233 228 281 42 114 209 199 124 200 95 171 88 25 96 255 75 155 249 169 243 216 116 87 76 164 110 287 46 215 153 291 185 105 274 275 4 221 204 285 135 120 172 118 227 5 8 140 239 242 139 94 6 222 224 147 72 203 27 43 90 213 83 11 144 290 253 47 21 36 22 202 231 244 163 84 35 1 205 57 126 12 32 256 73 24 208 166 80 226 18 51 194 198 129 78 48 201 289 62 34 142 190 134 65 136 179 23 180 241 299 44 9 219 106 277 176 273 59 270 196 229 68 217 236 107 263 109 156 188 111 278 108 280 276 272 145 122 149 296 267 245 113 225 103 181 258 240 125 133 154 123 79 63 26 292 259 173 58 69 101 262 82 53 159 121 167 143 218 148 56 264 97 165 237 3 184 297 55 162 7 132 260 20 235 238 266 33 128 77 261 119 250 279 160 127 31 28 41 293 14 178 74 251 49 283 66 91 86 85 157 158 102 268 286 288 187 29 298 38 151 131 81 146 282 13 211 30 223 170 67 16 19 191 138 10 197 252 186 168 117 234 232 45
40: 161 189 295 192 60 50 152 182 37 183 300 104 70 99 195 2 71 207 230 248 40 61 10 257 62 245 155 65 275 241 96 193 35 145 219 264 204 15 211 190 175 5 224 85 185 160 197 34 106 290 131 202 53 242 45 108 73 194 221 133 247 90 100 39 251 52 261 157 28 267 170 187 3 66 81 8 163 287 263 6 274 217 208 122 135 210 278 1 27 172 115 253 294 213 48 284 130 209 298 25 228 101 254 80 238 36 223 166 269 78 285 24 252 227 97 139 282 262 138 29 235 94 75 17 214 12 144 266 180 121 233 44 126 181 77 203 186 258 69 292 168 259 56 281 293 250 105 123 296 118 21 286 200 150 137 127 67 176 57 171 98 141 289 272 158 42 280 136 119 79 64 14 234 72 249 148 239 124 226 154 7 103 265 273 31 206 89 159 215 13 109 291 246 55 288 177 30 76 143 173 260 299 4 167 120 140 243 132 49 95 18 117 47 201 231 153 43 9 236 191 151 268 129 188 220 270 16 244 46 134 271 199 20 279 212 174 147 92 86 255 164 83 125 111 82 162 216 93 112 38 33 179 41 116 58 32 23 184 225 169 113 19 196 68 102 84 74 22 146 237 222 128 297 63 149 91 283 256 232 277 178 88 11 276 156 87 218 240 142 26 205 110 54 107 51 114 165 59 229 198
41: 99 189 230 61 248 60 70 192 161 182 195 295 37 71 152 2 207 40 300 183 50 104 91 268 32 131 171 219 146 226 120 135 117 27 63 128 257 85 238 153 205 165 179 203 18 170 258 10 270 125 271 83 285 20 269 284 245 287 67 235 1 265 124 116 87 250 214 77 178 244 159 130 237 43 7 23 113 42 289 108 47 98 49 253 25 280 41 86 11 286 140 259 121 21 34 6 136 13 36 196 62 222 118 4 46 193 22 166 51 142 163 143 80 167 186 288 58 213 119 249 169 68 208 73 175 14 95 292 199 102 144 52 220 12 115 240 150 45 190 107 185 225 141 267 246 76 66 114 148 204 247 8 89 177 164 111 16 236 69 155 156 276 145 110 94 272 298 181 174 133 256 81 296 191 231 294 223 9 291 264 137 215 266 54 151 200 97 168 138 147 31 173 274 29 92 109 112 78 282 217 39 72 82 297 3 273 206 233 56 228 123 278 187 283 127 212 59 262 158 5 243 26 210 221 277 44 176 64 38 293 126 139 53 260 88 261 96 57 122 79 33 24 194 28 132 100 105 279 48 218 101 242 103 172 35 299 74 239 281 55 216 241 198 263 197 251 154 229 252 160 180 209 129 134 188 201 275 65 84 19 290 211 75 202 90 162 227 157 149 30 93 255 254 234 15 17 106 224 184 232
42: 183 192 40 71 60 104 248 37 295 50 99 300 207 195 182 70 2 189 230 161 152 61 193 110 12 57 56 294 297 29 151 132 106 130 18 3 94 206 174 124 260 158 258 97 51 48 133 185 173 38 278 296 90 272 78 286 223 21 41 105 65 194 263 32 220 145 256 68 268 270 276 204 114 233 55 280 58 31 79 165 54 117 197 265 252 234 14 13 166 125 225 116 179 24 33 72 262 209 215 42 200 282 15 84 244 74 153 180 96 264 64 246 298 86 221 143 231 172 175 136 227 23 46 88 190 169 82 69 235 222 156 290 177 119 181 261 10 81 122 20 279 67 101 129 170 249 164 285 9 149 107 292 238 224 22 201 187 25 155 289 148 16 34 241 108 91 80 281 293 111 255 199 184 178 85 1 210 243 144 120 5 4 66 208 75 288 76 254 154 226 203 251 214 98 83 137 211 245 240 163 59 36 159 212 277 188 205 134 131 93 213 128 259 271 19 11 27 232 139 283 100 176 77 247 73 95 63 147 118 53 162 113 202 168 87 237 217 228 275 127 45 49 216 44 273 135 253 219 142 218 126 28 115 141 92 242 35 191 157 291 239 250 186 138 287 274 299 198 160 150 121 62 229 257 109 167 103 89 112 102 8 284 39 266 6 171 43 146 140 269 30 236 26 17 123 7 196 47 267 52
43: 182 189 161 104 70 152 230 192 71 61 248 295 300 40 183 207 37 99 195 2 50 60 24 141 201 122 17 57 135 259 191 268 249 13 225 153 27 227 284 217 112 30 223 14 233 73 9 79 169 42 258 78 44 62 193 12 35 283 18 16 103 256 101 97 127 247 93 69 38 291 190 175 296 149 272 8 85 246 96 86 234 68 91 33 114 205 288 25 260 92 287 163 180 52 1 155 196 278 51 109 166 177 150 59 159 245 221 74 164 29 107 137 136 66 7 240 171 172 126 65 26 81 206 143 294 267 202 239 100 58 279 160 98 123 32 282 145 208 270 144 168 184 10 262 15 261 75 55 218 134 151 119 41 276 83 146 179 281 43 76 273 220 297 178 120 274 187 188 102 53 194 176 286 48 251 49 222 241 148 197 36 252 235 203 22 215 211 3 63 4 89 170 186 158 72 213 67 263 254 229 266 140 28 118 82 200 181 257 237 47 216 21 231 125 147 244 289 299 77 285 174 154 293 46 271 232 255 115 269 219 253 108 132 121 264 39 139 124 129 209 11 131 5 142 224 238 90 212 23 298 133 290 199 20 56 243 265 106 242 84 87 105 277 210 111 167 80 31 280 110 54 162 117 138 88 19 228 173 156 250 157 128 226 292 45 116 185 64 198 214 6 275 34 204 95 236 165 94 130 113
44: 182 192 248 40 300 50 161 183 295 2 104 71 70 99 152 207 230 61 37 195 189 60 233 288 1 256 193 275 282 66 229 263 178 222 6 38 197 294 63 167 200 267 162 274 115 194 80 25 111 220 272 260 143 205 149 55 287 199 223 137 92 236 280 86 141 284 4 286 76 245 16 144 77 232 135 12 165 198 283 239 14 297 257 98 22 30 95 65 69 140 279 116 136 241 10 9 177 249 203 44 158 157 225 57 240 224 34 238 108 101 206 211 231 296 271 261 142 259 228 96 100 166 221 186 21 130 47 5 181 268 83 73 252 196 278 46 147 27 122 129 7 164 29 106 109 254 291 281 139 54 148 53 209 235 237 84 118 28 41 293 45 102 246 289 250 270 3 114 72 62 290 131 151 119 93 156 298 163 217 24 159 191 204 35 269 78 176 216 15 68 262 253 132 213 285 74 48 160 214 247 184 255 42 110 180 244 145 273 277 67 123 155 124 49 299 94 251 43 187 242 127 52 13 117 185 33 174 32 227 18 81 125 292 265 150 82 64 90 87 89 153 212 113 105 226 121 138 11 133 154 218 201 112 36 120 75 91 258 26 276 19 190 266 58 39 8 126 79 202 31 169 179 243 264 23 168 59 210 56 146 85 172 234 88 134 103 215 188 51 171 128 20 208 97 219 173 17 107 170 175
45: 152 60 2 71 230 207 183 70 295 182 189 61 195 37 248 50 40 99 192 104 161 300 190 75 299 297 35 21 141 235 125 86 204 92 241 173 144 121 258 145 65 257 111 98 13 223 269 212 171 281 146 238 200 84 187 53 174 79 117 194 105 12 285 262 24 4 27 298 229 110 175 277 16 211 156 284 166 85 201 78 32 109 218 112 271 268 214 193 8 73 208 124 280 69 163 120 52 129 96 39 90 240 132 57 239 273 116 203 168 150 243 267 93 287 213 225 10 282 133 181 250 58 210 46 206 242 216 44 95 169 278 244 149 292 191 259 126 159 137 67 275 25 55 293 232 131 3 263 249 255 236 186 17 88 288 48 97 247 64 107 290 178 45 66 177 135 245 228 89 72 11 151 119 87 127 219 199 43 266 138 36 158 264 81 7 23 38 143 227 205 91 180 41 237 54 1 153 226 128 274 142 6 59 260 115 102 233 276 256 77 234 261 231 272 101 254 217 136 253 291 252 265 154 140 197 34 296 251 289 22 74 160 118 196 5 80 42 283 106 176 14 31 157 286 114 279 100 148 215 294 184 224 19 270 123 172 162 83 209 185 30 147 167 103 18 9 134 122 179 56 26 246 222 68 20 33 188 155 221 139 165 198 94 113 47 63 76 49 29 51 220 202 62 28 130 164 82 170 108 15
46: 50 104 2 182 183 207 230 37 40 195 99 189 152 61 60 295 161 70 71 192 248 300 119 264 5 12 127 53 288 202 150 244 203 154 151 257 289 169 136 3 26 246 262 141 131 296 114 245 155 29 240 80 258 228 139 172 122 21 126 57 41 87 47 162 125 157 46 213 19 108 196 273 229 82 94 149 25 284 173 282 166 129 191 208 52 74 285 113 167 293 206 159 72 266 90 92 106 133 27 197 291 148 251 231 123 190 226 33 275 49 86 76 88 205 218 91 101 215 67 124 253 13 6 66 184 38 8 30 286 43 23 153 199 78 201 83 209 270 144 278 174 255 176 211 212 85 81 112 281 237 55 259 120 256 14 102 238 239 249 241 165 274 59 4 137 107 73 292 236 280 225 252 35 11 242 219 210 97 200 272 198 299 109 15 68 250 75 298 111 77 290 93 193 220 221 89 216 118 128 18 254 204 260 110 32 84 44 222 96 143 65 232 217 247 138 276 185 140 22 34 7 79 54 267 24 294 39 116 98 186 170 233 105 64 156 145 100 36 142 117 235 58 62 45 269 69 95 214 28 48 9 223 158 261 1 17 163 187 121 263 180 168 42 227 265 178 181 164 279 16 188 63 56 297 132 146 51 130 115 135 160 287 177 20 147 243 10 277 134 179 283 268 103 271 175 234 224 31 171 194
47: 192 2 195 182 40 230 248 207 50 37 61 161 300 189 71 152 183 295 60 99 70 104 228 124 103 48 285 279 203 118 151 107 18 25 47 100 266 83 208 57 27 200 273 262 232 293 171 45 78 174 246 69 19 10 247 209 257 23 114 227 72 30 205 81 245 13 140 26 86 55 36 129 110 6 219 53 120 74 42 269 31 143 101 149 39 267 51 233 215 95 274 243 199 212 164 238 296 63 224 210 235 167 214 188 147 135 197 142 138 165 109 290 38 299 35 141 33 281 223 186 298 254 102 292 170 134 275 213 242 24 127 119 229 88 137 132 277 126 251 84 158 173 117 166 112 4 196 286 29 54 172 236 8 270 288 97 237 226 260 34 128 145 225 272 220 185 20 98 82 202 218 15 68 244 176 76 17 58 22 234 252 263 73 168 231 43 265 193 64 211 5 271 201 241 85 148 187 264 123 92 216 108 62 144 111 240 222 65 32 115 287 91 191 153 250 194 276 1 46 253 146 282 87 130 268 44 14 259 133 297 28 52 9 258 41 154 206 80 150 284 249 256 56 280 221 175 289 3 121 179 184 105 122 89 67 90 178 156 75 59 7 162 155 204 106 190 169 79 159 283 160 125 136 93 94 66 21 291 157 163 12 16 180 131 49 278 239 261 113 116 255 177 139 181 77 294 96 198 217 11
48: 60 37 295 50 230 189 248 70 195 300 99 192 61 183 2 40 104 207 152 161 182 71 209 87 39 45 174 73 272 10 113 198 297 78 18 100 264 215 299 290 171 285 240 150 33 17 74 5 117 291 294 144 63 35 190 1 287 141 124 11 236 116 226 165 262 172 79 280 133 97 237 193 292 12 119 81 130 263 77 92 246 219 95 53 134 127 178 16 160 29 225 245 269 23 15 179 57 65 254 38 22 256 46 142 247 58 210 211 88 34 224 218 115 169 137 43 212 206 26 184 238 229 146 62 217 75 163 196 270 67 274 204 56 233 166 296 90 36 118 82 158 151 136 216 293 164 83 159 139 273 131 135 8 181 7 156 132 108 186 176 42 281 52 173 197 64 86 239 266 153 255 154 24 258 20 231 267 241 243 145 76 106 228 199 188 283 49 31 66 271 103 277 120 155 72 30 235 47 187 41 89 48 105 123 114 227 93 94 282 6 110 259 111 140 138 96 191 251 252 27 129 177 265 147 276 157 122 102 278 201 242 288 289 14 128 260 168 214 54 126 234 222 249 232 261 68 44 185 200 55 32 180 203 125 253 170 162 3 244 275 223 101 85 268 213 202 194 25 21 205 84 19 250 286 221 51 279 4 121 80 28 109 107 149 9 59 257 284 98 148 69 143 208 91 112 167 220 175 298 13
49: 50 161 104 230 207 99 300 189 37 195 248 2 152 295 71 60 183 61 182 40 70 192 35 190 67 47 214 81 38 125 14 205 289 272 58 76 291 65 139 273 52 45 123 30 19 49 69 121 32 165 21 153 287 265 110 177 135 141 280 101 129 174 89 85 256 158 197 201 10 162 140 148 68 217 179 210 268 257 144 228 8 294 100 187 23 200 63 77 211 57 80 41 151 64 96 97 213 260 120 119 157 117 180 75 28 1 103 216 13 224 83 254 131 156 48 271 185 12 285 261 18 270 232 94 267 53 138 212 238 56 130 124 11 202 126 147 73 82 3 15 27 154 266 78 282 173 222 166 225 208 168 24 122 246 283 170 227 245 292 218 290 25 176 66 145 188 128 93 133 136 39 236 116 102 26 184 111 115 34 264 46 247 155 279 17 234 293 106 258 209 98 255 244 16 22 242 243 191 127 20 199 253 137 215 7 143 91 220 219 231 226 251 276 297 240 172 286 44 9 55 241 59 163 249 86 31 72 252 42 132 263 33 90 142 5 84 204 274 160 88 288 109 134 107 62 118 79 221 105 113 298 229 250 223 178 149 281 278 6 29 206 43 171 54 51 146 181 112 169 203 186 167 114 36 299 275 296 92 150 262 159 164 277 87 175 233 259 235 108 95 198 194 237 196 269 193 284 239 4 74
50: 183 152 189 99 161 61 248 207 50 295 192 40 104 71 2 70 300 182 230 195 60 37 111 237 218 210 53 22 125 55 213 288 35 95 278 250 242 160 118 96 46 65 223 36 208 198 107 297 279 274 187 92 19 254 27 106 222 162 277 93 262 63 205 281 146 57 211 256 167 69 235 20 110 200 44 253 246 282 217 276 133 174 81 266 284 179 219 114 17 169 285 273 47 140 67 261 258 26 148 25 166 259 194 224 48 6 13 127 94 151 80 11 243 72 122 176 233 59 33 260 31 5 255 228 298 257 294 268 86 168 252 290 209 130 1 229 97 153 83 78 117 85 147 238 267 43 241 249 203 4 275 269 271 287 292 216 105 82 142 225 14 79 139 264 184 164 201 236 154 45 98 51 103 171 204 145 121 56 102 244 156 173 286 206 251 10 158 296 128 7 226 149 165 89 29 247 144 172 73 186 23 101 120 39 232 49 12 132 199 68 24 220 32 170 157 54 100 90 193 136 16 215 272 163 34 21 42 212 240 141 124 41 123 245 119 9 64 221 30 143 91 283 74 197 88 15 131 227 66 185 84 87 109 202 52 196 299 3 150 8 293 191 270 265 75 134 178 116 138 126 177 214 115 280 113 231 76 77 159 263 188 38 18 155 137 239 58 135 62 289 175 28 181 112 190 291 234 180 108 129
51: 2 248 71 37 182 161 207 50 60 152 40 183 189 192 295 230 300 99 195 61 104 70 69 144 224 243 120 20 153 157 280 197 129 217 80 228 255 249 126 122 134 136 181 141 48 119 118 138 186 297 7 145 67 21 58 9 191 272 286 43 190 209 115 169 109 59 56 210 238 188 178 42 193 206 117 77 78 14 172 296 45 25 233 219 26 231 124 51 55 264 44 28 62 216 87 288 200 202 97 277 165 116 221 105 226 298 282 250 177 212 223 244 146 127 110 64 19 6 278 31 245 11 254 8 83 291 36 85 91 290 240 76 267 4 203 276 66 281 111 261 164 263 220 54 93 167 34 257 22 121 39 1 12 113 33 269 199 156 294 162 29 279 236 208 180 10 196 65 185 289 283 184 101 201 155 140 142 260 131 225 293 176 106 160 94 102 299 23 173 266 222 205 151 95 89 18 27 251 108 227 139 52 179 259 68 72 149 158 81 234 135 35 17 112 287 47 247 274 241 258 5 213 154 46 163 170 284 268 174 15 292 103 57 265 128 229 204 215 3 98 150 38 143 137 73 130 92 75 159 239 211 90 198 166 148 242 271 252 53 30 232 96 107 133 285 49 194 41 32 114 132 237 74 84 147 187 86 253 256 123 82 88 175 168 171 262 273 275 24 214 79 218 125 13 100 270 246 16 235 63
52: 104 71 50 2 60 207 182 192 99 40 152 300 61 183 189 295 248 37 195 70 230 161 240 244 15 87 206 197 12 148 259 219 204 64 154 105 249 160 89 85 298 97 83 119 79 21 205 73 289 139 222 39 212 221 225 41 297 96 172 53 146 236 211 243 67 150 142 170 270 129 25 69 223 111 140 264 178 177 261 214 224 198 155 36 184 30 68 288 11 6 81 42 29 292 52 66 255 265 165 137 44 82 23 280 200 125 151 38 91 94 78 65 35 32 110 116 48 193 7 217 102 34 250 247 231 114 14 294 20 159 9 201 93 162 196 239 126 118 27 74 106 232 72 263 194 17 31 171 260 237 143 56 124 103 285 254 117 22 242 16 28 241 109 122 121 290 167 141 163 284 281 57 46 158 287 133 185 246 186 179 208 145 76 3 58 4 43 86 18 238 296 274 215 100 257 253 138 293 157 173 92 228 190 191 209 45 176 135 134 299 132 181 291 108 26 199 131 272 235 187 10 168 127 54 149 278 77 63 277 144 218 216 112 245 90 130 258 268 5 113 266 80 62 55 233 1 84 202 51 262 88 49 256 188 283 174 279 24 19 251 269 59 175 210 166 220 169 203 115 120 153 136 98 75 95 234 273 276 286 226 13 267 164 180 123 147 213 47 128 156 229 8 101 282 107 275 271 252 227 33
53: 248 182 195 61 2 183 189 99 192 104 230 50 300 152 207 60 295 37 70 71 40 161 291 118 210 233 218 157 21 259 22 31 57 244 101 184 249 23 19 241 123 85 283 280 267 75 5 134 81 45 286 245 102 97 53 30 135 270 94 261 68 126 214 220 116 298 130 271 67 125 88 196 55 224 33 91 93 203 17 139 246 197 62 119 199 89 117 171 222 29 108 52 147 32 140 187 7 18 133 64 180 178 219 258 275 109 42 216 165 229 15 164 272 204 290 3 226 209 181 193 168 34 20 223 146 41 266 124 51 273 36 284 113 205 186 279 28 149 63 100 170 256 227 155 215 141 35 83 44 138 26 127 58 105 27 84 47 6 38 9 95 77 103 111 1 78 282 254 80 296 145 153 13 76 167 166 194 4 66 179 289 11 69 190 260 293 236 250 49 281 174 92 114 8 110 292 285 217 239 251 237 106 142 268 191 82 238 24 287 48 240 144 122 56 212 276 202 200 265 121 235 98 269 59 299 277 74 43 86 39 253 263 274 54 225 242 107 154 132 162 46 120 16 185 150 148 112 10 176 65 96 25 294 131 252 160 211 87 137 158 206 175 213 228 264 278 177 12 234 163 173 79 128 297 198 201 90 232 156 172 72 129 221 288 14 257 115 255 73 169 159 188 243 247 143 136 262 231 208 151
54: 189 71 61 183 2 182 70 152 195 300 50 60 230 37 192 40 248 207 295 104 161 99 101 142 298 114 149 279 75 179 25 137 184 180 167 231 92 166 255 165 111 190 185 199 263 62 141 8 146 227 245 191 249 221 174 262 294 196 58 36 257 96 188 233 212 213 109 282 67 110 154 187 120 19 206 107 162 41 168 4 82 9 224 240 241 288 103 175 3 13 281 194 95 81 299 171 136 181 229 24 94 238 145 26 43 264 72 250 119 170 222 57 232 20 138 85 160 234 150 258 89 116 218 246 259 261 115 97 163 293 270 105 266 113 225 216 173 139 223 118 80 84 90 69 140 256 287 172 200 45 276 251 122 10 17 91 284 155 290 291 47 38 48 18 16 153 5 198 186 202 286 106 292 130 297 73 209 210 27 32 272 30 176 21 143 201 63 203 65 148 51 77 242 226 124 283 76 12 112 66 267 121 125 214 253 197 280 49 237 243 252 79 134 273 78 108 123 128 265 39 98 131 269 239 296 64 52 87 100 268 31 169 132 33 289 127 59 56 117 28 135 46 260 247 42 133 205 156 147 15 159 220 228 22 177 278 193 285 86 54 178 1 254 277 11 126 164 211 217 14 157 215 219 34 68 93 102 274 158 83 235 129 35 208 244 236 29 6 74 23 53 7 151 271 44 88 144 275 204 55
55: 70 182 161 50 230 207 99 183 300 71 295 61 248 195 60 2 152 40 189 192 37 104 15 66 219 208 23 202 271 78 239 194 179 196 57 252 72 264 213 82 226 48 32 21 85 148 262 249 210 16 285 59 132 158 163 294 68 107 29 7 274 14 223 110 155 76 217 160 180 142 139 67 215 133 162 150 154 277 109 268 278 186 201 9 146 46 12 54 236 251 247 49 282 134 270 225 58 10 93 20 17 291 266 114 191 166 173 101 96 105 272 94 254 174 90 292 258 123 281 240 55 3 69 273 80 74 269 92 187 170 13 212 122 234 8 127 1 149 43 246 135 26 286 238 56 73 75 53 108 197 126 228 198 65 205 116 243 137 283 120 47 231 97 290 204 184 267 218 214 81 276 136 255 181 144 165 113 220 44 185 168 206 79 188 199 296 235 100 83 287 130 131 193 118 159 241 257 145 250 98 11 102 233 22 87 147 259 169 28 299 38 112 89 84 143 244 151 256 34 124 5 178 280 129 41 33 64 242 221 140 88 117 52 25 77 297 279 171 229 232 153 6 19 111 261 176 164 128 190 177 211 288 31 222 175 265 260 35 125 157 209 51 115 36 245 263 91 18 62 27 86 275 63 224 289 103 4 45 106 293 200 95 119 167 172 227 138 121 237 253 24 298 39 284 156 42 30 203 141 216
56: 183 60 161 50 207 195 2 182 99 295 189 70 248 37 152 300 192 61 71 40 104 230 62 174 88 95 231 87 163 242 28 156 294 93 234 155 220 262 258 129 291 100 181 126 27 169 268 112 22 79 292 235 216 106 59 267 222 11 51 142 14 13 138 225 10 298 281 283 214 23 173 150 277 253 144 80 228 285 31 273 92 103 154 266 177 53 211 117 43 124 3 145 15 198 250 208 279 148 187 223 188 42 137 75 16 52 288 270 73 5 18 286 245 38 108 41 206 252 115 246 44 164 89 130 81 168 139 131 203 114 226 8 180 256 197 36 249 74 46 218 82 257 143 157 264 56 64 227 215 85 54 194 94 116 201 232 128 39 254 190 178 200 33 193 205 199 185 202 96 17 97 57 133 113 6 49 90 276 135 118 66 20 299 184 239 243 244 48 68 265 158 162 259 110 212 30 55 165 136 293 151 290 19 91 119 109 76 123 153 236 284 213 34 224 274 24 240 263 278 63 241 141 170 122 191 275 125 21 176 255 67 78 271 269 29 26 77 45 84 127 105 4 9 175 296 32 147 140 229 260 25 101 83 196 58 47 7 282 261 237 247 69 297 65 221 272 219 280 102 204 111 86 179 251 166 172 72 171 132 121 159 238 209 35 289 98 134 146 1 210 217 160 287 149 107 186 167 12 120 233
57: 230 189 295 152 195 182 40 207 183 2 99 161 60 50 61 71 248 192 37 104 70 300 114 241 113 55 159 30 96 223 119 196 255 279 245 76 221 52 72 274 204 240 27 9 163 157 18 173 116 211 19 122 261 239 84 244 115 33 101 39 231 184 103 68 125 285 208 32 290 141 262 172 42 10 35 188 82 62 81 123 20 43 77 5 58 97 156 224 73 145 206 235 247 217 75 149 98 85 4 193 265 169 13 273 212 166 54 148 234 174 26 268 226 12 198 164 272 150 275 197 258 200 289 124 238 222 135 201 243 91 31 151 142 66 213 278 227 257 29 67 276 45 256 64 250 25 59 90 210 112 118 264 108 237 143 298 105 100 8 78 233 57 117 147 205 283 22 270 266 80 65 94 209 130 131 180 49 110 260 232 16 187 74 69 126 106 259 138 220 17 293 284 280 249 21 170 214 137 252 134 246 136 89 24 229 242 129 144 3 287 120 181 95 162 277 203 132 107 271 199 87 53 294 102 269 14 171 216 121 41 281 92 288 292 139 46 111 299 296 93 194 140 11 176 167 1 186 286 251 79 63 127 15 179 191 34 146 297 155 153 158 28 7 56 36 154 175 178 83 38 190 291 48 86 253 218 236 185 254 23 263 165 44 133 128 88 267 109 47 202 215 168 160 51 225 219 6 228 282 177
58: 37 70 2 189 50 161 40 195 104 60 182 192 230 295 248 207 183 71 300 152 99 61 35 100 287 269 237 289 286 115 31 266 142 47 270 288 109 153 273 225 28 32 19 76 79 219 180 23 112 12 222 52 250 39 7 159 264 202 218 217 128 257 177 173 204 277 297 298 113 209 51 72 175 5 77 200 165 84 17 232 34 121 221 92 138 197 191 203 272 9 73 80 163 157 66 95 3 224 154 260 93 81 190 238 280 172 263 30 14 49 130 234 259 244 265 148 127 271 125 194 239 105 144 279 187 43 42 90 111 208 82 215 36 97 124 67 88 107 18 126 103 267 293 198 139 78 55 119 227 20 110 85 213 158 268 134 212 94 58 57 220 178 33 246 38 62 235 83 236 69 44 13 141 242 188 255 228 25 206 223 193 245 108 87 54 216 214 291 229 143 15 179 75 174 64 258 101 283 168 91 276 116 6 252 231 29 135 133 114 261 201 281 233 170 132 162 21 299 48 275 284 102 176 129 294 241 26 155 254 106 86 136 151 210 296 282 171 145 240 1 290 68 74 120 45 122 65 186 196 131 22 262 4 274 253 53 256 27 249 285 137 156 166 247 160 147 199 211 251 140 118 181 96 167 63 24 41 278 226 89 56 184 8 205 292 123 117 169 46 98 164 11 150 10 59 185 149 146 243 16
59: 99 40 2 295 192 183 70 71 207 61 182 37 50 152 104 189 230 300 248 195 60 161 68 259 167 274 261 63 59 229 213 209 249 103 159 184 231 32 85 269 69 253 228 294 22 155 74 91 51 43 66 140 29 142 42 93 254 162 44 10 133 168 107 20 277 73 279 105 16 202 186 122 267 242 236 262 27 293 149 180 221 56 54 110 238 1 203 92 272 123 75 118 138 139 282 108 17 121 280 217 181 204 243 174 19 83 136 163 48 257 246 9 179 176 6 79 62 264 240 137 194 201 160 251 89 266 287 86 112 232 237 265 154 299 187 145 276 296 111 144 117 284 134 227 115 191 21 256 233 165 171 273 197 216 177 49 30 15 127 52 41 81 263 11 97 39 88 285 164 120 3 196 255 208 219 31 114 288 224 291 281 244 200 26 210 131 8 14 58 126 125 193 239 106 4 270 128 53 28 65 222 271 5 25 38 7 96 143 199 102 23 185 172 260 47 13 245 297 129 153 77 292 78 45 158 76 258 67 100 35 286 12 18 64 241 109 72 278 24 57 290 206 84 205 124 82 250 188 275 34 169 170 130 215 178 234 55 268 150 175 190 116 220 101 225 173 252 148 94 247 151 90 218 95 156 132 289 226 223 98 211 235 46 166 36 283 33 141 80 212 113 135 146 214 157 147 119 87 298 198
60: 104 300 50 182 161 192 248 195 70 183 230 207 60 37 189 2 295 152 40 61 99 71 205 158 136 258 74 139 72 91 54 264 81 17 80 204 28 238 120 174 262 167 107 24 173 83 223 179 215 275 121 191 251 231 250 210 282 128 187 159 100 79 257 297 278 7 242 296 123 261 294 16 299 12 93 4 227 101 208 67 88 184 52 175 135 244 11 47 30 21 150 109 186 132 84 145 73 148 293 218 126 82 92 280 206 115 5 18 196 287 69 45 143 57 94 142 226 256 44 162 138 160 180 240 263 202 66 253 149 119 31 255 291 118 51 216 164 15 241 59 23 137 105 197 112 163 259 34 77 273 75 56 252 194 209 224 292 63 102 64 108 220 203 76 8 229 133 249 284 106 290 140 116 169 41 236 260 53 26 20 111 201 168 155 130 286 58 55 117 113 181 166 270 124 1 103 274 228 19 9 266 35 245 131 78 125 25 165 171 89 200 269 222 33 14 114 85 49 176 237 157 170 267 276 235 188 211 193 172 265 268 177 212 233 185 289 6 190 272 146 32 156 147 283 225 254 90 36 277 285 95 151 62 153 154 42 279 239 198 243 144 39 246 281 68 217 232 96 98 86 219 247 141 213 46 87 29 48 122 271 65 178 22 10 3 199 97 13 221 234 134 127 129 298 288 27 43 214 110 38
61: 248 161 295 71 60 192 2 50 104 37 70 230 99 189 61 195 182 40 183 152 207 300 36 16 42 298 148 196 154 145 7 190 264 224 23 134 81 175 67 54 243 111 247 229 116 76 102 85 153 96 191 174 199 220 62 170 3 13 236 292 98 92 188 44 215 121 157 110 209 181 56 156 280 285 18 22 287 261 283 72 25 94 239 83 150 9 125 82 160 84 90 231 21 77 108 288 100 138 249 276 33 129 253 32 6 30 176 151 133 169 31 262 95 258 293 281 254 147 159 127 186 217 185 118 51 263 291 11 275 241 1 270 103 222 119 136 219 165 210 214 59 26 109 124 162 168 225 164 126 204 242 4 178 149 271 296 114 79 194 294 115 297 279 144 202 269 203 212 132 201 218 12 135 158 58 48 257 80 53 87 137 198 256 52 235 260 255 41 221 28 128 211 266 289 65 113 233 167 163 213 237 120 267 205 105 252 226 17 299 290 197 91 245 130 5 27 64 278 206 75 15 187 106 268 97 131 47 166 177 38 227 69 45 20 46 250 43 223 273 34 216 140 228 179 29 184 173 68 73 208 89 24 88 232 282 123 259 117 234 8 251 244 57 39 240 35 141 171 274 107 172 101 272 286 10 142 238 284 139 155 246 49 14 122 93 19 63 66 112 143 78 265 146 277 74 180 200 86 55 193
62: 189 50 99 230 248 295 161 152 300 195 104 183 192 40 37 70 61 182 2 60 207 71 213 180 256 286 57 128 138 171 126 118 289 21 185 149 237 147 46 73 87 101 13 47 14 291 119 158 108 196 105 117 110 106 271 252 66 78 24 299 52 49 206 102 173 232 264 9 255 282 18 54 181 112 91 241 251 231 43 11 131 290 93 244 20 26 163 269 121 94 210 146 1 296 100 120 25 74 114 283 141 45 142 33 86 145 62 59 69 222 294 179 109 200 277 274 130 177 174 250 16 22 116 80 154 201 164 216 225 194 41 32 56 134 199 262 220 280 298 212 156 240 190 272 226 48 218 4 219 88 125 64 175 278 136 75 159 266 97 245 42 84 19 268 229 137 115 169 107 15 217 276 150 17 144 209 281 165 234 168 259 236 123 96 53 166 203 215 34 28 98 153 67 172 90 211 167 113 55 227 297 186 239 260 77 151 187 243 155 184 224 139 285 238 3 253 81 198 247 6 221 38 7 176 204 30 261 235 23 58 208 162 246 223 267 124 83 279 287 85 133 293 193 111 132 76 273 129 140 31 82 265 178 12 103 122 92 254 188 249 257 197 89 288 35 258 205 8 29 27 44 233 63 170 127 242 284 160 135 191 51 228 36 39 143 214 95 263 5 65 292 275 68 148 202 157 72 79 10 270
63: 295 161 40 182 230 207 195 183 248 37 61 60 71 70 300 50 104 192 152 99 189 2 12 116 210 79 32 3 274 38 90 251 55 234 223 91 275 95 30 160 299 167 48 267 147 238 85 260 246 27 244 281 193 123 291 261 11 253 262 78 84 173 74 245 263 41 276 199 143 185 278 169 214 277 139 156 46 235 100 7 130 290 237 25 136 252 87 137 258 81 286 240 17 93 113 224 226 215 157 68 111 106 239 181 89 1 159 22 96 266 131 287 97 208 49 212 259 57 34 200 205 109 257 241 272 220 206 213 144 14 188 243 39 6 107 218 102 10 67 265 227 297 101 165 151 217 221 135 284 282 229 250 186 289 15 64 194 280 296 150 36 184 65 170 16 219 191 51 171 164 94 20 129 98 140 268 127 178 196 256 62 134 9 242 174 13 209 26 162 53 190 21 228 115 204 88 283 66 197 42 118 4 132 141 249 112 211 121 149 58 247 271 117 180 72 69 105 175 52 114 202 125 128 179 110 31 43 142 273 264 236 232 5 146 80 233 298 103 294 158 222 75 29 76 82 154 59 288 203 279 148 145 8 177 56 54 166 108 231 83 225 198 255 45 133 33 153 28 19 47 292 24 216 138 187 73 126 119 155 285 269 293 168 92 120 201 176 86 122 254 124 35 44 163 23 63 18 270 172 77
64: 40 183 37 230 104 189 50 192 207 61 161 248 70 152 71 60 295 195 300 99 2 182 120 186 262 136 79 78 130 219 131 203 171 185 83 215 122 290 141 151 15 127 158 66 110 296 177 273 181 1 55 93 218 229 5 263 14 87 159 51 39 8 6 80 247 241 9 174 209 20 278 49 217 190 88 126 184 3 150 18 187 62 246 294 191 27 175 107 165 236 188 157 24 23 255 26 202 32 261 259 232 45 211 52 57 173 116 75 288 68 239 240 283 97 145 30 133 28 4 227 86 42 274 123 253 144 160 76 213 74 251 167 231 212 293 149 258 16 35 148 11 153 264 7 299 243 200 134 105 77 256 176 125 38 48 147 197 112 69 142 100 164 22 196 63 268 155 199 179 90 102 250 285 260 257 25 121 234 103 168 180 146 84 208 10 201 282 81 140 106 139 276 297 117 128 206 65 287 96 281 64 108 113 245 12 82 233 92 54 170 43 21 41 194 56 269 111 95 271 166 242 169 129 272 223 226 156 114 85 73 34 101 89 205 204 17 284 275 72 58 124 265 29 216 280 220 91 266 163 228 289 224 244 291 286 13 254 270 138 178 298 135 222 221 33 44 214 172 277 119 143 94 252 210 19 67 267 59 115 237 198 249 47 238 279 154 53 98 46 225 132 292 193 118 31 36 137 235 109 162
65: 40 207 248 161 50 189 195 61 300 70 2 230 295 99 104 152 71 60 192 182 183 37 181 113 36 288 206 109 46 123 122 237 217 83 271 11 151 235 1 94 186 224 286 294 85 147 208 136 299 62 194 134 76 96 32 215 266 282 114 164 51 273 25 227 259 108 209 253 187 240 127 223 86 47 30 66 191 80 216 261 39 98 184 10 67 35 180 33 198 293 135 270 133 48 234 101 59 16 119 34 159 200 132 204 63 139 199 260 81 155 173 262 252 298 219 110 229 121 26 267 54 73 283 190 201 14 138 249 103 5 269 58 64 251 196 92 179 297 210 203 21 144 88 263 95 197 275 170 178 218 268 145 24 265 233 276 115 27 193 160 211 106 68 41 77 79 4 112 13 117 18 120 129 254 107 105 245 100 131 174 202 188 22 231 242 87 74 56 9 296 142 279 243 247 228 31 285 236 65 205 290 49 172 126 102 153 146 116 278 239 232 212 43 250 220 171 213 44 8 175 244 143 281 150 287 167 57 166 137 141 284 238 154 28 52 72 69 38 158 19 291 149 272 162 255 53 274 258 280 84 128 140 111 221 89 176 93 124 20 91 222 226 7 292 75 264 97 15 225 78 277 157 168 257 45 256 214 130 23 148 90 17 125 6 246 12 29 82 118 185 169 289 55 163 241 3 156 42 177 165
66: 2 192 182 161 37 70 40 71 60 99 152 61 189 230 207 183 300 50 195 295 104 248 90 290 156 162 258 48 184 76 22 86 252 103 43 129 285 87 74 178 246 69 214 196 212 25 235 198 39 268 254 6 38 256 165 284 276 158 111 149 267 171 93 91 49 78 294 160 222 238 97 190 51 287 224 133 112 150 169 154 298 282 270 121 147 1 208 134 292 213 243 35 217 203 20 175 57 116 124 24 181 42 151 19 273 244 136 233 79 187 82 249 202 215 299 146 255 237 272 280 143 296 5 98 130 167 29 206 279 221 100 223 210 58 95 191 53 88 216 251 291 204 257 127 15 64 236 293 139 271 155 31 140 232 176 239 16 105 77 219 106 277 148 56 33 179 137 66 260 107 199 96 242 245 205 9 141 73 17 265 92 89 47 122 34 26 12 65 115 266 67 157 173 83 75 288 211 80 117 32 274 226 101 126 125 275 81 27 3 263 54 225 41 166 174 113 114 44 108 281 132 168 153 131 94 30 123 259 110 63 144 264 145 36 231 197 229 59 185 262 138 170 163 45 21 10 128 68 286 164 253 84 118 62 109 46 241 283 85 23 72 28 261 228 172 200 7 250 119 201 247 188 209 135 180 220 194 120 14 186 11 218 193 289 102 8 18 52 13 234 297 159 4 278 227 269 55 177 240 142
67: 300 189 37 40 99 207 2 70 50 183 152 192 71 104 61 295 195 161 230 60 248 182 117 67 102 140 255 20 288 229 158 251 72 21 220 274 56 17 269 266 172 280 289 77 5 13 141 24 272 264 234 201 297 63 8 262 30 57 246 33 91 191 4 26 129 12 215 237 224 166 278 154 184 209 225 259 111 14 128 69 62 41 94 284 49 83 267 114 178 232 271 179 185 103 137 23 86 93 223 265 294 115 118 7 76 188 293 38 101 199 11 157 120 165 53 27 28 177 273 175 257 169 55 196 149 226 22 92 29 298 299 167 228 162 39 85 244 31 187 252 292 135 239 59 253 261 79 164 139 210 173 143 34 130 200 202 65 87 82 68 227 122 119 116 47 186 112 105 95 132 216 263 198 81 270 287 127 108 1 205 100 243 160 146 250 168 238 214 159 138 174 15 51 97 150 281 235 45 48 6 19 89 113 107 181 203 156 75 136 190 131 10 197 73 42 123 144 275 52 236 32 286 64 258 256 171 180 66 193 204 147 74 3 54 58 43 124 96 282 291 35 163 18 121 213 245 151 155 217 110 276 142 126 277 279 133 212 249 247 176 219 241 231 285 233 25 90 98 44 221 211 9 106 84 283 78 242 222 88 254 268 206 80 46 153 296 260 218 134 145 240 170 208 109 125 148 36 194 290 16
68: 40 182 152 189 207 71 195 161 2 50 60 192 230 99 183 300 37 295 104 248 70 61 7 261 134 28 16 186 75 231 201 288 221 48 117 269 55 143 258 197 149 114 126 72 53 132 63 82 11 154 77 223 56 266 109 246 164 129 25 170 144 94 42 49 179 287 292 105 280 285 229 73 257 234 270 198 106 236 276 226 245 111 54 91 52 157 265 260 254 41 107 112 31 39 101 188 297 247 200 227 34 174 81 219 46 193 167 153 6 88 169 147 220 278 293 267 103 130 206 216 116 115 277 4 128 275 199 212 29 32 249 241 176 274 159 131 17 87 213 86 26 263 36 203 9 102 255 162 228 180 148 238 35 85 225 120 8 204 140 122 185 156 262 281 181 233 205 20 18 97 155 21 259 84 142 283 239 137 22 279 95 113 13 127 187 124 289 215 69 171 214 256 253 64 14 100 74 286 133 218 79 224 23 80 1 196 232 146 172 123 243 27 202 273 222 145 272 173 165 163 30 284 59 194 150 271 119 57 178 210 141 139 78 83 62 299 3 244 209 89 66 208 121 290 90 92 65 166 264 252 24 211 250 242 68 51 96 93 125 251 160 190 184 175 235 282 136 5 19 240 118 12 76 177 47 151 135 191 268 108 10 298 138 296 291 168 110 217 15 44 58 158 33 43 294 237 45 98 67 38
69: 99 230 37 195 207 2 295 60 71 61 300 183 70 189 152 182 104 192 40 50 161 248 77 232 294 115 22 289 271 11 160 255 292 141 122 27 43 201 12 171 18 277 62 54 206 52 186 256 58 199 120 184 163 84 151 101 23 226 39 64 205 36 150 136 173 105 179 78 20 238 34 279 223 259 159 217 129 94 93 208 298 102 273 88 210 291 272 261 243 244 253 215 19 276 138 112 247 285 270 198 177 224 239 225 109 287 155 216 264 235 288 162 35 114 149 178 241 212 194 137 68 44 263 80 209 299 167 7 286 127 130 260 254 29 98 265 242 107 158 245 147 266 278 132 26 59 142 166 175 111 75 191 262 227 95 118 90 79 14 121 228 219 57 154 5 144 140 170 211 148 76 47 213 134 190 221 153 41 204 282 197 246 17 16 229 193 145 24 124 249 96 156 180 8 146 165 103 51 92 74 117 119 176 73 233 126 231 280 87 135 222 236 293 82 4 139 67 283 181 53 85 45 297 125 143 32 113 281 133 97 66 188 157 274 30 187 131 86 91 25 214 65 38 220 1 49 55 258 81 250 203 202 83 56 123 31 110 172 100 267 269 13 237 48 106 3 200 268 46 275 33 164 290 6 89 252 72 251 169 240 21 10 218 69 108 15 168 185 63 284 196 234 296 128 257 42 174 28 9 116
70: 104 161 183 37 192 61 71 182 70 152 295 300 60 189 2 230 248 195 40 207 50 99 11 176 244 210 250 284 62 177 131 29 217 212 234 74 67 159 280 48 205 252 130 42 144 228 299 215 13 190 135 211 282 297 44 247 236 91 208 191 33 107 56 165 162 261 222 35 26 92 260 72 276 163 21 116 5 138 237 17 267 235 103 110 294 257 16 279 19 49 41 148 242 142 36 220 255 14 258 120 221 262 23 169 174 225 139 251 18 20 149 160 106 122 259 75 43 123 125 213 45 69 112 39 285 275 113 82 102 270 28 54 100 200 254 4 293 9 196 216 90 52 88 273 185 206 187 79 290 136 188 81 263 68 218 271 274 86 59 156 240 34 232 115 172 224 58 166 78 154 171 268 117 291 94 25 83 181 132 101 204 170 226 157 6 229 292 153 87 105 202 175 199 127 184 137 180 245 298 223 95 197 277 111 209 141 146 126 158 151 168 80 288 114 283 73 124 121 145 108 15 173 84 164 30 296 8 140 133 231 289 12 178 31 109 264 219 266 57 239 241 227 287 134 3 119 93 198 66 10 278 64 53 214 269 65 77 167 253 281 193 98 147 272 186 265 32 89 24 38 238 46 129 243 155 22 85 203 256 63 286 51 194 249 233 55 150 179 97 246 1 76 128 96 201 118 27 7 47 143
71: 189 71 99 2 104 182 40 70 37 195 60 207 230 161 192 295 61 152 50 248 300 183 239 63 43 278 210 6 75 167 4 19 85 1 247 88 97 156 179 49 91 221 146 28 13 76 245 115 3 226 22 143 227 125 224 268 77 9 190 275 193 87 169 25 186 53 108 122 232 187 260 106 134 238 237 131 83 81 225 24 138 173 287 139 21 129 229 231 280 250 140 267 234 105 220 163 176 110 298 218 159 243 184 90 148 158 78 286 86 209 112 114 48 35 11 294 41 23 281 270 84 188 147 52 111 284 82 154 177 130 213 54 291 180 205 277 276 235 244 47 233 18 100 254 66 132 273 144 151 93 8 223 17 142 171 170 39 117 29 253 57 178 216 118 79 214 290 288 208 14 65 255 150 264 174 69 299 236 72 15 241 206 258 202 145 263 261 296 257 249 96 137 157 289 7 246 101 44 94 103 285 199 155 197 51 259 153 80 107 36 212 124 251 168 219 62 127 198 64 217 68 95 271 109 113 242 27 12 121 162 292 45 32 74 256 58 136 160 56 34 166 203 133 92 31 201 20 211 194 282 283 240 164 252 73 274 30 204 126 293 16 196 185 89 269 46 10 228 191 42 33 55 279 222 165 172 119 297 200 116 266 175 262 181 59 141 98 5 135 149 128 38 123 120 265 272 215 26 102 67
72: 40 192 300 295 248 182 195 183 189 230 152 61 50 99 2 37 207 104 161 71 70 60 164 85 197 8 79 1 96 13 257 208 97 145 90 154 214 244 141 51 186 204 234 146 176 26 102 140 237 157 31 284 48 137 98 254 27 274 245 43 272 229 288 130 144 3 83 7 42 255 251 217 286 54 168 231 196 134 203 289 200 269 143 28 239 271 12 116 80 119 215 210 88 156 298 21 78 273 278 211 84 131 112 33 270 62 236 178 108 252 173 158 264 92 123 63 227 202 190 281 148 166 223 106 174 132 126 277 275 285 32 22 263 149 9 294 280 268 299 94 162 261 136 124 20 219 103 110 120 175 93 266 169 17 240 56 225 65 36 35 4 205 133 117 118 238 86 206 147 109 46 187 76 69 290 188 201 127 246 241 279 67 45 242 209 259 41 38 30 250 256 213 29 95 185 221 58 243 81 253 24 23 68 179 101 16 75 105 142 6 180 11 282 283 44 226 232 172 47 5 170 138 15 14 235 262 77 107 258 72 163 74 249 121 115 128 160 153 167 293 267 291 100 198 171 25 265 287 191 59 53 129 150 114 224 151 125 247 155 199 49 34 10 135 292 184 18 193 89 296 297 82 66 64 228 181 91 276 73 260 165 55 87 233 220 113 159 139 222 212 216 57 19 52 39 177 111 122 194 218
73: 40 248 230 161 300 152 295 104 2 37 60 61 189 70 99 50 192 182 71 195 207 183 122 14 45 177 260 284 238 93 130 215 87 21 7 24 86 68 136 20 121 198 4 221 33 80 262 110 285 74 15 294 147 54 127 111 250 118 30 157 203 72 227 125 185 23 293 154 158 126 290 134 194 232 140 62 100 124 31 113 263 291 200 186 244 172 89 51 148 209 13 240 81 128 278 226 47 243 10 252 44 231 174 59 82 258 57 287 64 298 150 210 3 188 39 256 193 236 36 257 229 180 153 296 272 133 67 191 143 214 146 199 273 18 255 114 283 159 48 52 288 178 234 299 242 53 144 1 212 19 102 261 120 32 98 222 225 58 218 137 176 28 282 265 85 179 91 29 160 156 247 155 280 115 211 264 27 213 129 12 281 35 297 251 95 239 292 219 275 246 75 101 106 138 131 83 26 166 42 76 253 268 173 259 49 269 241 90 105 107 270 184 162 141 201 5 108 79 88 228 169 271 206 217 22 175 116 266 41 6 202 84 233 55 167 164 135 220 112 94 65 196 286 8 181 279 237 149 249 165 171 119 46 17 63 205 11 254 139 190 245 25 235 223 69 109 163 276 267 117 16 277 103 77 34 216 92 78 208 197 73 38 97 43 142 132 187 170 289 145 56 274 204 123 9 168 151 96 66 224
74: 195 161 192 152 99 300 40 182 60 2 189 61 70 248 295 37 104 183 50 71 230 207 279 256 92 250 136 275 10 24 1 289 157 151 123 257 263 65 261 185 35 165 277 228 176 235 42 140 223 284 220 128 62 281 160 180 109 293 229 236 270 149 102 11 48 145 174 91 89 34 164 199 79 286 100 28 162 268 245 166 283 59 96 206 5 52 238 43 90 186 258 107 56 25 64 264 280 274 216 222 98 115 203 200 252 84 117 77 178 3 242 36 106 288 114 181 255 231 78 173 193 80 101 55 219 132 266 234 111 194 144 262 105 45 138 153 26 13 113 88 224 81 74 44 39 251 244 291 205 22 265 158 217 51 191 72 233 49 218 12 204 141 33 9 112 53 116 17 155 31 57 121 184 172 20 86 221 247 126 241 212 208 87 68 82 15 272 146 147 95 97 226 108 225 296 163 298 6 271 276 32 254 232 135 139 63 73 54 267 211 23 120 177 299 110 154 175 94 18 202 227 46 133 170 7 124 125 239 159 210 118 282 76 240 290 30 156 213 150 75 131 196 297 171 168 16 29 122 294 187 209 246 8 93 41 214 197 27 179 130 260 38 169 285 58 69 287 253 273 215 67 269 137 129 103 237 198 190 47 142 4 201 167 19 243 21 148 127 134 83 119 85 14 292 188 143 66 259 249 278
75: 99 61 161 2 195 70 300 207 152 295 230 189 37 183 40 182 248 60 192 71 104 50 168 159 170 190 47 54 231 138 282 254 109 142 131 287 53 281 56 255 274 271 143 29 267 17 38 265 252 84 240 218 125 12 43 249 234 146 74 126 45 20 39 19 129 94 202 111 191 44 150 239 294 246 27 78 55 253 227 236 264 181 272 268 210 283 133 48 148 163 156 193 211 97 51 257 262 261 93 250 72 36 115 216 292 258 172 177 220 127 175 123 141 280 122 299 5 108 116 217 222 242 3 178 31 203 81 212 33 266 26 157 260 221 58 289 284 296 98 80 241 95 200 290 89 23 106 59 277 224 298 64 79 279 113 120 215 214 90 139 208 291 204 243 107 196 263 226 7 160 15 256 237 273 22 30 69 174 232 247 68 16 28 213 259 140 32 228 49 233 119 4 145 46 87 117 82 154 199 14 118 244 201 297 73 288 197 6 8 286 209 235 245 206 77 155 57 194 67 11 128 88 219 65 66 169 225 105 62 186 285 184 25 42 52 101 162 270 92 136 35 188 132 229 223 187 147 10 251 34 238 278 269 275 75 164 18 166 165 171 24 198 21 276 185 149 176 91 1 76 103 100 102 112 180 130 83 13 96 137 121 173 179 114 41 167 153 135 151 9 293 158 144 110 86 134 85 205 124 63
76: 295 161 189 2 71 207 61 104 183 152 192 300 70 40 50 60 195 99 37 182 230 248 64 45 250 205 153 245 247 34 35 177 191 135 80 281 108 140 254 144 235 55 156 131 158 215 201 51 255 126 241 174 58 124 10 143 75 259 129 212 288 136 270 109 56 6 274 130 260 184 171 277 43 155 97 21 279 291 234 287 16 296 179 105 199 3 39 83 121 141 38 90 266 227 1 44 31 107 86 28 168 238 48 67 163 251 285 188 100 7 294 73 175 96 63 272 220 120 98 118 275 42 66 290 262 46 203 190 197 243 137 78 293 246 218 119 57 89 169 32 87 128 29 27 114 133 237 24 101 240 178 11 193 280 244 62 258 8 202 228 165 110 194 233 187 26 271 95 17 19 236 13 72 253 286 219 196 242 25 282 74 292 222 265 132 85 36 47 221 68 159 18 268 257 232 267 82 211 49 224 252 77 226 149 229 123 170 145 185 69 208 117 239 276 93 88 94 106 146 269 142 223 113 209 138 198 214 92 76 216 111 256 166 12 52 261 41 283 225 20 125 264 147 210 127 139 299 30 231 54 186 298 173 167 206 33 204 65 53 81 249 115 9 102 297 157 162 5 154 23 181 180 263 164 273 91 160 200 4 213 150 112 151 148 217 122 103 284 134 79 14 84 15 172 59 116 278 176 22 289
77: 37 295 161 60 207 192 50 40 182 71 104 2 248 300 183 230 61 152 70 99 195 189 88 226 84 49 275 298 265 35 278 105 178 36 172 29 46 43 179 41 198 296 98 281 106 59 155 219 206 162 270 132 74 157 64 14 32 55 150 258 233 287 115 181 203 238 103 72 191 5 107 289 27 237 273 33 153 218 110 188 66 67 292 130 22 114 286 267 274 95 100 170 96 260 86 168 28 119 242 297 138 94 69 279 252 39 245 149 197 45 118 58 269 247 294 148 63 80 122 17 24 204 224 250 116 208 101 18 108 140 234 90 254 268 244 113 85 10 79 8 141 111 123 217 54 12 175 282 15 263 78 235 154 262 48 249 146 225 13 280 89 51 128 186 135 288 209 117 299 241 216 223 147 173 205 200 180 259 26 131 264 47 120 220 16 4 30 83 171 255 127 284 156 134 176 266 169 109 236 215 164 62 57 151 291 211 193 285 44 73 272 11 159 177 261 145 112 20 23 97 221 52 187 277 129 7 271 137 82 93 228 143 232 246 293 34 160 253 194 9 222 163 1 38 185 184 6 212 121 240 257 92 190 142 199 213 276 214 75 53 65 229 290 25 91 3 174 256 210 68 136 77 133 196 167 283 139 125 243 126 201 21 76 231 19 166 31 87 56 81 144 202 124 102 158 42 239 227 165 251
78: 99 295 195 104 189 161 70 61 230 192 183 207 37 152 40 60 50 248 71 2 182 300 95 237 176 106 222 160 212 67 98 175 155 23 299 290 232 238 41 159 51 54 148 5 275 205 233 251 75 262 141 163 90 234 91 82 146 242 142 89 165 154 229 194 204 101 278 115 203 36 127 83 112 196 93 84 201 220 150 257 8 139 245 215 48 180 157 267 225 16 206 186 240 68 260 114 184 11 156 227 57 259 277 72 174 102 193 147 167 250 170 266 226 280 25 288 244 105 64 235 134 33 113 218 144 74 52 122 247 153 13 22 213 223 32 53 124 258 171 264 78 291 282 39 265 286 208 62 133 100 94 31 66 21 26 256 4 162 168 49 173 217 296 131 179 108 138 88 1 86 27 197 110 216 129 6 132 120 73 117 14 274 224 188 187 255 210 228 63 164 92 97 76 276 28 125 254 123 12 285 136 292 185 96 103 45 284 145 109 87 151 166 43 38 271 293 239 81 272 209 297 107 59 140 269 231 211 56 178 135 283 263 77 58 214 169 30 191 287 279 149 3 221 111 85 9 181 44 202 55 243 177 200 118 35 29 18 121 65 130 7 20 294 126 253 69 281 80 172 246 298 10 42 15 143 34 19 270 199 273 261 17 128 241 249 79 268 47 24 236 219 137 116 46 289 190 158 119 198 252
79: 99 182 2 152 70 248 295 161 195 300 60 207 230 71 37 189 192 40 183 61 104 50 224 236 287 14 31 125 165 103 282 136 298 111 102 200 88 197 266 188 272 51 135 235 264 214 206 234 1 124 92 292 260 105 256 222 80 27 97 29 199 150 283 218 128 265 196 98 93 167 133 269 118 19 68 157 276 62 240 85 100 249 65 134 163 113 63 143 45 95 169 132 184 77 22 242 109 259 148 28 194 119 204 268 141 187 299 9 52 289 261 6 174 129 241 55 219 137 122 160 24 49 127 243 227 3 44 110 258 73 7 180 94 217 164 171 296 154 147 5 293 198 251 277 36 138 168 18 209 90 193 72 252 59 56 35 232 89 284 286 23 15 12 46 203 215 106 237 225 179 123 175 139 210 91 131 101 86 145 130 279 115 38 10 142 58 228 16 216 4 144 257 245 13 48 20 267 149 140 76 81 155 41 162 205 34 21 126 66 253 53 291 30 79 250 202 231 247 82 146 47 158 290 120 57 233 74 212 43 170 176 213 220 42 84 263 288 297 96 254 32 8 201 270 112 262 151 121 87 33 166 294 69 156 25 67 221 39 229 255 107 226 159 238 108 181 178 280 208 11 83 185 223 211 17 116 117 75 186 278 26 114 78 273 275 177 246 285 54 274 191 190 173 244 153 172 271 64 281 239
80: 60 70 50 192 99 37 40 248 104 189 195 182 230 61 183 71 152 2 207 300 161 295 46 26 168 269 193 298 41 14 133 259 287 292 164 91 202 109 125 123 178 144 118 201 114 231 213 35 62 72 112 290 113 278 284 209 146 176 196 69 223 136 57 127 54 126 33 243 170 160 256 25 221 85 244 8 95 198 191 266 210 31 205 116 251 253 3 265 199 15 280 279 225 42 229 47 274 155 139 23 90 185 142 187 80 18 194 282 78 197 89 291 65 68 252 82 166 6 88 179 11 289 157 254 249 36 103 261 94 121 188 122 163 281 96 294 145 174 108 87 106 219 29 233 220 263 5 130 110 59 64 134 246 12 77 7 55 159 206 237 285 52 120 100 53 56 245 190 273 148 17 20 276 283 76 238 34 63 260 218 234 75 44 296 1 236 171 204 51 165 84 4 239 119 184 175 217 208 203 211 137 66 264 48 222 232 128 147 28 13 22 167 262 297 215 98 102 267 111 288 241 200 212 16 240 228 105 93 115 38 277 162 141 272 226 19 257 32 258 250 150 45 214 255 30 172 224 227 153 81 107 140 143 271 73 86 169 235 74 242 101 156 286 9 43 39 124 186 10 181 58 154 173 132 299 117 97 129 67 83 131 24 216 158 268 149 138 135 27 270 49 180 151 177 79 275 293 247 21 92
81: 50 99 61 104 295 2 189 207 230 71 300 183 60 195 152 192 70 37 182 161 248 40 73 4 215 165 89 297 78 177 125 47 119 118 105 281 128 58 160 113 298 179 176 153 223 10 158 270 29 136 19 68 276 35 97 122 52 112 133 178 219 117 51 22 245 121 296 233 198 217 143 65 80 82 20 49 85 254 286 81 224 269 209 23 273 139 79 236 148 44 243 155 114 239 184 14 171 240 173 15 271 38 279 57 129 26 90 163 130 156 205 168 274 53 93 208 101 109 222 146 235 228 191 287 110 54 27 95 193 278 7 124 34 267 250 263 246 262 123 272 154 202 187 229 221 18 289 166 290 282 77 142 174 145 12 32 197 299 63 203 144 115 69 238 170 30 134 231 91 72 284 36 218 257 210 159 132 135 41 264 45 206 226 127 59 9 102 108 55 169 213 76 8 106 259 225 126 288 241 149 46 151 28 234 13 33 48 87 83 294 141 212 157 283 256 220 249 98 232 277 265 100 16 188 116 17 42 275 62 196 120 180 237 268 211 43 21 67 6 31 138 252 181 164 190 260 244 137 111 25 74 11 201 66 1 251 293 175 167 88 172 199 39 140 84 24 258 255 261 247 75 280 96 185 56 194 103 242 147 94 131 227 186 253 291 162 107 266 64 86 200 150 5 292 92 285 214 216 3 204
82: 195 300 192 50 104 248 182 207 295 37 161 99 71 40 60 2 230 152 183 189 70 61 173 53 264 80 134 157 298 256 177 164 287 169 108 257 111 198 163 262 57 92 42 83 296 187 244 119 232 91 246 292 253 151 155 220 190 6 214 144 41 137 273 202 24 233 263 180 210 16 4 3 156 141 13 109 95 72 245 279 282 105 58 237 32 14 181 121 251 255 159 81 241 142 274 193 110 265 170 199 268 290 231 211 56 122 168 30 73 69 5 75 285 143 194 113 101 167 148 15 147 216 140 299 185 20 242 100 280 222 79 250 25 235 184 176 90 289 236 133 293 123 106 270 89 275 160 94 49 98 88 131 197 10 217 129 228 188 33 203 27 65 205 259 166 114 239 128 51 145 224 283 294 9 26 125 139 132 29 43 165 204 36 212 260 34 171 266 102 38 135 284 22 269 63 278 209 64 76 178 46 19 226 158 179 23 286 138 229 116 252 7 276 87 221 291 17 62 68 227 77 59 52 146 154 240 1 218 84 271 18 272 258 86 172 28 234 96 103 78 117 44 67 186 93 191 47 82 201 66 174 206 107 8 261 74 208 54 225 150 127 243 21 35 55 39 126 153 238 213 31 200 112 12 247 162 48 175 277 124 11 215 249 254 118 115 149 223 196 136 120 288 267 219 297 97 85 45 130 281
83: 161 248 207 192 61 50 182 70 2 189 300 99 195 37 71 104 40 60 152 230 295 183 276 80 95 163 191 64 245 158 46 239 214 12 196 97 218 6 27 136 102 190 14 219 246 7 166 22 35 212 171 139 87 39 74 59 4 30 165 172 47 206 275 168 272 177 273 204 159 210 167 296 31 79 116 155 263 280 77 257 84 112 144 33 53 143 162 129 181 185 217 117 253 282 118 113 250 88 299 184 284 288 54 258 126 137 26 228 235 252 73 1 202 81 115 130 49 63 226 24 42 286 25 249 205 241 3 160 121 283 82 211 149 29 92 67 199 240 193 164 56 198 101 94 156 68 287 109 234 147 261 290 41 72 274 131 264 216 243 62 281 188 83 9 232 222 18 16 13 75 180 203 15 220 267 57 242 142 208 224 197 277 170 124 103 229 173 8 65 34 251 289 178 194 85 292 108 148 91 100 138 279 135 223 58 294 157 106 255 186 154 221 266 151 5 174 225 247 293 175 76 38 43 23 119 268 45 20 233 237 120 52 66 48 127 153 44 259 200 140 285 146 169 98 133 107 132 32 254 19 215 134 238 11 90 114 128 36 93 236 260 125 145 278 105 265 51 122 187 17 78 150 270 69 176 231 28 110 213 298 227 86 262 10 111 271 291 209 256 179 141 96 269 89 297 244 201 21 55 123
84: 152 195 40 50 189 248 60 104 99 230 182 183 192 2 71 161 300 37 70 61 295 207 130 267 145 287 122 112 294 268 176 272 237 288 127 282 117 250 20 245 52 278 251 8 238 228 124 58 296 118 57 188 219 284 148 263 170 258 199 220 84 11 204 233 86 119 9 102 72 39 271 191 144 76 134 270 259 4 113 264 223 168 96 252 63 285 15 275 136 78 150 21 29 209 103 131 133 143 286 155 222 30 181 171 12 186 293 140 229 49 240 33 125 162 114 167 5 160 100 159 179 123 25 193 56 298 216 59 141 28 206 98 177 135 165 1 261 142 256 277 32 281 200 14 27 107 69 149 234 187 62 224 38 82 94 156 164 47 274 74 13 208 41 151 44 73 90 53 36 48 157 115 194 138 87 81 246 121 231 175 153 166 80 51 291 169 201 64 243 173 105 299 253 137 226 46 106 242 88 249 210 269 257 18 247 93 190 54 232 202 89 203 23 262 235 213 212 7 109 66 68 217 24 163 45 65 244 110 211 128 292 290 26 75 116 111 108 79 67 31 225 35 280 42 17 22 205 95 236 91 215 185 276 266 254 221 34 10 19 174 120 214 43 255 273 297 147 279 158 283 92 146 3 227 139 154 239 265 132 180 198 196 289 97 260 197 16 101 55 129 77 83 85 178 218 172 126 241 184 6
85: 2 295 189 152 50 182 99 104 195 40 61 192 207 70 230 37 161 300 248 71 60 183 42 154 292 110 178 222 216 20 208 262 119 49 280 101 298 181 168 128 78 286 112 173 264 249 251 29 242 31 297 221 194 170 247 202 19 3 1 4 68 38 86 238 139 175 77 235 81 214 231 164 117 146 93 204 138 283 44 85 237 35 205 252 200 67 212 95 45 74 5 57 215 201 229 206 227 186 13 150 124 250 28 94 130 107 69 287 172 147 64 240 158 126 72 246 244 245 111 129 17 63 265 83 294 153 102 100 132 91 285 162 56 30 196 33 174 267 148 51 47 191 211 220 155 275 209 97 87 226 219 166 118 270 105 289 260 167 90 236 203 234 133 127 233 258 266 92 115 103 288 190 271 144 9 290 106 145 193 169 26 218 257 39 299 263 59 141 179 223 32 75 268 157 177 296 62 188 88 135 243 18 142 278 82 163 121 171 282 259 52 149 114 276 16 239 156 284 199 274 269 281 21 36 8 210 24 54 41 43 34 143 261 122 136 273 291 272 113 140 213 232 15 255 217 165 254 224 197 256 159 279 187 10 123 46 84 108 79 241 131 89 120 76 48 98 73 116 180 228 253 58 6 185 160 65 11 184 14 27 12 80 55 277 176 293 7 23 66 225 53 125 22 109 137 151 198 134 96 25
86: 104 183 60 230 248 300 2 295 152 182 161 207 189 195 61 70 99 40 37 192 50 71 255 269 190 169 101 259 224 22 176 193 103 206 119 287 272 78 86 147 20 56 241 298 239 160 181 14 102 217 113 110 222 196 77 59 87 106 26 233 127 128 129 178 79 278 93 263 201 262 254 98 63 142 289 229 131 12 227 11 274 197 151 150 30 228 286 66 39 247 213 177 105 19 257 267 92 166 293 81 203 184 91 140 97 282 111 260 220 191 200 154 41 202 283 108 48 236 107 165 212 153 194 33 167 249 51 242 96 148 4 75 198 8 164 180 15 126 143 17 232 188 89 139 268 133 45 175 132 109 266 57 44 114 292 38 223 216 240 64 46 270 122 52 135 24 235 208 82 5 172 261 214 231 204 121 155 32 171 252 276 288 136 112 125 256 95 250 16 156 76 13 157 170 174 80 237 209 65 27 124 74 43 158 137 218 273 120 234 162 9 23 225 94 281 68 211 173 84 31 159 10 296 168 163 251 141 88 185 265 123 35 290 179 199 69 118 6 258 47 253 264 72 62 18 7 271 219 246 187 85 145 55 244 28 277 25 117 294 149 205 34 245 42 144 116 299 238 73 221 36 1 3 243 186 90 285 67 210 279 146 134 297 215 115 130 280 58 138 21 49 83 100 284 29 275 53 291 226 54
87: 99 71 248 295 183 2 70 50 207 300 161 189 230 60 182 37 192 104 40 152 61 195 12 212 160 64 51 121 205 48 174 82 235 130 46 66 78 110 90 39 119 264 54 202 275 32 299 157 116 296 260 45 154 234 247 218 286 290 38 115 178 188 59 186 125 62 26 108 211 80 285 273 94 25 73 83 203 190 5 92 134 165 250 113 44 76 100 241 27 167 240 69 42 206 197 41 72 281 213 291 267 171 122 198 215 255 200 8 14 55 81 67 52 53 142 86 170 208 126 231 280 103 58 256 97 36 28 31 214 128 194 91 6 223 159 204 282 219 242 4 93 177 222 164 21 114 16 63 279 243 153 75 253 294 175 136 289 288 34 18 169 162 224 19 287 101 259 7 129 131 11 239 173 43 258 17 236 232 221 155 179 77 151 201 138 89 265 166 107 168 105 251 13 244 1 57 15 9 293 268 65 117 96 228 278 261 87 263 33 35 98 297 132 181 193 254 156 109 135 226 245 22 47 145 102 85 191 229 276 143 144 68 3 249 252 199 209 56 185 184 284 266 106 118 24 150 124 10 49 292 30 120 148 238 149 84 270 187 88 95 123 74 233 139 20 210 298 216 227 111 163 79 127 220 133 112 147 274 277 23 262 257 271 137 141 29 217 172 146 180 272 158 176 196 140 269 283 225 246 237
88: 161 300 37 152 182 248 40 104 230 207 99 183 195 192 50 295 60 70 71 2 61 189 43 198 73 56 132 158 42 196 199 219 297 139 222 185 22 103 156 224 204 212 267 130 88 294 24 149 223 102 231 220 217 64 67 154 277 51 274 16 272 176 203 58 63 59 54 98 23 29 28 155 14 179 120 286 241 153 237 68 194 53 236 201 25 234 239 137 82 175 280 45 168 145 225 111 291 187 131 126 90 117 12 125 78 279 261 38 264 211 288 173 94 257 144 260 283 89 209 128 243 226 262 140 30 206 27 6 186 148 92 169 101 115 62 100 35 91 66 85 238 119 221 7 134 205 109 293 249 55 4 227 166 290 48 181 178 95 255 229 188 232 81 298 250 171 41 270 299 265 72 216 202 242 74 31 228 251 123 116 80 15 114 26 13 76 284 127 112 113 52 17 246 36 135 79 97 276 69 197 108 105 138 282 162 208 244 3 167 19 84 57 10 151 157 200 65 281 191 96 163 165 44 87 180 39 21 8 278 256 75 46 245 266 86 292 77 47 285 269 275 177 11 159 93 150 214 172 9 32 247 5 143 287 33 160 20 122 106 118 233 142 136 124 34 240 213 141 190 83 258 121 193 147 271 107 164 133 184 218 170 129 253 235 215 273 268 18 289 146 174 49 210 254 110 259 252 296 1 263
89: 99 37 70 161 60 183 192 104 182 207 295 71 195 50 61 230 40 300 2 189 152 248 286 65 257 170 168 9 146 133 81 48 66 177 120 158 284 80 225 292 151 62 114 85 216 82 67 191 147 156 46 254 96 289 106 89 130 162 107 238 206 7 119 187 64 298 235 31 24 204 211 109 176 134 145 246 247 154 267 290 297 226 69 283 172 184 6 239 87 194 112 142 236 83 33 122 197 143 278 212 222 36 16 201 126 132 243 77 240 1 255 148 291 237 14 214 79 108 41 178 115 4 116 175 202 163 264 49 93 121 229 17 27 110 169 166 23 55 74 140 233 174 200 232 160 29 111 228 123 199 76 265 3 281 164 97 75 282 220 210 12 25 127 251 88 128 43 101 262 118 242 193 18 153 209 38 56 86 224 203 22 190 53 5 258 180 181 139 205 103 131 219 155 293 100 279 280 186 34 28 270 47 94 15 44 102 8 244 159 271 179 51 213 105 92 95 63 208 68 261 57 252 234 171 144 13 227 285 136 157 90 263 218 253 274 269 150 35 84 231 113 167 249 54 245 42 91 266 260 78 217 241 58 98 173 45 72 268 296 32 137 10 288 149 221 198 11 26 275 299 73 129 135 165 117 52 21 259 276 19 185 272 294 125 223 141 215 287 256 273 30 20 138 277 188 250 59 196 124 39
90: 230 161 40 195 71 61 192 99 248 182 60 70 300 207 104 295 189 37 183 152 50 2 202 101 97 236 133 228 17 234 171 15 29 259 108 144 115 227 26 16 266 64 10 253 83 42 140 9 130 270 59 19 46 149 269 22 293 190 38 267 73 258 208 6 34 185 7 158 93 292 55 1 82 297 157 217 184 247 220 281 175 131 102 173 66 36 256 12 91 8 72 74 13 123 203 168 43 109 124 90 176 62 21 179 114 39 156 56 204 41 84 135 112 30 98 164 18 283 243 75 96 80 67 200 166 5 205 132 284 278 233 143 263 53 299 113 280 291 206 138 275 103 126 170 219 106 87 211 4 122 146 77 239 89 65 78 240 24 181 229 151 279 3 282 76 177 142 188 105 212 210 257 58 129 165 232 48 27 35 172 153 63 95 57 120 147 237 235 139 88 273 209 128 289 238 85 54 100 285 145 244 194 148 255 134 262 154 94 11 136 199 150 196 290 52 23 14 213 226 160 294 116 254 137 187 218 231 32 265 141 298 251 33 86 178 44 28 224 215 174 119 159 216 241 286 118 260 277 268 250 225 110 246 117 51 167 245 296 191 288 193 169 31 45 252 25 276 20 68 186 242 180 79 214 162 92 287 223 261 69 49 272 221 198 249 127 163 155 264 274 81 201 222 125 197 121 107 271 111 47
91: 161 230 40 71 207 50 70 60 195 152 99 2 37 192 183 248 182 104 189 61 295 300 108 221 178 246 169 155 199 213 280 89 237 46 112 247 293 140 57 124 86 184 9 103 197 96 254 270 26 181 156 100 18 252 12 226 83 205 73 173 263 143 206 284 28 259 11 240 53 95 236 54 298 36 289 10 114 177 219 31 260 202 76 32 17 185 81 72 33 91 19 27 44 162 251 117 176 159 107 232 30 217 35 203 41 3 229 245 267 209 276 126 201 15 191 287 241 38 121 281 62 145 55 16 111 212 239 98 34 269 297 20 90 142 285 39 275 187 268 64 210 146 294 165 22 175 223 29 193 233 257 43 1 291 129 171 235 101 147 51 228 123 164 200 218 288 85 158 261 6 5 77 157 92 74 243 118 277 188 63 160 174 139 255 225 42 194 132 130 153 141 135 292 253 136 242 215 144 271 256 68 282 204 82 234 196 58 186 131 88 296 134 56 66 208 166 224 273 7 279 75 45 109 137 179 227 84 148 93 97 25 272 149 21 4 238 125 286 220 119 190 198 106 94 163 47 222 214 78 274 168 249 167 231 110 211 116 14 87 265 262 250 264 216 52 172 105 154 80 278 258 290 133 49 244 59 24 48 113 150 120 138 299 122 8 67 170 127 13 128 266 180 79 115 151 23 283 102 65 69
92: 230 71 248 61 37 300 152 189 183 70 50 182 60 207 104 192 295 99 2 40 195 161 270 59 190 286 178 174 159 191 219 117 6 197 257 289 209 35 211 47 41 1 36 81 142 277 52 296 223 158 97 258 125 280 124 292 29 179 38 84 106 108 238 220 177 242 7 284 118 175 206 95 127 18 141 172 287 231 113 9 119 274 25 252 203 65 173 185 229 293 121 137 212 143 140 267 255 115 224 279 244 34 46 278 8 30 139 27 281 216 98 249 49 77 19 167 169 237 112 246 147 82 78 291 56 131 103 138 14 213 89 285 32 91 170 107 299 202 239 122 262 165 96 275 194 225 132 20 26 123 134 171 145 68 146 39 235 241 218 48 198 283 100 228 85 199 247 265 120 297 79 55 269 51 157 66 160 154 298 102 31 201 53 208 149 196 233 181 168 94 136 254 253 11 250 163 133 54 180 261 164 232 67 116 186 153 43 44 75 105 114 16 130 263 215 17 87 272 155 23 92 88 72 128 294 193 63 205 226 282 176 28 15 74 80 110 111 234 93 266 227 148 221 156 144 214 109 204 245 251 151 184 162 288 217 21 240 271 264 57 45 76 260 222 200 101 150 22 187 135 10 64 5 126 12 42 58 13 243 90 83 188 69 3 33 4 24 129 273 259 210 290 73 62 256 86 268 166 236 276
93: 50 207 161 183 192 37 295 104 40 71 182 195 189 248 61 70 2 99 300 60 152 230 265 59 229 98 260 117 113 205 131 34 123 133 140 84 217 296 270 100 263 56 290 22 187 7 232 297 224 54 272 159 236 67 135 172 286 96 212 199 168 181 138 62 214 188 3 57 206 94 177 132 169 91 39 72 228 23 220 259 69 244 32 85 93 87 118 255 108 45 116 176 142 68 65 227 126 292 89 121 137 166 151 180 163 221 162 55 15 233 36 164 18 293 198 283 241 144 120 74 245 42 43 102 158 268 298 127 115 261 179 252 254 213 139 275 208 266 51 186 276 223 273 52 240 156 204 33 238 31 112 105 145 288 203 280 219 235 154 246 165 134 242 109 46 16 75 130 49 13 86 80 155 148 190 278 153 250 48 262 167 257 90 122 269 11 73 211 218 79 111 110 124 9 150 92 247 35 287 20 196 174 299 231 8 129 146 41 185 64 28 289 291 253 239 101 173 107 284 29 249 215 95 258 58 1 209 103 14 225 160 5 210 149 10 193 83 4 6 125 234 197 82 202 53 194 226 157 294 119 251 279 178 264 237 143 63 282 274 141 106 97 76 24 281 184 21 222 44 26 170 38 216 171 191 17 267 27 19 271 114 128 66 78 256 243 175 47 77 136 12 81 30 285 200 147 88 201 25 277
94: 192 161 50 182 207 70 60 99 40 248 230 152 195 71 183 2 61 37 189 295 300 104 170 22 81 256 24 53 263 294 240 95 112 232 31 268 296 214 135 143 191 109 199 160 96 158 147 274 244 139 46 132 259 245 166 187 281 89 85 93 129 65 202 75 34 35 220 218 77 32 15 260 159 45 136 106 252 225 128 167 179 133 44 279 272 111 223 235 224 289 203 21 88 184 239 127 113 299 257 3 92 165 55 149 54 126 278 290 231 108 246 131 42 56 190 6 211 137 262 83 8 130 116 172 82 297 101 33 97 155 146 254 264 38 285 215 236 157 74 217 87 271 148 177 212 72 198 156 13 73 141 277 43 121 243 27 206 196 194 1 213 150 287 201 267 48 227 120 209 186 284 171 59 176 29 175 26 80 181 69 49 241 222 273 90 234 288 91 102 286 64 20 57 255 19 66 103 67 4 16 47 178 205 76 118 30 242 58 291 14 174 154 151 204 180 258 12 188 84 253 265 200 226 63 197 39 18 78 283 140 117 238 229 163 249 98 124 193 251 114 276 51 122 142 164 134 7 216 100 52 221 247 210 94 10 79 219 11 68 250 5 269 123 138 36 105 275 41 261 292 169 125 28 162 282 115 145 280 153 293 9 173 208 144 23 107 25 86 17 233 119 168 110 266 185 237 62 228 270 298
95: 183 207 230 50 61 40 152 2 189 300 71 195 182 60 37 99 161 192 295 248 104 70 117 201 206 213 16 214 32 170 231 222 157 139 209 239 49 297 141 11 291 236 185 168 298 257 259 20 18 68 53 217 134 148 171 265 237 31 151 267 26 136 293 143 131 51 274 289 180 122 145 146 87 126 177 256 74 233 268 150 21 227 56 46 63 69 73 35 133 155 277 33 67 62 159 4 80 202 167 258 108 272 281 211 128 130 110 204 106 208 64 10 13 169 294 38 255 24 41 241 25 129 262 23 250 270 283 187 39 57 84 200 225 29 76 103 188 215 203 96 95 275 116 176 112 66 299 186 147 81 218 85 285 115 284 124 175 140 273 276 149 9 22 19 191 240 190 55 174 75 264 165 127 65 59 102 254 97 210 173 184 114 226 266 261 123 113 232 44 89 279 247 286 109 78 3 92 287 228 7 36 138 178 72 88 242 27 212 94 193 288 118 30 245 251 282 79 144 196 224 48 8 223 263 90 156 43 160 221 198 83 137 194 93 158 34 243 216 252 164 100 121 246 28 58 12 119 253 205 86 47 271 125 54 98 181 14 163 17 120 42 292 220 135 101 179 153 296 234 235 249 229 105 199 45 1 269 166 52 15 172 290 82 280 111 197 260 154 238 107 6 278 77 91 244 219 5 142 132 162
96: 183 37 152 104 182 207 192 70 189 99 248 300 295 60 61 71 230 40 195 161 2 50 180 51 269 113 98 128 66 165 115 261 41 232 225 84 231 3 91 7 30 108 93 297 101 245 284 203 131 222 229 233 178 210 220 16 270 125 64 24 119 73 228 74 221 187 4 54 286 88 283 293 22 278 26 251 36 124 43 85 237 259 234 275 77 194 97 9 172 65 27 38 132 134 29 57 272 263 103 266 169 163 282 136 247 291 67 42 201 13 139 226 144 213 264 153 149 21 130 59 252 199 146 72 239 212 235 121 76 277 62 118 87 191 216 242 224 137 255 5 198 294 8 141 82 117 202 106 166 206 290 215 53 223 159 176 179 39 23 114 14 102 258 170 11 236 205 246 157 52 68 288 253 143 46 25 109 186 75 107 92 217 55 34 1 32 133 147 112 58 120 123 6 214 254 33 197 126 47 208 200 209 184 219 285 116 81 175 204 142 63 90 69 80 100 79 17 211 160 196 289 151 94 218 244 35 15 271 140 292 154 129 156 256 150 96 280 49 265 298 276 122 164 174 105 86 20 185 83 31 135 250 257 274 188 262 44 243 281 10 273 89 268 28 193 287 95 148 155 12 299 45 173 260 296 227 162 168 111 240 267 171 56 19 238 138 241 249 78 177 18 110 181 48 145 167 158 279 190 127
97: 300 50 189 61 37 2 40 161 192 230 70 195 99 183 152 182 207 104 60 295 248 71 282 276 65 269 9 121 66 122 136 298 190 8 111 285 188 4 123 88 38 215 191 245 134 151 197 74 187 18 240 119 86 62 247 272 184 81 135 139 246 102 297 115 283 175 264 277 266 172 109 97 105 23 57 45 270 292 212 5 84 265 232 127 95 186 117 15 141 78 124 106 120 159 194 251 116 259 214 171 83 67 238 237 100 239 164 29 68 165 178 17 73 179 146 273 49 53 110 72 114 168 286 202 274 255 63 16 167 138 3 132 34 125 48 201 56 166 180 198 236 196 177 242 41 147 291 94 213 249 262 77 112 11 260 288 98 150 92 173 218 162 64 199 293 130 143 103 222 268 299 59 225 235 19 280 211 154 20 44 279 226 129 137 200 108 217 55 43 126 256 90 12 209 228 101 278 257 223 96 254 181 160 170 253 176 80 118 275 210 244 35 7 229 79 163 133 294 216 89 10 258 206 93 263 208 233 155 87 261 169 204 22 267 221 32 290 142 156 157 14 185 107 58 6 30 271 54 21 224 250 27 193 46 52 289 203 174 287 140 227 243 47 25 24 76 82 231 145 296 284 33 75 219 28 31 234 113 241 42 69 13 128 39 153 220 51 36 158 144 91 149 26 85 252 205 131 148 281 1
98: 182 104 300 248 189 2 195 99 152 71 40 183 37 70 192 295 50 161 230 207 61 60 180 275 127 225 68 212 288 154 141 286 199 32 144 145 297 98 293 92 241 258 193 63 296 17 170 130 118 24 112 64 65 117 41 102 31 143 257 264 279 101 108 291 229 54 184 8 142 227 223 213 33 265 43 280 244 245 11 116 5 72 103 115 25 173 239 218 200 236 240 228 47 52 83 172 168 140 185 196 255 150 210 66 85 222 14 114 238 159 39 94 135 178 246 110 107 55 73 53 253 22 35 86 87 270 146 181 219 205 96 176 214 111 190 235 9 204 84 272 148 44 203 162 7 165 15 202 247 38 188 91 197 175 19 208 256 122 28 147 233 138 174 249 163 126 277 262 58 226 123 186 134 97 267 254 57 48 268 237 62 131 206 21 260 78 16 201 125 157 287 269 266 292 4 166 215 18 209 124 45 56 278 191 177 282 49 132 74 76 217 167 169 105 156 263 46 95 106 82 27 133 250 30 276 251 23 294 158 29 232 113 179 100 3 80 289 242 298 290 120 171 79 129 1 69 211 119 281 12 224 285 75 259 109 36 121 59 81 273 194 252 284 220 283 139 93 128 42 153 155 77 221 274 136 89 271 51 137 160 149 20 67 216 234 164 261 187 6 231 88 243 34 198 13 10 26 90 299 151
99: 2 60 183 99 70 50 248 230 300 182 195 189 152 37 192 161 295 40 104 71 207 61 33 120 246 113 154 179 21 219 93 139 265 270 258 89 279 244 29 27 235 291 79 283 254 127 287 276 165 238 25 147 157 232 43 198 96 24 266 158 212 52 298 262 201 122 23 140 222 247 42 141 4 38 255 275 39 237 151 74 66 6 19 174 1 86 261 47 14 188 62 206 288 148 208 53 7 214 143 229 118 228 211 51 263 54 109 277 84 17 132 87 67 142 176 128 138 45 204 102 191 256 209 112 150 68 110 239 94 85 105 249 164 125 126 181 124 114 135 290 57 137 223 159 20 178 90 186 162 273 226 78 56 286 292 103 69 35 160 167 149 83 115 129 10 299 216 155 268 31 77 156 170 241 202 13 3 210 153 111 236 294 289 272 282 146 190 227 220 264 253 28 26 73 221 91 136 15 101 257 243 116 76 163 242 97 36 173 281 108 187 234 98 95 177 107 184 260 215 72 80 217 296 5 267 175 293 271 65 32 180 8 205 81 44 130 218 269 121 131 48 231 59 117 203 185 18 251 240 64 30 285 46 168 213 171 134 106 233 197 12 11 169 200 100 58 41 119 278 34 144 16 88 259 172 82 252 245 284 9 75 193 22 194 274 55 297 123 49 224 196 280 250 133 92 199 145 63 225 166
100: 295 183 300 104 248 195 70 230 207 189 71 61 99 60 182 40 2 50 37 192 161 152 209 171 149 49 270 164 54 218 90 142 125 12 120 174 129 14 153 58 191 170 265 132 255 279 240 165 163 212 44 84 16 151 144 77 145 277 292 80 281 211 190 124 110 173 254 63 257 25 22 210 73 252 146 242 36 11 234 166 102 128 139 94 3 167 253 108 41 168 198 127 299 213 208 53 258 162 23 263 52 282 9 107 186 184 204 115 43 95 267 278 169 187 181 264 214 283 32 275 273 239 288 205 121 19 109 172 8 136 251 42 111 106 51 215 7 98 126 262 231 206 179 243 55 217 69 237 159 112 18 155 65 28 226 82 74 6 196 26 1 57 154 197 131 176 268 297 89 259 276 158 39 114 261 175 200 45 245 134 225 56 235 285 227 216 250 38 101 296 291 286 24 160 33 92 103 130 219 17 194 88 141 156 266 289 220 260 79 48 105 30 246 75 119 31 35 15 97 87 298 284 293 203 247 10 140 228 241 233 5 244 188 66 224 67 150 137 122 81 100 46 86 193 280 20 78 13 123 157 135 201 272 269 222 138 294 199 185 68 64 47 202 21 178 83 229 133 177 91 96 221 287 113 271 116 238 59 27 4 93 148 223 180 29 290 236 62 143 147 256 85 249 274 232 118 117 72 34 76
101: 295 195 2 99 182 248 230 104 60 183 300 70 50 152 207 71 61 37 161 40 189 192 287 247 142 164 255 122 298 291 162 69 117 8 55 197 36 139 246 133 274 19 111 35 211 107 268 91 203 261 90 276 258 113 52 79 20 265 206 112 296 97 225 193 243 44 143 216 7 201 118 95 87 84 299 23 4 57 125 12 15 288 10 126 188 228 141 146 229 48 82 235 275 160 74 83 281 64 293 38 194 75 209 137 86 174 94 102 5 181 31 217 177 191 116 25 199 22 224 214 51 233 213 21 100 205 251 259 222 119 153 267 238 171 101 236 13 241 49 17 47 114 65 242 130 138 115 175 252 29 282 234 172 110 30 92 215 244 166 179 226 151 98 279 124 280 254 53 131 223 165 269 14 127 67 239 24 286 245 285 289 278 45 184 11 167 168 292 66 187 27 250 34 218 59 185 237 204 134 123 158 129 68 149 148 266 173 1 273 210 145 121 16 208 103 231 232 270 132 88 85 221 80 18 81 196 253 157 220 159 219 93 198 256 277 128 262 212 136 180 271 42 62 96 186 154 264 41 294 263 163 28 43 120 73 72 144 39 108 78 140 3 249 6 170 190 147 257 135 26 200 297 272 106 54 105 109 227 63 77 9 202 176 240 150 33 56 178 156 260 32 169 46 89 155 284 58 76 283 290
102: 99 70 104 189 295 248 195 182 161 2 60 207 152 230 192 300 37 50 71 40 183 61 20 214 125 206 66 143 166 139 153 121 267 287 117 46 26 191 184 212 204 3 200 273 146 75 209 282 213 174 33 168 24 167 223 291 38 288 227 196 265 111 6 128 43 4 77 109 221 138 208 211 135 134 133 263 97 283 108 36 293 187 131 101 13 9 88 103 18 91 177 224 10 23 53 74 172 255 231 280 240 298 188 56 253 294 136 79 197 254 185 202 171 140 222 100 19 246 239 59 68 259 72 169 148 256 106 276 126 278 251 14 94 210 95 154 234 274 149 141 165 39 55 51 98 67 7 272 270 145 268 129 201 41 84 163 194 5 205 73 122 81 217 250 220 178 82 144 8 85 203 170 150 83 175 242 236 262 44 21 89 198 62 215 25 155 130 226 49 164 232 132 147 58 269 69 86 173 65 238 29 225 64 193 35 63 80 181 229 260 244 257 296 42 116 118 160 279 17 264 241 28 216 235 228 12 233 93 247 243 32 277 249 30 151 258 57 114 285 96 292 87 286 90 76 186 34 219 120 271 15 176 158 78 105 275 119 31 47 157 159 102 218 22 123 299 11 1 180 110 115 45 142 92 52 289 127 237 113 124 199 162 297 156 281 245 112 266 27 284 48 261 54 137 107 16 179 252 190 290
103: 152 40 161 300 99 37 195 182 60 71 295 2 248 230 61 70 50 189 183 192 104 207 11 213 157 160 143 101 205 223 93 181 12 145 151 210 215 250 126 224 94 217 156 175 153 233 283 80 42 131 219 256 253 130 137 201 53 246 243 17 58 214 270 251 294 185 74 284 272 123 48 173 150 278 231 20 139 29 194 196 35 105 299 297 25 220 279 66 27 62 236 147 171 282 285 118 269 262 238 166 227 26 55 92 75 10 197 76 129 276 91 141 155 174 116 88 191 63 107 239 44 3 202 163 169 149 178 271 132 135 176 298 232 177 24 57 158 234 252 268 21 138 154 115 244 226 260 69 241 261 235 89 229 134 267 280 119 286 100 274 97 102 33 245 19 133 43 22 56 258 86 113 293 117 190 14 4 146 110 49 9 168 259 96 289 106 68 186 81 7 13 39 142 275 179 164 54 257 87 296 203 193 124 225 255 167 277 264 263 292 127 38 240 206 148 52 218 90 6 290 128 28 281 8 237 187 41 273 288 122 95 184 144 140 222 291 47 1 180 83 16 228 51 125 198 114 45 5 46 120 136 247 85 64 79 32 199 78 172 211 249 18 287 208 216 77 108 200 23 36 84 242 254 82 204 31 73 209 103 72 170 266 30 34 265 111 212 15 112 162 221 65 109 67 159 59 121 98 165 188
104: 61 300 161 60 40 230 99 192 70 152 207 189 195 37 295 182 2 183 71 248 50 104 235 102 239 130 33 213 257 246 92 89 123 237 86 128 232 210 166 229 52 73 84 39 272 251 51 38 120 284 129 263 18 16 124 95 4 203 22 286 228 174 83 74 24 217 85 280 226 278 79 136 45 59 242 121 53 9 274 11 191 193 106 227 168 289 172 103 181 23 56 185 6 215 94 36 271 200 63 147 258 155 125 277 244 7 208 275 46 93 160 276 290 198 245 132 247 115 81 122 27 222 163 145 212 293 194 138 26 197 270 117 116 150 214 205 44 282 157 98 249 162 190 88 255 119 78 137 201 34 131 164 127 264 167 236 199 260 178 3 97 5 105 281 266 13 72 14 261 62 47 254 109 112 297 170 12 158 21 8 202 219 54 42 87 126 234 96 186 169 143 171 64 288 233 211 225 91 15 279 110 17 140 135 1 68 298 77 32 49 100 80 285 82 31 218 269 111 265 273 113 206 220 35 209 58 262 10 180 30 165 67 76 184 187 173 204 256 231 268 55 291 292 216 25 151 196 148 156 177 252 296 118 149 20 294 90 253 141 108 43 65 146 153 240 159 114 48 224 243 221 241 250 175 287 238 19 69 299 41 139 179 134 259 66 29 75 267 107 144 142 188 133 57 28 223 176 101 154 283
105: 99 61 2 207 152 300 60 37 161 40 230 70 50 192 189 71 295 195 104 182 248 183 260 281 48 7 197 274 297 150 17 162 244 218 72 19 271 229 186 75 208 82 89 131 25 163 205 272 147 34 79 282 228 109 39 280 134 277 234 59 298 273 252 52 221 294 265 149 227 94 73 49 105 3 216 177 190 185 245 210 255 63 247 296 176 133 243 180 160 266 291 83 257 269 201 223 144 155 41 135 179 226 279 299 290 288 262 214 15 157 270 125 178 80 224 241 264 148 65 87 259 92 293 62 153 181 231 33 225 45 26 235 287 159 171 115 8 76 242 137 81 35 165 126 232 278 204 140 96 58 121 10 128 118 212 292 233 213 98 239 9 167 136 138 289 107 36 164 116 113 91 174 194 146 236 238 254 261 22 158 12 202 151 54 251 64 132 114 1 108 268 18 250 222 21 275 66 119 14 187 200 129 78 188 203 168 93 101 97 43 173 219 57 175 211 29 284 196 124 246 199 156 154 24 74 44 38 198 276 111 95 77 193 256 30 32 31 69 285 106 143 4 110 100 88 6 120 215 117 169 90 122 67 55 103 84 209 237 170 23 11 191 16 145 28 112 253 102 56 51 86 141 258 142 184 220 5 127 249 166 123 13 27 42 53 267 47 85 240 172 263 20 68 286 217 130 283 206 139 46
106: 60 195 230 207 295 192 182 248 70 99 50 300 40 37 61 71 161 189 152 183 2 104 54 298 91 87 257 206 188 168 269 139 244 94 9 236 65 158 92 63 296 288 213 228 286 285 268 44 108 204 199 38 76 260 233 5 186 252 145 31 240 172 59 26 163 259 226 11 279 64 289 263 270 30 1 55 58 16 112 216 287 231 52 128 67 159 205 32 69 138 122 211 165 101 222 75 6 43 68 84 129 77 162 292 218 274 36 107 169 28 22 53 291 119 137 34 27 23 93 282 276 66 42 95 166 155 214 237 241 224 190 234 235 89 8 194 100 146 12 116 153 110 15 150 277 160 3 143 208 97 203 24 297 191 4 156 232 141 181 247 251 88 170 47 221 171 123 130 223 79 18 35 29 149 196 86 243 281 41 109 74 134 115 198 266 78 258 144 210 126 51 273 284 90 164 98 118 254 148 80 73 57 197 185 180 225 25 271 157 264 133 184 132 250 209 265 125 179 49 167 96 246 45 178 177 174 253 147 14 215 85 290 200 140 272 242 62 131 283 212 10 124 238 120 245 48 106 201 20 117 193 262 102 135 275 151 267 261 239 227 56 111 220 103 187 21 136 127 82 176 81 142 83 113 249 39 202 256 114 33 280 154 105 173 121 175 13 17 217 255 299 294 293 19 72 46 7 219 278 229
107: 183 61 99 70 161 71 60 189 40 50 248 152 182 37 195 230 295 192 104 207 2 300 194 241 102 190 240 291 103 83 297 128 30 90 260 285 126 246 180 222 9 262 54 154 21 33 247 270 108 75 117 94 187 216 172 124 35 115 125 160 220 49 67 274 136 212 170 265 72 239 48 176 142 261 292 27 45 31 141 205 251 253 132 1 223 145 258 116 6 137 177 197 284 267 217 20 147 196 237 121 178 198 236 256 43 171 34 100 62 282 168 175 24 290 210 39 18 150 249 107 148 165 153 149 11 77 146 81 38 264 250 16 96 296 226 91 287 46 191 151 271 280 199 227 231 64 101 53 42 245 202 266 36 204 213 41 88 159 225 206 78 255 82 288 179 12 162 243 129 143 157 89 254 74 188 17 25 293 155 214 140 98 257 68 114 294 252 13 63 156 127 84 93 14 208 173 85 26 263 221 186 238 184 289 29 272 298 277 95 200 111 80 79 86 279 167 181 52 268 55 22 5 138 120 235 92 135 131 139 259 118 224 281 273 23 209 234 3 65 275 232 201 119 185 219 166 193 44 8 269 47 211 10 69 76 105 28 134 112 163 4 123 66 106 56 57 283 203 51 113 97 286 109 19 7 59 130 233 229 87 174 228 32 278 110 158 15 218 164 276 73 299 144 215 169 122 133 58 244 242
108: 70 192 2 61 300 104 195 40 37 161 207 189 50 295 230 152 183 182 248 99 71 60 118 296 47 206 173 52 238 79 232 150 208 93 273 11 122 269 67 38 260 134 245 240 225 90 137 3 236 204 258 14 234 297 103 28 124 31 203 8 45 59 164 167 193 15 272 138 34 42 131 179 84 22 166 147 9 289 56 129 175 282 186 55 117 249 86 222 224 133 247 26 113 30 241 176 25 98 116 190 136 68 130 13 226 74 65 7 229 262 257 125 254 214 171 119 216 227 69 29 198 244 92 96 174 298 212 165 235 95 153 81 17 108 178 24 88 148 194 132 233 159 196 57 114 185 170 135 276 18 187 62 23 231 266 78 202 163 63 72 144 172 41 256 139 181 265 89 156 140 82 277 10 145 285 281 211 228 242 197 83 141 54 264 123 294 39 6 201 162 51 253 106 128 293 142 255 158 102 210 27 217 180 215 218 111 112 188 32 220 160 199 263 292 44 73 66 105 288 271 287 221 87 94 259 155 268 5 58 275 267 299 97 291 1 121 283 168 151 219 46 184 85 213 252 16 36 154 284 4 19 243 33 237 115 126 100 120 270 251 110 280 278 169 109 239 48 76 127 149 20 146 209 35 43 250 107 143 21 80 274 53 286 77 101 177 12 157 223 191 200 290 75 261 246 64 49 279 91 205
109: 104 50 152 195 183 37 71 2 248 60 161 99 230 207 295 192 40 300 70 189 61 182 194 7 269 25 293 106 116 259 125 222 294 81 223 21 12 292 255 296 79 132 227 163 271 29 265 145 231 176 63 205 139 45 128 242 247 162 282 177 249 100 254 240 15 62 89 122 144 58 140 114 31 174 196 28 49 187 141 158 169 46 8 170 250 235 5 291 143 33 229 173 87 210 103 41 237 82 167 11 68 126 96 241 43 233 245 244 284 94 98 148 124 216 30 51 138 209 91 215 1 288 75 204 92 268 261 136 115 80 178 287 69 55 213 77 109 64 3 219 198 127 239 93 113 236 10 172 121 155 217 180 193 13 225 232 153 201 175 120 275 165 111 221 19 130 123 220 135 171 133 246 149 150 298 286 47 17 264 224 168 9 251 190 228 157 24 78 297 97 107 202 260 164 263 179 212 110 35 273 83 142 72 186 146 290 238 188 289 272 234 131 101 105 95 151 18 147 256 270 299 42 266 112 85 76 154 14 59 199 27 218 39 26 276 214 253 6 211 258 52 102 208 84 119 22 118 117 243 129 34 285 16 185 226 56 44 197 181 53 86 203 281 283 262 73 108 166 57 278 88 90 252 20 206 67 32 23 191 54 137 274 36 277 74 4 38 159 134 156 200 267 48 65 184 257 279 66 160 280
110: 183 99 230 182 300 50 60 2 70 192 152 71 61 295 37 189 161 248 40 104 207 195 67 26 6 129 245 246 47 215 228 214 63 193 276 31 233 173 150 240 11 235 16 187 28 115 156 271 239 237 58 81 59 112 296 283 181 106 32 169 266 53 166 36 273 137 229 175 213 200 244 285 171 206 177 160 34 265 80 164 288 287 165 52 180 69 135 277 275 5 290 267 190 46 289 102 254 30 168 125 250 96 234 241 259 13 147 153 21 84 4 208 116 8 263 98 73 170 257 65 127 140 210 66 236 78 279 269 123 88 24 121 97 49 139 95 186 12 68 111 286 87 221 130 83 227 198 14 253 131 205 29 41 176 42 145 262 199 184 107 27 211 124 281 179 224 252 292 20 220 79 56 202 51 113 251 7 44 172 196 225 185 120 174 10 218 216 136 191 109 282 143 122 178 90 72 278 158 226 138 222 260 19 243 101 209 33 144 128 133 94 126 154 89 149 134 163 219 194 85 298 274 284 157 25 299 197 92 256 151 118 3 201 268 1 23 162 57 258 86 142 204 64 238 247 76 212 231 148 9 55 141 280 146 117 82 17 242 255 100 38 167 159 54 297 132 188 15 93 203 35 223 22 43 75 108 48 62 232 270 155 294 293 91 272 45 103 291 77 249 39 119 217 105 18 114 261 110 264 74
111: 295 183 70 37 60 104 40 207 300 195 230 161 71 99 182 189 152 50 61 192 248 2 150 119 7 272 62 186 227 141 187 249 299 175 66 203 285 214 94 237 110 55 188 20 258 154 290 21 8 232 292 109 190 19 51 157 145 246 98 213 244 238 14 193 54 231 247 52 24 73 261 210 153 151 95 262 93 239 234 220 254 138 23 270 90 242 135 132 68 253 197 245 25 86 211 75 276 259 5 263 96 65 194 196 22 217 17 149 77 127 125 85 221 279 289 91 63 6 12 191 184 236 88 181 283 106 255 13 257 38 114 243 129 240 41 271 286 130 117 4 81 107 208 256 46 179 57 101 126 180 32 222 131 201 116 293 287 134 224 53 30 163 274 115 36 16 28 118 42 103 33 89 216 120 76 200 59 228 172 174 250 178 92 11 198 18 229 124 29 268 69 80 264 140 128 171 100 168 267 78 10 204 97 277 260 15 27 87 112 72 225 160 273 169 105 185 162 278 164 284 108 215 121 79 31 166 275 113 288 9 297 3 281 170 122 136 74 158 67 45 146 26 173 39 199 282 133 82 269 176 44 49 142 219 294 265 43 35 218 123 144 48 167 202 139 223 165 212 252 102 56 206 226 156 209 155 251 84 280 148 83 47 177 111 34 137 291 241 147 296 233 205 143 266 1 58 159 298 64 235
112: 93 22 197 122 68 170 296 217 190 69 290 236 46 138 1 254 87 247 143 59 75 203 249 7 73 275 260 269 125 27 78 82 187 204 107 244 191 214 100 86 174 263 108 205 29 57 199 297 56 13 137 289 209 202 242 121 52 258 4 51 229 222 159 11 262 186 246 117 272 240 268 145 180 210 279 123 149 6 248 150 196 12 132 131 198 215 136 298 40 130 142 250 43 66 151 72 106 24 98 63 58 228 96 74 172 165 182 256 112 253 161 293 8 231 91 167 85 111 168 238 181 47 201 147 185 286 99 164 118 97 116 21 277 284 188 255 26 55 219 162 216 280 119 129 266 15 65 243 76 80 83 233 141 5 192 292 60 84 295 36 18 251 156 259 64 287 183 67 264 134 155 33 25 70 62 38 16 120 50 158 127 265 300 32 31 61 276 225 291 148 113 154 169 194 175 282 41 271 124 30 221 105 273 294 153 237 189 285 28 166 146 288 20 193 35 133 126 178 239 270 157 274 160 89 171 152 103 49 213 10 206 104 44 2 19 220 34 163 200 139 45 71 226 261 144 281 109 179 176 257 218 241 94 227 3 90 95 110 283 232 81 115 224 299 234 207 23 211 48 177 79 184 37 42 39 17 114 212 92 101 88 245 230 223 53 173 54 135 267 128 77 195 252 9 14 235 140 208 278 102
113: 125 204 73 209 82 242 93 214 29 138 57 1 78 69 203 46 75 86 199 249 296 260 52 159 174 68 269 27 7 258 197 222 205 13 190 297 247 51 107 254 229 275 22 191 236 289 4 143 56 217 244 59 137 108 87 187 263 170 202 290 11 121 122 100 252 42 266 28 19 58 40 154 130 36 127 294 224 37 133 23 139 48 273 155 194 149 196 43 284 18 61 162 226 134 113 156 109 256 206 5 278 95 223 295 71 132 33 215 44 126 34 208 180 160 25 164 251 268 8 166 292 9 182 175 177 35 150 272 120 97 12 45 98 228 80 15 298 55 171 234 115 255 60 185 253 47 70 167 265 17 96 117 3 76 148 158 38 220 77 231 41 74 285 106 124 90 65 119 270 250 101 32 178 163 62 63 207 135 193 238 50 161 213 31 239 262 245 144 248 2 103 140 10 291 67 147 116 151 243 201 145 216 280 53 20 6 118 30 26 84 183 282 128 173 141 286 91 184 49 300 181 111 129 257 212 259 211 237 221 24 241 99 192 165 227 232 293 299 136 279 246 114 267 94 16 188 92 195 131 225 169 72 230 281 14 66 104 110 287 168 176 219 39 264 240 81 277 89 153 179 152 274 105 64 271 146 21 123 189 85 79 276 54 200 102 233 142 157 186 288 283 83 235 198 112 218 172 261 210 88
114: 197 22 217 202 125 56 11 1 143 199 29 69 159 263 78 52 247 204 13 7 174 75 236 254 190 68 187 4 289 87 46 73 107 57 229 269 100 297 222 249 27 59 93 122 290 86 205 138 121 137 203 275 209 108 82 242 258 296 191 170 214 260 244 51 270 259 130 265 19 112 216 171 109 288 272 9 76 267 239 245 262 145 32 83 256 44 80 208 277 129 241 132 45 135 271 243 119 251 25 295 221 26 226 85 195 235 47 10 40 92 189 24 173 238 231 105 183 213 99 162 279 79 65 101 88 58 146 185 198 298 220 273 287 15 81 164 186 268 62 240 90 286 246 179 232 64 97 33 21 154 39 156 136 161 276 280 16 66 91 67 20 71 180 188 300 38 219 157 110 152 207 194 283 96 55 41 12 181 2 31 3 230 250 106 237 120 172 28 5 30 36 127 284 117 177 285 168 139 142 70 63 53 206 34 111 210 184 257 115 147 42 165 155 149 158 94 201 141 148 228 35 252 153 278 124 196 182 176 215 18 192 103 218 166 114 98 54 113 299 200 77 133 50 224 211 128 89 6 60 264 163 178 131 72 175 74 134 223 266 8 169 118 49 61 150 281 95 102 48 144 233 274 167 255 23 126 294 253 160 17 151 104 212 43 227 293 292 123 225 261 248 282 291 140 84 37 234 14 116 193
115: 222 209 242 191 254 100 29 275 46 204 75 122 93 11 69 51 244 52 249 56 27 125 121 59 13 269 205 203 170 68 159 199 229 236 260 258 202 78 86 143 289 1 87 217 247 82 197 22 138 57 290 108 7 296 214 73 187 190 107 174 4 137 297 263 272 193 127 282 257 80 5 44 53 234 300 188 227 134 90 157 278 105 3 60 215 123 279 18 17 151 48 133 158 237 76 225 42 63 2 9 71 287 183 195 92 110 102 196 103 299 64 267 130 223 97 88 50 89 126 250 261 273 47 10 240 283 219 220 33 270 155 8 19 286 153 185 95 256 207 38 206 26 184 259 253 115 208 124 231 20 81 182 12 175 114 288 6 25 245 145 43 149 135 212 111 28 49 201 176 139 168 198 79 24 117 62 294 276 211 15 32 98 113 224 141 16 292 31 165 54 280 94 218 221 173 83 131 30 192 180 70 228 264 246 35 96 239 104 181 77 226 45 154 23 109 91 128 293 118 14 150 271 58 230 274 67 112 72 281 162 291 200 41 37 167 140 172 284 132 101 233 238 252 160 171 84 298 99 152 36 255 194 156 251 177 179 21 119 295 166 129 161 120 85 277 106 178 148 169 243 266 285 164 147 241 235 39 34 144 66 210 65 116 146 163 189 142 232 136 248 213 186 216 262 74 265 61 55 268 40
116: 236 249 100 125 258 57 108 290 205 13 289 22 52 275 93 263 143 297 56 11 191 137 1 254 46 69 203 187 269 244 204 260 138 202 86 199 170 107 229 247 242 87 222 27 73 7 29 122 121 174 78 214 197 59 82 51 4 296 159 68 209 75 217 190 157 168 280 8 101 14 293 17 142 175 54 264 120 136 253 248 129 135 10 147 44 12 85 104 211 150 38 167 250 239 39 74 270 146 238 212 111 71 155 25 299 210 66 45 300 50 149 233 218 55 225 80 215 158 19 241 179 91 277 92 70 251 213 221 165 127 223 292 285 49 98 83 227 189 102 112 240 278 192 286 243 26 90 60 201 123 156 20 276 207 139 184 16 257 279 81 131 178 32 23 116 271 151 154 185 145 171 96 115 9 148 152 40 153 220 105 232 106 64 186 99 41 72 163 48 181 256 200 47 216 188 3 295 144 160 58 103 114 195 132 77 198 230 97 166 194 261 18 224 53 5 35 42 283 162 89 284 61 124 294 110 226 30 126 24 67 208 219 265 36 117 15 28 79 177 272 43 173 76 268 235 119 31 228 262 193 282 161 130 259 2 182 94 274 288 133 6 169 88 266 206 37 196 245 176 134 141 63 291 95 128 231 109 183 287 252 84 113 255 172 267 34 140 21 246 164 298 62 118 281 33 65 234 273 180 237
117: 125 214 69 209 107 22 254 11 247 137 296 258 289 202 46 59 52 68 86 229 82 56 108 7 187 217 121 203 249 275 236 205 138 4 263 13 100 191 159 297 190 244 27 87 75 57 197 170 51 1 242 29 199 122 260 143 78 290 269 73 222 174 204 93 101 36 149 299 262 165 188 84 37 48 148 79 111 192 253 189 186 70 21 106 224 105 20 256 47 168 282 54 116 65 251 41 136 255 250 142 55 291 135 39 166 16 182 300 257 90 123 8 241 183 83 113 195 85 157 154 237 239 30 146 62 220 44 71 38 131 272 276 266 156 133 43 225 42 219 267 81 129 218 92 261 17 298 238 25 72 130 114 230 232 28 201 273 235 80 45 49 95 50 109 152 110 64 243 160 264 153 208 99 252 158 281 292 172 35 19 18 124 3 198 171 139 58 283 246 5 295 277 77 26 194 102 294 117 115 151 167 127 245 33 60 31 200 76 61 145 40 279 94 280 210 126 2 74 221 15 227 32 215 284 132 34 66 67 9 175 96 134 287 181 285 228 179 12 265 10 150 141 193 144 155 271 63 196 97 240 288 118 212 163 274 270 226 53 234 231 119 162 112 104 169 216 180 24 89 213 207 206 164 178 91 223 286 23 14 211 6 233 161 293 176 173 248 98 140 185 268 120 259 88 177 184 278 147 128 103
118: 137 269 159 197 263 187 93 107 75 82 1 46 290 242 4 59 29 289 51 202 217 125 191 52 203 138 214 100 78 22 222 275 57 13 87 143 229 68 11 254 297 108 236 69 249 258 244 190 86 27 209 7 205 121 56 199 170 204 122 174 73 247 260 296 255 259 142 71 81 9 149 76 268 194 49 44 8 240 132 111 136 279 58 53 35 261 131 278 179 129 211 281 245 183 250 101 230 5 120 219 192 169 163 66 165 96 235 223 200 248 115 47 135 293 97 126 156 103 266 41 164 283 144 196 14 145 274 291 92 38 239 292 206 62 80 43 127 157 85 36 162 146 95 128 140 16 119 26 257 227 72 23 253 91 277 152 3 226 25 168 195 98 33 54 154 252 2 224 114 210 175 177 220 48 110 178 124 208 270 218 161 88 188 201 171 251 20 21 63 109 238 30 40 104 84 267 189 89 287 70 134 18 34 74 147 265 32 233 295 216 19 130 94 173 207 271 198 42 282 184 141 105 276 28 50 10 272 106 39 212 286 246 215 45 213 228 155 172 118 24 300 181 256 133 64 90 99 234 167 180 243 65 185 83 160 231 221 232 186 116 79 113 31 150 15 166 294 153 225 158 117 176 280 241 102 112 151 61 123 284 299 60 264 148 37 67 273 262 6 55 237 288 12 139 298 17 77 193 182 285
119: 205 290 68 69 7 236 244 22 78 159 249 242 51 203 199 121 137 29 100 122 57 254 296 75 289 275 1 190 4 260 27 59 209 73 107 52 13 170 258 217 46 214 82 263 202 174 56 191 269 204 86 197 108 138 222 93 229 187 297 247 87 143 125 11 89 232 268 136 105 112 97 111 167 210 158 211 43 49 17 274 34 284 110 146 23 5 280 25 226 256 246 74 192 140 181 282 18 30 77 113 243 219 131 3 66 81 60 182 267 193 71 26 276 180 55 36 228 63 98 91 286 213 235 88 120 179 251 6 207 35 299 164 194 169 139 40 141 300 50 130 292 231 37 261 225 272 265 94 92 117 118 132 195 198 283 64 262 153 106 185 145 129 220 61 79 14 186 281 239 264 216 238 285 188 227 165 250 114 270 295 16 147 252 54 271 257 208 83 45 126 215 103 237 168 163 178 115 12 223 175 38 206 234 99 266 21 28 42 240 278 48 142 84 253 15 134 144 291 9 172 287 245 196 173 293 166 259 24 224 183 152 116 162 127 248 151 47 277 102 221 96 233 95 154 124 212 294 189 230 171 279 255 161 2 72 241 67 148 39 101 62 65 119 104 218 184 19 76 90 177 8 157 80 200 288 155 298 128 273 53 32 20 10 70 156 33 58 149 150 109 133 85 44 41 135 123 201 31 160 176
120: 125 247 269 122 121 199 289 254 275 73 29 51 222 159 214 205 202 4 187 137 229 108 7 170 27 57 86 174 1 297 138 242 93 82 203 107 11 59 197 260 296 244 46 249 190 191 69 258 68 290 236 56 87 143 100 22 78 217 13 52 75 209 263 204 154 168 47 17 96 83 110 188 156 267 225 118 282 239 142 39 271 117 112 286 20 139 279 6 104 18 241 256 148 55 90 245 193 157 109 49 215 180 101 77 103 181 67 30 123 281 115 114 64 26 196 221 210 253 3 166 130 53 145 219 48 81 298 255 300 63 91 71 240 126 163 99 265 88 79 177 45 135 97 207 66 208 116 140 131 233 160 220 120 266 243 2 201 232 37 293 128 34 43 175 231 41 171 288 129 299 280 85 40 98 158 189 235 33 287 257 283 15 35 113 9 89 132 151 60 61 274 32 176 84 105 153 24 216 198 178 169 111 182 155 224 284 291 162 5 192 19 195 234 165 149 261 42 273 150 211 8 223 252 144 74 58 36 152 184 295 294 259 16 23 164 134 124 262 80 12 92 167 173 44 276 226 230 72 95 38 213 141 65 185 119 246 76 228 250 237 54 94 106 50 278 10 285 238 31 25 200 270 183 28 127 179 218 277 194 62 147 133 251 102 21 206 161 186 212 146 272 292 14 248 172 264 268 70 227 136
121: 29 214 87 51 73 249 69 138 269 222 296 57 297 229 59 93 143 86 1 202 52 75 260 107 199 125 205 290 56 204 197 190 244 187 203 289 217 209 275 121 7 159 174 22 254 13 100 4 11 108 122 27 247 170 78 258 137 46 236 263 82 242 68 191 83 18 232 76 176 89 40 152 9 141 271 196 109 265 55 300 206 156 282 200 177 237 129 241 274 259 36 5 164 284 144 14 183 3 58 120 134 243 148 272 154 132 240 201 185 233 126 239 234 32 95 124 168 292 238 127 186 235 49 30 54 12 23 145 65 158 251 270 139 277 38 85 266 60 175 118 130 45 81 295 90 165 28 261 43 218 117 25 245 34 252 94 279 298 293 92 273 153 262 227 228 66 131 72 96 194 253 157 119 166 47 50 84 286 71 226 15 268 149 39 287 115 193 147 276 172 278 223 123 10 37 112 294 111 19 113 103 215 220 102 63 189 24 291 146 133 163 178 210 211 213 140 198 256 184 2 142 230 91 231 88 74 70 167 192 188 195 104 155 248 285 110 48 161 42 128 35 114 225 6 31 288 53 136 221 224 171 255 182 264 80 257 21 212 299 180 98 208 44 20 116 135 173 216 219 106 62 280 169 33 207 267 61 64 99 160 181 150 179 283 26 101 8 17 281 77 162 97 246 151 105 16 250 79 67 41
122: 204 69 242 107 52 108 203 22 1 263 297 209 260 11 229 217 78 244 122 191 87 247 254 125 93 138 197 275 82 205 4 86 29 51 236 73 75 290 46 187 214 137 202 68 269 27 222 56 174 296 249 7 258 13 170 199 59 100 57 159 289 121 190 143 25 278 140 226 231 210 85 154 60 292 267 94 156 201 67 163 252 175 173 5 145 255 284 232 171 181 152 216 238 50 109 34 291 272 151 162 63 294 276 33 105 53 124 115 293 18 184 38 116 215 72 285 182 139 36 103 185 221 31 9 74 243 37 134 219 237 77 64 89 112 65 158 136 259 155 42 41 198 54 178 110 287 177 101 213 189 245 224 300 248 281 70 119 58 84 114 96 211 193 126 47 192 43 166 133 81 265 99 111 44 113 118 186 28 19 71 161 146 142 200 102 179 212 98 239 32 147 206 196 10 49 66 195 176 250 97 218 165 12 48 14 268 91 76 157 223 253 62 262 30 127 208 277 288 230 251 104 257 233 45 235 8 164 20 131 15 90 168 40 3 130 129 240 128 274 61 24 270 160 153 106 83 39 23 144 207 194 132 225 92 26 80 271 279 180 172 261 299 282 256 148 169 123 55 35 266 246 150 220 16 149 167 228 283 234 2 183 6 298 264 17 21 79 88 295 286 95 227 188 135 273 120 117 280 141 241
123: 7 57 78 202 122 4 86 269 289 13 73 159 51 46 87 222 82 1 244 56 260 296 27 125 249 214 242 297 190 290 69 199 263 143 22 138 229 107 191 209 204 100 29 93 247 68 75 197 174 121 52 236 137 203 170 205 59 187 11 108 275 217 254 258 113 293 67 26 280 192 112 220 157 114 287 99 150 118 31 243 166 12 28 163 225 256 298 185 179 96 131 239 94 2 171 278 285 84 273 161 241 90 102 250 245 41 35 152 253 136 284 255 40 142 24 30 14 50 182 6 211 154 196 252 5 115 62 33 55 162 74 212 133 105 81 101 272 127 97 233 147 218 8 60 276 9 223 177 15 135 248 23 16 158 267 292 266 227 186 300 132 83 117 17 126 291 219 195 141 207 91 58 299 109 44 103 172 92 76 169 231 54 119 36 184 230 25 181 246 19 237 153 206 18 200 261 79 66 144 47 134 64 104 193 155 281 120 224 148 146 262 61 283 238 72 286 10 215 21 53 88 189 63 95 123 208 213 167 149 32 257 175 265 106 128 288 98 210 201 270 173 259 264 268 221 49 39 277 226 232 282 151 156 235 251 71 140 42 3 45 145 295 34 168 228 85 164 176 48 70 294 160 89 43 38 271 216 198 165 274 110 65 139 234 188 240 20 279 37 116 183 77 124 194 129 111 178 80 180 130
124: 73 46 209 107 108 217 260 289 121 214 87 27 7 78 1 244 82 275 68 263 122 29 191 203 4 249 69 22 125 86 269 13 202 222 56 138 51 197 143 296 236 170 59 75 187 174 258 254 11 242 199 290 229 137 247 57 100 297 93 204 205 52 190 159 31 8 114 131 26 39 285 283 286 62 63 88 227 278 36 180 10 186 141 144 133 105 25 228 238 148 287 225 37 155 284 264 266 70 61 206 124 162 226 111 151 24 80 149 184 250 6 237 112 256 28 163 153 40 55 165 268 185 257 241 38 115 265 77 252 261 201 91 224 79 273 41 129 216 193 294 74 54 72 32 157 230 164 246 15 154 66 251 291 84 212 53 255 219 96 293 282 12 60 277 215 110 123 145 128 210 67 71 5 295 166 267 168 126 178 49 134 16 130 21 23 280 76 173 106 156 119 142 118 176 3 9 58 90 103 146 97 171 33 136 64 43 18 198 192 132 140 300 189 47 253 35 101 19 218 274 183 196 81 175 158 223 50 195 83 139 207 161 2 169 152 271 220 272 208 245 292 233 30 150 182 200 65 248 299 298 17 188 147 102 221 44 109 14 232 259 172 231 279 94 45 116 270 235 179 177 48 85 34 234 211 99 135 194 113 288 239 117 98 243 276 95 160 240 127 89 104 20 167 92 213 262 42 181 281 120
125: 1 56 247 258 289 121 27 263 242 59 203 78 249 11 86 13 269 122 174 107 197 254 244 51 159 52 290 187 68 205 236 229 214 93 75 143 82 202 217 108 87 170 57 137 73 209 191 296 46 275 204 4 138 125 7 199 222 29 100 260 22 190 69 297 250 239 280 157 293 152 48 110 172 252 276 300 237 36 255 102 132 246 286 32 141 212 183 77 177 41 219 265 198 14 218 164 168 270 144 120 208 207 166 103 43 232 264 38 97 171 285 227 81 60 88 196 53 25 256 39 283 17 54 133 63 167 184 211 128 156 49 192 83 79 58 195 28 267 176 178 213 274 153 117 149 298 130 273 299 66 18 272 23 220 284 282 71 221 116 206 101 277 210 292 118 147 146 24 9 50 231 16 266 31 243 131 67 223 113 124 64 154 140 40 123 89 98 142 230 253 6 278 162 238 139 169 135 8 115 201 182 268 10 74 151 35 234 279 2 111 104 15 91 5 163 94 257 30 145 42 226 84 19 127 155 150 158 261 55 92 295 20 34 119 44 85 47 224 134 189 233 3 175 193 62 281 179 185 194 96 291 215 160 72 181 70 126 180 129 240 76 12 136 165 99 251 241 112 109 245 259 90 148 26 61 287 216 186 45 248 225 95 294 37 262 161 105 271 235 65 288 21 33 228 200 188 106 114 173 80
126: 108 197 73 199 190 214 187 260 52 13 269 205 143 275 137 4 202 217 247 51 222 191 258 68 22 59 249 29 122 209 57 82 69 254 138 125 46 170 204 263 11 290 244 56 86 27 107 229 174 100 289 78 242 203 87 159 236 121 93 297 296 75 7 1 282 144 103 184 54 232 62 165 31 277 246 38 152 224 24 212 178 261 155 98 126 298 66 211 262 189 134 293 267 39 14 219 23 41 235 294 273 195 101 179 3 291 279 216 136 255 112 280 228 104 140 181 26 139 182 88 157 55 288 72 109 71 194 192 278 106 177 30 36 89 35 130 259 225 10 239 248 63 64 292 43 79 188 96 74 123 47 58 83 253 124 164 90 131 37 117 67 226 17 18 156 16 44 84 173 176 180 234 40 158 60 227 50 147 172 215 186 21 48 15 167 77 168 213 268 286 102 148 162 221 94 45 193 265 6 160 285 5 111 105 146 166 145 207 149 142 61 128 32 161 252 198 283 185 206 223 208 34 284 42 271 12 85 65 287 91 150 299 256 201 281 127 251 151 141 20 81 113 210 243 99 274 97 76 154 9 53 276 19 163 183 118 25 153 270 28 110 264 175 295 272 231 114 92 129 119 238 241 196 115 200 218 233 95 245 169 80 133 120 266 300 116 49 2 171 33 240 257 250 237 132 70 135 230 8 220
127: 191 269 82 29 57 217 137 236 121 86 199 202 78 258 138 254 51 125 93 27 159 46 203 209 190 197 122 56 205 69 263 247 289 249 1 275 107 13 204 59 260 68 108 75 73 100 4 229 222 187 170 52 297 214 290 244 7 143 11 242 296 87 174 22 64 292 261 189 262 206 193 161 2 18 271 98 123 30 282 101 173 198 246 181 175 127 112 224 110 142 240 196 233 80 66 245 12 283 60 74 153 237 65 144 25 238 119 277 252 288 134 83 194 21 164 36 97 287 248 218 231 255 16 38 156 19 48 35 294 131 105 243 176 215 120 285 239 186 166 251 160 152 9 42 33 55 77 71 132 226 169 274 92 34 43 58 291 115 37 5 276 128 207 111 141 41 3 180 212 220 140 235 45 256 200 90 95 50 272 286 44 130 265 154 126 129 184 72 165 40 171 149 79 266 67 139 213 91 264 293 157 114 14 158 270 234 89 208 133 10 106 124 230 183 201 94 117 155 188 6 148 96 88 15 24 250 47 284 113 8 20 118 62 104 162 182 172 178 300 76 146 61 17 281 295 195 268 32 63 84 28 211 278 298 257 109 168 163 167 210 241 267 145 102 273 150 192 136 280 54 259 31 26 223 216 116 135 221 147 225 219 279 103 185 299 253 49 227 81 232 179 70 23 99 228 85 53 39 177 151
128: 202 57 73 197 75 269 27 107 51 297 170 7 82 205 122 68 143 275 249 46 244 263 214 290 190 138 52 59 247 222 121 204 289 56 159 203 29 86 258 13 236 242 108 11 199 174 229 137 100 125 4 296 93 260 1 69 191 78 22 217 209 254 87 187 60 139 25 38 61 114 168 124 92 152 293 147 210 256 182 238 43 102 279 134 96 232 149 154 153 259 126 85 109 294 115 54 151 83 272 248 218 49 173 231 171 6 131 42 3 103 292 284 245 113 80 198 133 157 219 195 130 99 181 142 19 101 240 266 129 287 116 140 165 28 67 17 241 141 58 283 212 280 166 224 18 155 120 23 12 264 150 111 77 177 175 246 193 72 265 105 213 65 261 31 62 252 81 286 104 295 298 128 95 21 32 119 270 132 127 211 184 216 163 234 282 30 66 71 35 76 239 37 144 277 208 110 39 156 48 79 253 206 162 194 220 47 225 255 200 98 183 192 36 118 34 300 63 106 226 288 136 41 9 164 123 299 268 94 196 40 145 188 84 262 158 281 237 91 291 16 135 148 180 267 251 97 276 228 10 24 64 44 53 15 243 146 271 90 221 160 2 33 285 250 88 207 14 112 278 161 257 89 55 215 274 172 179 169 235 233 273 50 223 26 70 176 186 167 117 45 5 20 189 227 230 178 201 8 74 185
129: 75 205 82 73 87 13 100 108 297 93 269 51 138 57 197 137 249 236 275 121 202 1 199 296 289 122 254 7 190 174 214 247 263 29 258 52 11 170 260 107 125 78 244 187 56 68 242 86 203 209 229 222 143 4 22 204 290 191 46 217 59 27 69 159 118 83 273 173 227 240 136 224 239 114 5 155 160 291 120 278 134 176 80 109 124 53 248 144 74 230 238 228 116 119 3 43 255 295 132 253 166 284 300 179 20 79 220 61 45 299 112 67 267 95 145 235 35 156 181 19 10 64 55 272 147 63 91 264 128 287 154 293 208 14 84 102 9 139 65 268 292 207 127 85 37 92 158 113 180 150 17 110 131 193 106 16 285 66 48 140 218 153 90 98 60 282 216 40 161 241 42 231 41 6 245 47 274 206 130 237 250 135 226 211 2 225 152 146 32 23 126 298 168 288 133 99 294 252 261 15 165 18 188 270 129 21 167 149 50 33 72 34 62 36 243 177 141 281 221 171 142 276 38 162 175 97 185 259 213 277 77 164 215 182 105 104 117 178 279 24 94 58 198 262 151 286 70 8 172 256 157 89 210 71 25 76 103 101 88 223 266 196 49 111 201 251 280 148 183 219 44 123 257 246 26 283 234 169 271 96 31 30 163 28 232 212 233 186 195 189 39 81 265 192 184 194 200 12 54 115
130: 73 78 199 69 75 143 296 214 258 87 190 57 86 82 93 209 203 122 159 170 222 244 297 51 229 217 205 263 289 269 247 254 260 4 107 138 202 108 56 242 13 236 46 191 197 100 7 290 187 275 137 174 22 68 59 125 1 29 11 249 121 52 204 27 145 218 39 101 94 213 228 112 79 264 179 133 18 123 58 71 282 98 130 293 132 185 226 196 50 195 234 30 151 89 169 161 14 17 97 158 111 168 207 148 155 116 253 136 119 292 117 276 176 134 35 72 270 140 250 8 241 183 15 139 172 255 144 21 240 257 243 166 115 120 76 141 77 206 63 106 163 37 295 273 299 99 238 211 25 223 65 162 212 231 110 84 44 95 10 131 146 274 16 34 283 279 48 67 175 277 189 233 267 42 3 150 182 167 188 272 6 83 261 237 66 31 38 286 266 271 251 268 291 147 102 164 215 135 160 9 104 19 152 49 41 288 265 285 70 154 114 124 184 54 153 23 126 245 157 55 194 90 294 142 113 193 105 200 149 216 262 36 127 278 210 239 45 24 235 60 80 81 103 281 20 40 287 91 2 109 156 5 171 96 92 284 225 201 220 198 246 280 224 53 129 256 165 173 32 298 43 88 177 248 118 252 230 181 128 33 64 208 221 61 178 26 192 62 300 85 232 219 186 47 180 28 12 74 227 259
131: 52 174 170 191 263 244 236 203 107 75 78 73 229 59 93 46 197 29 296 254 199 4 27 138 69 297 1 7 204 209 202 247 87 125 187 57 260 205 258 217 86 275 51 108 56 214 159 22 242 100 289 190 68 122 121 269 143 13 222 137 82 11 290 249 130 65 89 9 44 55 243 90 158 95 298 246 132 71 256 287 139 34 58 49 134 286 79 66 74 33 40 136 231 36 177 62 48 105 212 110 127 8 195 207 285 118 186 268 23 182 72 221 2 3 64 15 113 135 255 152 283 145 201 6 276 264 96 14 41 181 50 241 172 28 279 185 92 103 99 157 238 176 169 12 274 101 227 80 178 188 272 106 5 37 175 35 60 116 278 224 104 194 213 230 109 94 20 70 120 259 250 144 146 10 228 271 88 206 150 168 300 151 291 76 141 124 223 198 165 115 153 167 42 288 193 128 102 43 216 261 45 26 30 39 232 67 149 112 161 211 129 54 63 237 47 171 154 140 277 251 160 38 119 295 148 240 220 142 235 225 253 81 233 114 245 97 284 111 31 91 273 262 155 270 196 17 208 299 234 163 147 61 294 164 267 280 292 210 200 53 265 173 248 252 257 183 77 18 166 179 226 239 219 25 192 32 98 16 162 83 215 117 84 133 218 293 189 24 21 180 126 184 281 123 19 156 266 282 85 131
132: 7 254 46 174 82 214 275 209 73 29 86 205 263 159 290 52 296 137 170 27 289 13 247 244 11 78 56 87 199 204 4 121 258 108 122 229 187 236 260 22 138 217 1 249 125 269 191 222 100 242 75 297 143 197 69 203 51 202 59 93 57 68 107 190 95 64 14 282 77 32 215 146 2 135 142 126 300 128 37 81 253 224 196 113 116 88 268 157 76 44 292 28 41 161 124 286 74 103 120 26 251 262 293 151 264 245 10 42 5 171 110 136 226 239 277 267 235 270 80 294 149 63 243 40 6 284 279 192 162 90 99 49 186 132 225 21 96 276 105 250 272 175 25 261 265 34 114 102 298 130 60 18 230 168 62 181 141 240 227 182 24 213 178 221 70 109 220 273 72 15 83 31 206 112 158 194 274 43 54 211 17 223 127 47 169 3 140 152 104 257 19 184 89 180 58 164 288 65 131 195 153 241 189 248 36 210 98 97 179 212 119 85 228 198 165 291 30 160 285 232 238 38 166 53 283 218 208 299 150 172 115 163 101 155 252 176 16 123 237 133 188 259 219 177 255 117 201 148 106 200 66 111 280 144 84 9 33 134 50 147 266 8 207 139 91 185 271 173 167 145 281 118 23 193 61 20 129 295 234 94 35 45 216 92 278 183 256 233 48 287 79 67 154 12 55 156 39 246 71 231
133: 22 4 242 190 56 247 51 29 290 93 202 46 229 260 86 143 13 275 209 249 254 297 263 204 236 121 214 296 269 205 87 170 107 199 137 59 68 78 69 108 1 217 122 244 11 7 75 73 82 52 125 187 197 203 222 27 100 57 191 159 258 174 138 289 155 127 3 169 225 173 113 44 43 110 58 194 243 179 182 37 238 134 70 233 12 14 54 5 298 34 128 226 273 291 277 26 285 85 114 219 261 76 176 20 123 28 212 292 259 241 274 255 220 49 265 266 240 201 267 286 112 251 139 132 168 189 276 149 230 45 156 180 31 64 136 300 74 66 25 208 299 10 253 88 165 94 188 150 141 284 72 61 181 163 80 178 211 200 83 210 288 271 145 235 33 294 144 102 8 250 97 120 272 90 98 30 221 124 196 158 216 116 283 24 101 223 109 18 71 195 206 35 198 19 154 77 111 172 92 148 239 177 185 232 140 162 81 183 293 257 262 104 119 224 129 67 41 32 118 192 245 256 207 152 282 42 147 16 36 270 9 89 146 99 62 133 60 135 151 218 126 79 39 105 6 167 103 55 53 48 63 246 171 184 213 287 17 38 115 186 2 268 295 237 228 47 227 193 84 131 65 264 281 157 106 280 130 215 234 160 50 164 21 166 95 117 161 252 142 248 40 15 175 278 96 153 231 23 91 279
134: 244 78 121 199 1 7 59 269 222 202 56 247 174 209 289 69 204 229 4 27 93 107 75 108 29 191 236 46 214 73 170 205 254 100 296 297 217 159 51 242 86 190 87 187 263 122 52 290 260 68 82 203 197 125 138 13 57 137 22 11 275 249 143 258 65 192 208 85 163 276 34 32 219 196 61 139 42 166 94 49 72 241 124 292 288 112 12 129 198 273 118 172 23 123 150 282 47 145 156 119 120 126 225 136 228 248 43 171 286 230 238 74 264 140 210 77 15 60 278 111 5 44 102 35 267 218 251 294 79 180 252 116 114 89 76 158 284 8 3 55 177 38 50 18 25 53 99 92 231 285 157 117 135 37 274 281 268 299 227 148 261 162 67 41 33 200 235 271 182 39 131 16 221 279 63 189 134 287 179 175 183 184 195 2 270 133 178 66 9 90 169 155 151 96 88 64 212 181 48 232 193 45 20 19 201 257 104 259 146 160 71 293 113 283 233 91 164 188 167 36 253 141 30 70 95 206 142 103 152 216 234 105 226 101 24 130 224 220 256 81 31 26 14 185 194 109 243 246 149 186 239 211 128 161 10 21 97 223 6 237 300 277 298 213 173 98 17 147 154 115 207 28 144 250 240 266 295 272 62 58 245 84 291 215 265 262 54 153 80 110 280 168 165 255 106 176 127 40 83 132
135: 244 86 258 260 121 205 297 197 203 69 122 56 275 138 7 229 249 199 174 202 51 82 269 263 107 4 187 13 29 108 137 289 204 222 236 209 27 75 170 59 100 296 217 68 93 143 214 254 247 191 87 242 159 52 73 78 22 190 57 125 290 11 46 1 10 19 154 162 219 292 98 153 184 79 36 285 273 109 168 227 160 210 151 88 41 54 166 95 124 274 2 280 213 80 134 25 40 47 126 237 39 300 271 96 48 183 105 231 250 24 193 295 288 299 30 118 83 91 150 259 135 132 161 64 65 6 103 189 130 239 119 14 286 16 17 172 67 117 221 31 60 226 272 148 270 152 293 195 291 74 33 139 12 63 240 264 196 32 37 92 44 233 283 179 38 15 220 188 243 133 230 104 28 212 127 180 268 71 131 128 276 173 248 141 186 298 176 55 106 169 89 3 34 142 94 178 61 253 115 149 216 76 277 171 245 256 155 85 200 43 84 140 146 8 234 257 185 206 198 208 58 261 246 164 294 167 215 77 218 35 66 50 116 101 177 49 194 113 99 163 266 175 223 232 238 158 112 201 129 42 18 284 62 123 267 110 207 9 211 192 97 53 102 147 251 81 282 165 26 70 157 225 265 241 279 23 145 21 252 224 228 120 45 235 262 20 278 182 5 287 136 156 144 114 90 255 181 111 72 281
136: 269 191 229 244 289 13 260 187 143 7 297 249 197 29 51 258 190 11 46 86 236 100 204 209 93 170 205 57 4 107 22 78 69 202 121 174 275 203 73 137 263 56 52 222 290 254 82 159 138 1 68 217 125 214 27 122 59 87 75 296 108 247 199 242 230 186 20 215 160 273 245 148 126 277 76 213 181 40 120 23 268 161 89 286 10 262 261 144 279 98 198 272 118 133 54 83 67 2 64 210 91 32 94 243 128 115 151 145 95 237 146 77 103 218 61 31 221 158 255 239 182 8 19 211 235 109 193 231 136 256 274 189 25 3 36 257 102 53 168 111 37 42 117 232 88 79 139 92 178 194 238 227 220 185 153 271 287 206 35 266 216 129 112 21 71 288 70 113 234 49 292 177 228 16 167 196 5 55 149 33 276 105 34 219 281 50 299 114 294 278 154 298 6 284 207 123 141 224 192 130 173 252 24 110 134 180 162 188 41 267 233 66 250 152 155 81 166 60 96 176 43 15 295 17 265 253 251 163 99 179 293 26 184 283 132 18 156 119 38 248 183 9 164 63 200 116 142 85 124 80 90 84 240 225 147 226 106 241 172 282 280 39 28 131 65 259 300 47 171 165 74 223 150 285 175 58 101 246 12 97 135 48 264 195 45 291 14 157 270 104 127 30 212 140 169 62 208 72 44 201
137: 22 174 51 191 87 59 290 236 57 249 73 82 100 137 214 143 46 93 202 187 121 197 263 269 254 297 29 242 138 68 27 247 52 11 107 190 258 4 296 78 229 204 199 244 159 108 203 7 209 289 13 86 222 275 56 69 217 75 122 1 205 170 125 260 219 63 208 237 139 66 131 42 67 231 162 38 271 163 264 64 47 280 135 232 221 175 36 133 6 34 259 299 265 257 226 103 88 123 182 104 31 95 284 91 79 45 192 101 283 272 233 96 98 102 172 37 291 268 227 215 200 150 294 10 32 116 158 256 228 160 213 278 148 287 177 173 61 19 166 212 110 169 8 41 62 248 117 245 167 149 189 193 267 33 23 153 130 154 292 40 194 72 184 15 286 113 58 54 26 145 25 251 281 89 225 241 261 97 81 114 274 300 181 288 74 142 266 185 152 127 164 255 144 195 70 118 155 220 129 180 28 223 201 43 2 234 90 171 50 243 119 240 186 157 151 18 55 24 211 77 105 5 84 83 141 178 134 235 146 16 253 132 48 270 230 49 136 250 176 53 224 80 65 21 111 161 206 282 30 277 293 9 12 198 99 273 3 39 156 183 76 216 120 124 94 92 147 140 44 218 128 239 20 188 168 285 207 210 17 276 238 60 112 262 252 165 279 14 35 179 246 115 71 106 109 126 85 196 295 298
138: 122 290 68 170 125 46 289 87 205 1 27 260 229 191 222 75 78 52 7 22 138 214 121 190 56 159 258 244 242 275 73 86 269 11 100 296 236 254 217 174 108 203 57 137 199 204 59 209 13 297 69 82 202 93 247 197 4 143 187 263 29 51 249 107 94 206 257 179 110 274 270 169 129 81 147 261 71 149 267 224 37 250 176 24 287 213 90 256 17 106 240 175 111 156 139 218 221 185 153 91 268 95 288 120 85 12 277 126 293 192 295 92 265 298 77 286 132 114 64 252 266 152 216 79 15 207 227 8 200 103 282 172 20 10 164 47 271 25 34 134 16 60 146 62 84 211 178 133 58 281 43 223 193 99 163 113 21 66 97 145 116 194 54 28 48 162 259 245 39 171 228 186 226 161 251 42 19 32 160 189 142 38 235 128 70 173 83 212 89 123 53 154 131 148 220 144 6 33 276 264 40 241 196 96 280 243 23 141 238 184 74 273 166 50 292 135 118 61 291 36 117 233 279 237 5 262 2 165 157 182 294 210 151 76 35 150 80 14 167 63 158 285 246 201 230 31 9 177 119 26 299 30 55 234 278 18 45 67 41 105 181 127 115 232 188 3 109 72 283 155 88 102 284 231 104 168 195 248 49 124 272 136 98 255 65 140 239 180 101 112 208 130 300 219 44 215 183 198 253 225
139: 191 22 7 296 51 29 100 297 159 46 4 217 27 209 290 69 187 56 197 13 11 236 269 78 125 244 93 86 174 121 203 205 75 57 73 52 87 199 222 137 143 260 107 138 263 82 289 247 202 204 1 258 275 108 68 229 190 122 59 254 214 249 242 170 184 115 179 90 64 292 224 278 123 264 81 162 181 41 61 58 207 23 153 183 265 255 102 96 240 277 299 233 165 239 30 37 257 117 2 294 31 33 237 63 12 55 198 280 235 273 285 298 182 48 283 189 188 91 261 281 177 44 132 259 192 186 300 16 35 196 139 128 171 295 6 268 39 99 131 14 211 67 109 175 95 234 274 145 167 60 20 266 250 178 98 129 238 212 151 32 152 130 163 36 49 83 256 38 50 8 105 77 279 227 166 158 146 3 112 97 168 103 24 118 17 15 114 219 72 140 169 84 119 185 85 231 144 135 136 89 276 156 291 65 284 113 252 120 271 213 253 272 161 141 195 200 106 194 251 216 180 116 28 54 110 248 154 74 9 104 76 172 62 53 228 94 88 267 126 47 149 221 286 5 40 70 134 147 218 45 111 223 133 25 226 215 225 206 71 201 160 282 176 101 79 21 232 157 241 43 245 34 287 270 208 210 80 124 164 230 19 173 26 288 150 293 66 42 193 142 148 10 127 18 220 92 243 246 262 155
140: 222 56 263 244 197 138 242 75 52 296 170 13 247 203 59 125 78 187 269 236 82 258 107 174 191 190 209 254 86 22 7 87 217 204 51 199 143 68 29 27 73 159 137 121 202 100 297 290 69 229 108 275 93 4 122 260 11 46 249 57 1 214 205 289 60 139 149 42 251 157 101 48 117 287 33 116 146 162 220 195 112 234 18 228 194 268 133 39 104 141 208 120 131 8 74 284 32 71 274 180 165 64 280 298 186 50 41 219 140 44 198 53 63 212 96 163 90 252 67 135 66 127 24 58 105 183 113 34 20 283 26 272 185 169 62 285 264 36 17 267 230 134 181 40 166 28 79 292 235 54 179 184 15 126 218 47 226 89 130 35 85 243 176 38 102 92 213 110 152 155 278 167 118 291 288 106 147 265 25 5 164 37 158 55 281 294 9 207 233 168 193 215 201 196 172 160 161 94 250 177 49 16 189 2 12 241 246 253 144 192 136 262 178 200 115 156 91 145 261 188 43 95 72 98 80 30 142 182 153 216 61 19 300 255 99 81 286 45 77 227 248 299 211 221 103 10 65 151 119 171 231 97 150 259 148 295 14 128 173 240 223 129 224 111 277 225 132 76 206 21 210 88 114 266 232 293 276 70 273 83 245 154 175 282 238 256 3 6 23 84 239 31 279 124 257 123 109 270 271 237
141: 249 138 107 254 296 137 29 290 159 68 244 108 93 82 217 199 187 275 51 214 222 203 190 269 197 46 52 170 57 56 229 7 205 263 204 143 125 75 260 247 121 297 27 86 122 59 242 258 100 202 289 174 78 69 73 13 1 87 209 11 191 4 22 236 136 153 109 90 164 212 181 48 224 133 74 104 198 20 55 142 237 105 139 235 288 257 225 178 132 111 36 188 158 135 40 215 88 58 134 71 295 154 175 123 234 144 49 173 37 81 96 262 3 285 70 218 116 294 196 102 50 253 221 54 184 228 272 43 180 172 281 79 259 119 231 171 114 183 182 193 151 195 6 211 210 276 200 32 252 39 53 19 10 80 16 35 207 42 277 169 223 161 131 106 238 21 9 85 271 273 250 241 292 112 94 17 117 267 45 156 163 28 124 33 5 8 147 145 77 167 251 192 287 113 30 160 84 279 150 232 266 129 298 149 98 177 2 168 286 176 34 189 239 26 213 165 76 206 278 141 31 230 41 166 63 283 118 264 255 44 152 299 186 284 65 67 18 300 246 157 120 216 99 38 201 60 64 66 245 91 243 92 162 291 227 97 280 15 256 261 89 270 127 293 268 140 220 12 115 128 130 23 155 24 126 219 95 83 240 47 194 208 146 248 25 14 233 103 61 282 179 185 101 274 265 226 110 148 62 72
142: 87 244 258 52 108 275 242 11 100 191 82 13 51 204 121 56 170 159 125 296 254 78 297 205 27 29 229 236 289 247 203 143 57 217 290 263 174 75 93 202 7 197 122 209 137 86 269 68 107 4 199 46 214 222 138 190 249 22 187 1 69 73 260 59 163 98 300 294 140 166 241 280 180 112 132 292 231 262 55 261 175 14 171 194 134 5 50 106 162 168 227 31 136 3 291 243 257 193 160 219 271 279 185 65 119 129 84 111 266 252 213 9 198 70 240 113 123 268 278 188 238 88 173 201 149 255 21 103 186 89 74 144 41 195 293 71 97 207 25 77 130 285 235 248 189 298 210 226 120 239 114 192 16 102 200 182 81 272 116 183 131 232 141 23 147 154 167 206 153 45 34 146 133 156 85 276 225 221 253 281 94 105 157 91 6 251 19 38 287 43 295 184 2 246 169 64 127 36 139 196 118 12 223 277 155 176 58 18 233 142 61 216 53 30 47 230 218 179 33 151 299 24 28 128 96 37 66 10 267 39 245 54 48 104 265 256 208 178 32 270 62 20 126 215 135 83 40 76 224 172 152 99 110 60 282 274 8 49 273 80 264 158 115 161 220 212 92 90 145 42 15 177 63 67 95 237 228 259 79 165 181 17 284 211 44 117 35 250 124 72 26 286 283 288 234 148 164 101 109 150
143: 249 236 93 247 254 209 1 52 197 290 269 68 73 82 297 187 275 22 202 199 296 263 59 108 214 51 138 69 75 46 229 78 289 174 29 217 4 204 56 87 205 11 125 86 190 244 107 7 57 159 170 121 258 122 222 137 143 203 13 191 242 260 100 27 210 112 24 280 172 216 278 147 44 264 90 43 298 45 156 139 34 142 212 213 232 28 63 294 70 97 133 3 220 227 151 299 270 272 257 62 8 250 240 35 287 21 32 14 252 248 235 91 2 243 279 120 266 181 234 198 9 282 293 238 178 152 17 182 117 175 154 206 31 196 241 55 230 6 167 20 65 60 53 145 140 288 134 12 76 277 19 104 111 193 160 192 171 124 162 110 177 168 218 26 136 88 215 49 131 211 183 188 150 176 223 98 61 246 225 259 207 37 184 79 40 94 36 251 262 148 155 146 58 185 71 114 81 132 74 179 85 285 96 283 129 180 271 42 268 15 153 219 118 109 231 135 83 25 80 102 105 47 253 84 163 291 119 237 201 245 186 173 18 41 39 115 113 255 273 169 295 92 103 166 106 141 226 224 72 281 274 261 239 157 77 286 95 194 38 66 164 16 30 64 48 265 256 130 116 99 228 233 126 128 165 300 292 221 149 144 284 195 127 208 189 101 158 33 267 123 54 50 200 5 89 67 23 161 276 10
144: 217 244 87 27 46 242 297 93 269 174 108 82 13 289 7 57 51 197 209 69 254 258 73 249 11 275 68 29 86 203 296 52 125 121 204 4 290 205 107 247 214 229 22 159 202 56 170 75 138 187 199 260 190 137 1 191 263 122 78 222 236 59 143 100 228 28 43 14 117 192 173 63 218 273 146 177 224 264 234 127 198 257 66 253 42 171 186 26 165 268 76 53 60 175 104 265 219 106 35 116 65 194 120 153 105 64 235 123 300 23 267 79 277 115 169 55 141 25 280 128 111 12 94 282 292 109 168 276 6 21 221 237 61 130 155 95 252 233 287 166 140 210 102 293 126 114 150 148 16 250 261 152 161 71 259 54 278 33 184 85 136 215 92 49 164 232 58 281 103 285 154 41 266 181 208 172 90 32 271 48 272 38 212 223 62 230 189 162 284 295 34 183 262 176 207 206 145 299 193 81 163 47 101 89 91 185 10 3 160 40 77 246 31 274 9 255 83 279 283 112 227 45 15 151 133 84 20 8 241 132 256 239 180 167 129 37 135 99 245 110 24 156 157 44 291 251 124 178 270 2 220 211 144 200 243 288 98 225 147 97 18 216 36 195 96 226 158 149 17 139 118 201 134 131 70 238 113 240 298 179 196 213 50 286 142 188 119 5 88 39 19 231 248 80 294 74 30 67 72 182
145: 93 203 87 13 107 247 197 275 190 82 56 236 73 27 263 217 125 289 258 138 59 187 249 137 244 214 254 122 86 260 46 143 174 170 1 202 290 51 269 121 11 159 204 75 57 68 4 29 191 52 78 7 205 209 100 69 229 108 222 242 296 199 297 22 117 250 67 109 118 133 166 184 198 300 90 123 20 21 177 231 140 85 261 257 71 277 76 279 95 62 152 253 55 276 18 240 246 267 287 24 216 139 31 157 235 181 239 241 72 282 226 6 192 34 91 32 36 110 63 284 89 189 134 176 221 5 127 145 77 273 266 285 206 136 201 298 179 153 3 25 224 230 28 70 293 252 233 128 45 12 43 270 15 106 102 30 274 262 8 193 223 80 243 237 251 97 232 234 283 99 278 182 272 119 160 220 292 255 295 105 208 291 207 126 271 74 178 286 111 19 161 294 248 256 135 211 101 165 53 40 42 146 83 41 65 173 50 96 163 103 16 26 35 88 167 156 171 259 81 212 61 162 49 215 38 218 2 104 98 9 54 47 148 264 194 130 200 10 84 228 227 158 144 154 58 265 288 92 37 188 141 23 94 268 210 64 17 116 299 149 225 185 175 79 169 168 183 245 196 124 238 112 186 172 39 281 131 114 66 180 33 150 147 132 48 14 151 113 280 115 195 213 142 155 44 129 60 219 164 120
146: 78 190 29 289 170 209 229 296 86 27 203 51 82 249 75 93 197 244 57 13 199 68 22 69 269 214 290 1 187 59 46 202 204 258 143 247 254 205 56 297 217 222 242 87 52 125 138 7 122 263 11 108 100 260 159 174 4 275 191 73 236 121 137 107 44 9 154 277 114 95 23 36 278 146 32 274 109 284 21 225 101 228 288 196 184 6 103 126 226 31 166 147 213 172 252 112 66 76 16 20 283 280 224 182 270 216 2 14 85 148 175 115 162 8 47 259 84 194 256 282 295 24 211 134 61 261 163 74 195 91 153 113 5 119 177 25 246 43 230 120 130 42 262 208 54 250 129 58 268 124 241 3 99 71 227 291 251 234 257 156 92 267 193 83 94 139 53 299 264 41 186 30 12 136 300 142 37 161 223 165 221 49 63 181 253 171 292 141 123 105 281 180 179 10 110 231 128 239 96 116 198 80 33 88 285 28 273 185 188 145 89 45 17 15 26 287 90 79 144 62 183 77 55 117 127 218 149 133 151 189 102 294 215 81 238 266 155 111 232 207 106 152 173 168 135 39 237 248 50 245 243 192 255 140 104 164 272 233 72 132 201 18 293 271 169 219 157 131 298 200 98 167 279 34 97 220 286 35 240 19 150 276 235 160 67 70 210 65 40 64 178 118 48 212 206 265 176 60 38 158
147: 191 217 242 197 205 236 275 229 78 204 86 122 296 46 29 108 247 121 203 56 4 187 249 143 87 297 209 69 263 260 107 289 138 254 199 22 174 125 75 222 68 7 82 1 52 290 244 190 100 51 214 57 27 93 202 13 11 159 170 258 137 269 59 73 96 155 240 101 37 16 15 184 182 169 49 250 207 43 266 257 274 50 298 144 3 70 127 88 232 90 248 268 255 12 270 9 161 211 219 287 94 221 141 72 256 145 178 167 148 237 39 112 164 162 180 61 84 210 168 111 243 102 156 176 183 65 272 300 208 136 134 293 288 253 201 66 40 2 114 41 120 284 223 8 28 291 76 172 32 231 115 225 64 77 226 109 281 47 89 251 230 38 106 239 21 24 55 17 36 181 194 295 62 149 10 117 216 163 54 277 119 246 294 42 139 110 200 278 198 129 265 34 173 150 123 35 261 264 175 220 186 81 213 146 79 195 104 80 286 245 165 116 25 189 292 91 151 132 166 177 196 26 142 188 234 5 154 6 157 58 160 235 227 152 126 241 20 130 14 99 147 185 233 215 276 224 48 105 30 171 71 282 273 95 60 140 33 74 85 192 98 53 299 259 212 271 113 218 67 153 19 285 158 262 63 103 131 267 31 44 283 118 97 279 45 135 238 124 92 193 252 23 128 133 228 18 280 179 206 83
148: 69 56 4 51 125 174 236 244 204 122 187 222 29 275 247 75 93 73 170 254 296 209 138 57 87 86 121 46 1 7 214 13 82 52 297 11 191 199 290 108 249 217 22 68 269 137 197 190 143 159 263 202 107 205 59 242 203 289 27 100 260 78 229 258 28 25 36 136 43 218 237 273 178 239 12 206 112 253 118 189 288 172 265 185 277 40 71 24 227 299 45 80 158 198 200 106 62 151 101 255 295 238 9 219 156 38 196 280 139 128 44 70 88 61 294 230 166 117 142 58 47 245 164 278 193 102 220 268 298 127 50 171 83 194 89 129 146 213 31 90 140 39 126 74 215 77 291 97 133 286 81 111 210 55 8 16 131 116 252 264 147 5 180 211 173 149 26 282 165 84 161 163 259 153 212 232 18 228 130 276 274 10 285 233 279 96 241 17 110 162 114 201 256 225 175 150 155 94 37 91 109 3 19 54 21 49 15 33 177 270 176 240 226 284 124 66 235 14 105 181 132 98 168 231 95 41 48 208 188 287 42 119 184 120 272 104 281 251 63 67 224 85 300 293 35 207 144 34 72 64 183 115 223 92 113 32 267 246 103 145 250 154 234 262 65 99 30 2 76 271 23 292 79 160 20 135 257 6 195 261 216 60 157 141 243 179 152 148 221 283 167 182 186 123 266 53 134 248 192 169
149: 75 263 187 73 244 197 204 11 170 174 78 87 203 100 137 289 275 13 108 222 52 260 296 107 202 217 214 57 7 159 254 56 249 125 51 121 269 93 22 199 190 258 122 143 236 297 27 138 46 4 290 205 229 209 82 247 69 1 191 59 68 242 29 86 166 234 33 145 151 164 61 117 49 273 81 257 237 192 188 58 293 98 274 270 124 215 85 65 35 295 147 173 262 220 157 115 91 23 198 195 238 21 80 106 250 189 19 142 41 128 30 39 50 300 279 168 8 123 233 119 160 267 261 102 167 62 228 130 70 71 133 288 92 139 25 101 55 15 255 256 31 20 277 216 259 99 265 299 64 146 227 150 2 134 37 14 286 221 172 40 162 28 272 291 103 268 201 149 42 178 36 32 176 76 165 196 18 292 153 184 12 112 232 38 210 271 253 194 223 141 45 287 283 181 104 294 278 284 113 266 206 129 179 10 240 144 171 95 16 77 54 276 193 63 200 231 180 34 89 94 90 208 225 298 230 116 53 212 131 285 186 88 252 156 175 97 213 161 111 84 207 235 155 245 281 3 83 152 43 26 60 148 185 251 182 158 224 219 118 110 243 239 211 127 140 109 114 79 226 154 5 132 47 96 280 126 72 9 17 177 248 136 105 241 218 67 163 48 24 120 183 44 264 282 246 66 169 74 135 6
150: 203 59 199 107 11 159 22 27 121 75 137 187 7 57 258 82 275 214 170 108 100 269 202 289 29 69 1 138 125 87 290 197 13 229 247 190 174 46 143 263 296 260 191 93 242 297 56 52 78 222 217 86 204 236 51 205 244 4 122 249 73 209 254 68 94 35 198 276 74 8 140 294 239 148 90 23 265 233 291 145 167 49 45 267 169 30 16 181 42 256 38 111 210 135 283 126 266 54 279 26 161 62 5 237 6 255 81 64 19 36 286 117 300 225 251 299 226 39 158 133 171 231 224 61 200 80 9 208 189 55 101 60 71 112 277 188 227 213 218 128 15 102 136 130 164 114 77 212 72 152 192 264 83 129 243 149 44 221 37 245 268 18 66 216 272 92 58 292 76 99 97 118 116 282 120 41 230 33 270 32 28 278 147 163 240 65 132 95 183 193 280 154 63 104 24 180 106 31 234 98 25 182 168 50 273 220 89 211 184 109 206 139 12 48 157 293 153 70 165 248 127 288 67 201 215 124 47 166 119 173 85 232 103 271 105 91 250 252 298 235 113 20 194 14 257 172 123 281 53 17 88 177 151 253 195 84 261 160 185 176 295 262 10 175 43 2 155 219 110 241 238 96 40 34 21 150 162 146 144 285 223 115 3 274 179 186 134 79 284 156 178 259 196 228 287 131 246 141 142 207
151: 138 275 87 68 107 174 297 247 52 27 203 242 51 222 56 289 260 244 170 11 296 82 73 122 86 190 93 263 108 78 191 187 46 249 100 1 57 13 121 205 229 59 69 29 202 236 143 4 7 269 197 204 125 199 217 159 137 290 209 22 214 254 75 258 273 182 60 292 253 264 84 284 172 224 105 98 10 47 180 256 186 251 213 64 23 168 279 144 65 104 109 72 90 9 106 183 156 286 77 142 118 149 295 41 96 274 231 235 88 171 63 28 35 282 192 250 14 300 277 173 161 81 262 211 210 230 151 5 101 178 24 103 30 299 228 271 115 19 36 248 124 145 281 220 45 184 169 33 193 67 237 132 39 287 270 221 294 293 20 164 194 146 113 130 127 129 120 175 272 162 189 112 166 74 252 97 153 17 43 246 276 54 154 95 225 111 34 241 278 12 133 167 268 141 160 288 6 234 61 198 70 207 126 26 128 285 291 37 266 226 280 123 216 92 80 245 265 238 15 50 215 16 177 62 38 163 201 58 150 165 206 18 2 134 53 110 71 114 147 298 208 157 148 152 140 117 240 42 119 3 55 136 223 212 83 155 158 179 102 259 32 200 91 176 257 89 261 76 79 239 185 219 99 255 181 227 66 25 85 188 283 31 94 232 195 21 267 218 116 40 8 44 48 135 131 196 139 49 243 233
152: 93 275 170 22 56 75 204 222 59 27 82 209 57 138 187 297 73 122 121 197 11 258 52 290 214 68 249 217 244 137 143 263 269 159 202 108 87 69 289 7 247 78 296 242 199 260 46 4 100 254 229 51 107 29 1 203 13 86 205 191 236 174 190 125 291 66 228 243 3 17 45 55 53 92 282 192 179 155 245 130 280 70 163 164 218 210 113 183 278 123 116 136 298 237 246 25 255 292 135 110 286 84 141 265 10 94 151 193 98 43 38 178 24 257 274 19 176 223 264 213 112 230 160 158 76 85 2 90 49 288 95 139 32 224 251 227 81 240 156 188 261 206 215 194 149 165 252 256 129 54 101 181 241 33 20 189 26 80 248 36 281 74 177 79 253 259 96 208 201 233 250 126 283 161 21 184 40 9 219 182 295 235 89 30 300 119 144 62 154 186 109 148 207 47 105 6 91 111 196 232 277 195 173 140 124 58 153 131 238 99 34 167 221 212 64 61 226 171 71 44 200 117 42 157 268 88 103 16 266 50 185 12 65 127 162 28 83 273 294 104 220 168 67 118 132 35 39 267 198 239 211 48 293 231 60 15 271 287 225 77 279 166 145 142 262 169 8 270 175 216 134 72 18 102 152 5 31 115 106 14 234 23 147 97 63 114 133 272 150 146 299 180 276 284 41 285 120 37 128 172
153: 121 191 260 1 52 100 57 209 11 125 82 236 137 68 205 107 197 214 229 122 13 4 297 254 203 204 93 275 69 290 199 190 46 289 87 174 258 296 56 217 73 22 51 143 202 187 269 244 108 27 29 138 59 249 222 263 75 247 170 78 86 242 159 7 134 90 243 210 96 109 228 17 193 182 239 295 128 91 267 213 188 71 131 105 12 151 136 147 212 40 64 285 133 95 142 2 130 196 226 282 185 218 139 104 257 183 41 16 62 192 19 85 127 271 140 37 55 265 250 103 31 253 237 88 84 206 299 224 21 231 98 23 101 201 9 270 211 225 245 35 149 135 215 195 6 81 83 146 268 172 99 171 248 181 65 166 238 110 167 163 288 173 50 43 200 234 277 148 155 298 293 198 180 241 3 156 132 66 276 111 240 119 176 161 53 219 15 94 48 186 54 175 227 232 152 141 221 42 39 115 266 79 157 154 274 113 60 177 120 284 144 259 10 291 150 286 45 256 179 233 5 30 145 67 158 300 216 194 280 58 14 18 162 168 63 89 178 118 262 283 32 72 97 74 61 116 49 153 189 34 287 255 294 230 117 279 281 292 272 160 261 129 26 252 220 76 235 47 92 278 123 106 246 223 273 20 38 112 77 124 165 70 24 164 264 44 251 28 25 80 36 102 33 8 126 207 184 114 169 208
154: 82 87 56 4 199 27 197 209 296 191 11 205 78 75 269 59 247 244 52 297 122 258 260 108 93 68 290 222 100 214 107 289 263 275 229 138 254 13 174 57 46 187 242 203 22 1 249 86 137 236 202 159 7 69 121 125 73 204 170 217 143 29 51 190 40 194 146 18 183 161 105 102 153 97 299 116 28 142 173 33 117 160 17 283 152 21 104 227 83 44 89 241 257 34 207 67 92 155 213 60 224 81 237 294 193 158 211 133 74 65 5 286 131 99 113 148 2 292 163 31 50 24 79 273 141 10 264 271 127 53 270 96 226 144 277 130 238 195 223 151 123 295 118 37 70 149 253 110 240 219 48 112 47 136 111 119 228 243 20 245 32 109 267 76 26 9 172 16 140 262 231 171 90 168 15 58 61 42 3 265 23 85 157 288 293 189 285 177 30 216 132 8 188 178 192 19 114 6 45 233 200 64 218 54 198 225 36 181 156 212 256 162 12 115 252 120 72 246 41 66 276 179 147 124 25 94 210 103 38 166 63 169 14 135 145 98 201 175 259 280 80 91 206 250 261 101 291 274 106 248 186 208 255 279 251 298 232 77 300 235 164 281 215 278 71 39 221 84 220 134 184 182 150 287 95 88 129 268 272 282 35 128 154 185 49 176 180 62 196 239 139 230 234 167 165 284 126 55 43 266
155: 170 107 108 217 4 22 46 290 125 263 100 242 254 121 13 82 258 197 203 7 249 51 27 202 87 204 229 143 289 57 52 297 11 205 214 260 191 73 247 68 137 122 199 244 56 187 159 269 296 29 86 174 190 75 236 93 209 222 69 275 138 1 59 78 168 67 172 23 44 99 252 153 219 213 63 238 162 36 220 299 129 216 292 54 201 192 111 295 45 118 151 90 149 15 132 264 273 188 148 9 198 181 272 79 105 195 103 130 298 18 34 224 179 218 26 12 271 225 259 230 286 277 178 58 169 276 47 171 291 113 180 8 243 234 50 142 89 135 232 64 98 182 257 41 265 84 145 285 283 80 251 284 35 246 83 72 92 60 38 270 261 239 65 165 274 150 161 96 223 193 158 24 102 250 128 16 112 127 231 155 66 97 212 164 55 6 233 28 144 2 40 120 166 167 17 154 48 116 206 189 71 114 160 81 300 126 146 70 147 279 208 226 136 215 115 194 211 163 253 61 91 101 131 140 177 141 5 134 133 281 139 267 20 185 106 256 268 183 30 110 262 175 109 95 288 173 152 94 157 200 282 207 278 37 53 280 266 85 42 255 248 240 287 49 176 221 62 156 117 3 21 186 294 245 77 123 33 241 293 88 10 124 76 227 237 14 184 31 39 235 104 228 119 196 32 74 43 19 25 210
156: 121 217 22 93 68 222 244 254 191 82 57 4 7 269 187 100 258 199 202 137 190 125 205 236 249 59 197 242 1 296 52 290 56 159 203 247 214 75 107 73 27 86 260 263 51 138 11 174 143 122 229 87 13 204 69 170 78 108 275 209 29 297 46 289 115 10 96 144 192 45 74 182 34 283 259 298 152 280 83 241 111 194 160 136 119 53 169 153 227 116 237 206 110 117 166 218 124 39 67 28 99 151 180 185 300 77 102 19 17 106 226 63 264 60 278 90 142 294 210 9 228 230 139 135 35 157 61 171 172 293 84 291 271 103 128 221 140 173 178 94 91 285 208 155 248 193 131 55 224 207 274 12 250 261 146 79 238 70 132 16 25 97 5 167 23 201 282 265 92 62 233 20 49 31 147 288 232 219 189 184 295 223 80 158 6 287 130 24 266 54 50 43 36 181 299 267 58 200 198 120 235 225 162 195 123 48 127 277 234 215 37 129 41 66 47 262 113 212 15 164 272 105 148 239 109 168 268 145 64 141 18 134 177 165 42 101 252 98 196 276 211 156 284 246 104 133 33 179 216 188 149 114 243 40 273 253 286 175 8 213 95 72 245 118 281 251 292 257 3 76 126 163 38 279 240 231 26 30 44 21 150 2 71 65 161 220 183 112 85 32 270 154 14 89 81 186 88 255 256 176
157: 254 78 217 122 57 22 263 75 1 56 222 191 82 260 258 87 52 121 27 229 174 275 290 93 86 269 209 137 138 100 4 11 13 197 205 73 202 170 296 236 289 203 249 107 187 29 69 7 190 204 247 242 68 214 244 51 199 59 297 108 143 159 46 125 188 243 186 182 245 14 124 92 128 62 239 132 115 257 3 175 178 64 280 160 112 201 276 241 300 99 126 281 101 104 238 177 210 76 208 287 171 85 163 8 55 153 259 253 146 118 184 248 266 105 213 149 83 298 255 224 211 223 2 284 206 60 38 111 219 152 231 295 232 198 176 268 12 36 31 200 140 277 261 129 273 286 119 272 220 95 35 228 5 123 74 161 180 26 106 9 70 167 17 89 10 65 285 42 256 114 155 33 157 193 185 158 278 215 135 294 45 97 28 165 226 84 151 252 16 150 196 25 37 54 169 168 72 67 173 216 299 88 293 251 19 43 94 189 103 237 117 192 136 179 21 227 80 195 262 235 164 127 240 225 79 154 110 194 90 218 250 44 148 271 267 131 207 288 145 141 230 133 172 20 53 156 291 109 102 233 50 264 212 18 116 130 246 91 34 147 221 139 61 96 134 282 270 98 15 6 234 41 144 23 113 81 283 63 292 274 39 181 66 47 32 120 162 58 183 77 166 48 24 40 279 49 265 71 142 30
158: 51 214 199 260 296 4 174 82 75 137 46 122 73 107 125 86 7 22 222 202 244 297 269 205 197 27 236 121 13 29 93 289 203 78 108 1 190 229 68 159 258 209 217 57 138 69 204 275 191 100 59 249 247 263 143 52 254 87 187 242 290 170 11 56 151 58 185 48 248 265 270 173 215 92 62 12 220 171 126 281 188 74 233 65 284 278 176 160 283 293 9 272 288 227 47 44 224 241 148 261 113 30 161 141 285 230 182 5 257 89 149 110 95 287 80 295 184 292 286 129 67 120 152 37 262 300 127 72 70 53 116 38 139 212 97 71 178 23 277 192 267 177 142 136 245 99 2 162 130 28 264 198 218 6 255 55 104 85 16 124 112 25 91 158 169 117 237 183 201 147 109 31 268 84 66 63 45 168 280 206 274 20 90 140 279 36 154 210 213 165 200 105 225 35 240 118 32 235 60 111 10 251 145 76 133 181 132 115 96 43 276 24 135 299 186 207 226 253 208 223 238 146 40 166 271 88 103 81 54 228 77 49 50 17 79 291 156 231 172 250 21 294 18 167 175 123 189 157 193 64 259 33 298 134 94 144 34 196 26 8 211 83 221 119 131 194 163 150 252 101 155 282 153 61 106 219 39 232 14 256 234 164 179 195 41 266 42 180 243 216 19 114 15 273 239 98 3 246 102 128
159: 217 203 209 13 236 52 244 4 275 214 7 191 199 122 170 100 27 229 107 242 202 108 46 56 204 22 87 260 297 269 263 1 205 93 254 78 121 143 68 11 174 73 289 137 29 258 190 187 51 138 159 57 247 296 86 82 125 59 222 197 249 290 75 69 142 265 91 232 106 77 292 248 165 71 64 20 96 134 285 164 17 193 180 277 90 162 228 48 224 161 215 118 211 66 281 8 196 223 117 291 24 63 155 70 154 99 256 80 206 192 200 212 61 111 286 94 168 194 210 42 208 173 230 160 240 120 35 81 148 133 294 238 25 270 246 293 10 261 18 31 151 284 176 268 272 178 181 225 219 55 15 33 235 115 262 287 144 213 179 157 278 84 60 227 41 14 288 37 62 158 264 152 129 65 38 300 231 298 39 76 89 163 259 2 145 257 267 186 114 183 156 49 185 273 141 72 101 220 5 218 79 149 12 109 19 198 74 21 177 92 299 252 50 3 283 23 207 255 271 266 112 171 189 239 128 146 119 150 221 147 279 102 135 139 253 166 184 36 28 226 195 113 103 104 136 216 88 182 54 124 40 172 98 295 97 245 130 241 110 131 126 47 105 26 201 83 67 53 153 243 123 30 274 127 132 188 276 85 58 95 250 45 280 32 116 6 169 233 282 175 43 167 237 9 16 34 140 234 251 44
160: 22 82 187 217 197 107 13 174 275 69 100 121 202 289 159 254 205 249 209 229 86 11 56 290 143 108 214 4 258 199 68 296 191 204 203 78 269 125 46 1 260 57 137 51 27 222 242 59 263 29 73 247 7 190 93 297 236 75 244 52 170 122 138 87 12 34 30 148 223 76 3 175 266 241 141 162 2 189 166 114 8 37 9 128 74 109 80 14 237 252 151 139 90 98 67 286 72 180 54 167 61 186 156 21 25 206 103 295 95 117 110 262 91 248 224 36 226 195 287 181 155 277 17 193 31 234 172 200 182 111 135 293 92 298 40 140 48 150 33 133 220 129 268 38 161 64 134 259 168 280 255 288 176 53 279 115 169 282 210 207 165 71 300 70 101 49 216 35 225 276 294 274 44 65 208 153 185 292 218 192 119 118 147 228 102 145 270 106 284 41 221 160 19 157 99 179 264 28 152 45 130 245 194 235 32 50 20 88 299 144 283 230 171 158 253 62 123 198 24 126 55 79 10 231 142 43 149 81 183 246 5 42 112 227 196 257 26 251 146 136 278 120 15 243 273 89 285 281 256 60 23 213 94 291 63 211 66 184 212 261 84 240 178 215 39 154 104 267 96 132 233 113 239 163 238 85 116 16 201 124 131 105 271 47 58 164 97 77 272 18 83 219 127 6 232 250 265 177 173 188
161: 7 137 197 170 203 202 242 107 236 258 260 11 143 244 121 78 68 174 125 297 191 217 82 56 1 108 263 93 296 247 4 52 51 86 46 29 100 87 73 269 22 59 205 138 69 289 122 204 27 75 199 222 275 209 214 254 57 187 13 190 249 290 229 159 9 139 295 168 124 77 48 288 264 186 158 63 26 293 286 182 126 31 32 105 198 28 219 34 238 175 257 261 291 167 184 178 152 273 173 164 300 140 235 136 16 14 49 123 251 112 266 35 83 162 111 216 192 155 282 210 163 230 21 36 145 133 6 40 109 53 106 280 54 119 101 118 154 231 70 30 201 218 278 239 147 15 17 42 114 215 141 193 212 58 24 221 180 115 227 200 226 259 89 60 64 146 65 172 274 5 224 97 281 256 292 19 50 85 211 253 196 283 183 116 130 245 299 79 160 20 134 144 55 165 98 169 131 47 148 171 206 232 117 62 151 294 284 166 41 95 220 262 38 142 80 153 179 250 233 92 67 271 177 110 10 195 2 188 156 102 272 225 255 243 268 213 135 128 61 94 285 72 12 157 91 18 265 252 132 66 88 237 96 248 267 298 43 207 208 33 120 71 185 39 76 149 99 150 241 104 161 3 23 246 84 81 176 276 8 277 44 194 270 287 234 127 240 37 45 74 279 223 228 129 113 25 90 103 181 189
162: 46 108 296 275 87 205 69 217 22 236 121 52 56 29 170 263 297 190 125 242 229 86 59 122 258 11 143 247 289 209 73 174 197 68 82 138 51 4 222 214 27 7 13 260 204 107 199 249 93 159 290 202 203 100 254 191 187 78 269 244 75 57 1 137 294 32 34 94 193 2 241 216 61 48 278 140 166 291 118 109 90 188 42 200 102 18 234 162 253 126 20 37 165 53 36 12 288 223 299 215 76 62 148 133 44 177 141 58 88 224 152 10 67 23 24 173 186 285 70 97 231 80 111 150 207 246 226 60 117 233 39 132 248 212 286 239 243 206 113 15 79 196 38 151 245 84 28 17 139 180 228 142 35 182 271 157 158 274 47 77 119 256 45 262 189 136 235 115 85 201 238 123 131 135 91 168 96 146 5 250 240 147 103 279 194 265 219 270 176 295 261 41 255 220 160 225 30 280 40 155 284 178 66 257 163 175 110 198 167 264 192 300 106 164 169 19 179 33 181 120 149 259 237 26 114 134 172 124 293 129 171 273 281 195 16 99 71 49 251 292 221 154 267 145 185 252 50 104 272 3 72 282 95 266 184 227 25 130 43 208 211 213 101 83 55 183 74 218 105 8 268 21 65 81 276 64 153 230 144 277 92 156 128 210 232 283 31 127 287 54 6 161 112 116 9 298 63 98 89 14
163: 52 11 222 57 263 247 244 108 46 29 174 258 236 202 197 204 289 191 13 59 138 78 51 209 122 214 22 69 254 159 107 121 242 275 170 137 296 229 4 100 27 7 297 205 86 199 143 203 217 87 93 73 190 260 249 82 75 269 68 290 1 187 56 125 80 6 140 265 139 224 241 106 255 286 233 230 5 220 266 89 155 294 161 37 166 105 50 34 219 134 130 41 110 96 279 84 144 175 284 103 298 132 58 232 206 196 32 109 285 104 98 148 239 271 270 200 186 237 40 234 67 295 135 192 128 221 300 227 287 112 176 3 65 23 99 53 30 157 235 288 76 16 169 177 114 85 133 168 259 55 101 92 149 162 262 283 281 33 48 292 180 43 49 45 212 42 193 72 17 208 83 226 165 8 240 154 184 282 179 2 115 136 181 145 10 211 299 267 182 171 39 280 90 60 35 47 118 77 21 216 160 215 142 153 194 225 183 113 25 223 276 178 31 167 278 243 158 172 126 26 24 131 207 228 28 12 15 273 66 152 127 124 61 44 94 210 268 201 95 195 185 88 274 213 261 151 9 156 293 81 150 251 291 198 38 97 173 141 123 163 238 116 253 79 188 147 129 272 20 256 252 264 111 257 14 71 189 164 119 117 74 102 70 246 91 146 248 277 36 218 120 54 63 231 250 245 18 64 19 62
164: 27 51 56 187 296 68 87 254 52 260 258 138 7 143 121 222 75 82 190 100 204 209 205 242 137 170 214 46 4 69 78 197 289 191 86 22 297 247 236 93 269 122 159 1 107 174 11 203 229 202 13 125 263 290 244 57 108 73 249 199 275 217 29 59 278 40 115 120 17 149 196 39 207 132 64 293 231 80 48 208 274 276 72 23 24 131 251 220 91 287 198 230 95 215 83 189 3 167 195 268 127 116 136 299 92 193 101 150 173 145 35 177 144 2 288 156 12 172 188 58 37 171 246 157 186 89 155 109 271 142 280 192 226 201 237 47 135 279 20 114 184 49 146 31 94 277 97 30 118 119 33 42 211 76 161 176 233 216 28 41 282 126 18 113 117 267 210 181 81 44 65 74 63 212 158 239 19 225 238 241 53 10 16 256 228 104 38 218 32 133 79 134 292 255 164 264 112 77 90 98 162 291 66 206 235 54 253 285 273 99 152 284 154 130 240 286 8 175 103 15 62 252 70 111 25 223 281 168 14 151 266 50 179 26 183 141 84 123 180 257 219 283 248 232 227 265 163 67 43 96 71 250 243 272 294 259 5 194 298 166 55 128 21 160 213 124 110 60 270 245 185 300 169 148 147 45 139 221 129 262 200 61 182 295 9 34 102 224 165 261 85 105 153 88 106 140 6 178 36 234
165: 244 236 190 22 260 247 143 86 191 125 56 296 289 73 229 209 59 275 7 87 199 217 205 297 78 29 121 57 11 204 214 51 242 174 82 68 254 108 137 122 107 75 69 269 13 170 159 202 4 203 249 46 52 27 138 290 187 258 1 197 93 100 263 222 17 243 34 104 14 257 146 43 130 165 103 50 60 37 276 54 53 183 133 283 38 256 140 251 160 47 92 96 291 215 152 223 201 271 88 253 185 192 112 145 156 139 300 84 135 106 264 120 198 67 179 9 262 200 245 182 105 144 142 101 147 129 6 85 294 285 118 76 234 237 28 110 79 162 268 48 20 5 70 277 44 261 66 90 30 216 42 238 72 127 180 126 218 132 12 8 163 239 173 158 45 255 10 94 117 83 171 195 188 16 99 155 212 273 259 272 113 224 280 220 134 35 116 181 21 288 150 189 166 207 186 15 131 252 221 25 278 65 91 40 111 71 23 64 74 123 266 206 157 175 102 299 292 274 109 2 31 284 62 213 33 286 196 232 63 97 246 228 293 61 240 193 184 178 250 154 172 141 18 230 3 267 298 80 169 208 281 241 128 58 114 270 19 55 115 210 164 167 41 153 279 81 295 49 219 177 231 235 176 161 98 26 265 233 148 119 95 124 225 248 149 168 136 32 287 151 211 39 282 226 36 194 24 77 227 89
166: 137 205 69 191 138 170 59 174 27 143 203 93 244 217 202 4 159 214 73 78 269 87 209 222 229 100 297 296 57 82 46 29 22 254 249 263 52 11 125 122 56 199 187 190 236 289 204 275 7 247 242 1 86 121 258 68 13 260 75 51 197 108 107 290 80 81 241 40 216 168 162 45 65 255 259 171 167 215 85 21 219 127 193 182 282 300 30 240 135 14 207 16 72 286 18 232 266 198 25 23 24 92 67 154 47 89 106 291 281 19 201 31 181 12 9 257 295 278 230 195 231 179 245 102 133 136 158 64 6 39 44 149 17 63 225 77 252 156 256 36 112 192 129 234 239 164 173 88 48 223 253 267 26 294 262 284 283 194 20 76 120 91 224 176 117 298 261 169 271 165 105 272 274 103 130 188 60 280 28 186 66 134 111 142 221 139 84 246 42 41 71 2 277 293 172 79 62 99 58 212 200 55 110 292 153 184 8 251 180 228 237 279 132 5 160 166 147 124 211 146 123 128 126 206 53 98 264 227 238 74 243 288 235 38 49 213 152 210 141 155 196 94 101 97 33 208 114 10 61 96 131 116 151 150 37 183 95 70 50 113 104 270 273 189 161 226 35 83 233 90 157 163 299 218 148 265 140 145 185 109 118 119 3 144 175 250 177 15 178 32 54 276 248 34 287 220 285 43 115 268
167: 121 258 69 296 217 191 78 214 73 122 87 59 170 143 290 86 11 1 29 244 204 202 138 125 7 75 137 247 289 249 52 229 269 22 68 236 174 263 199 297 46 56 27 242 13 107 197 205 100 209 4 222 203 190 187 57 260 254 275 93 159 108 51 82 281 160 89 208 53 167 139 155 276 23 201 117 282 253 18 271 218 235 32 133 144 40 213 295 67 179 185 116 94 181 206 24 81 136 234 71 166 280 141 175 300 153 79 84 49 85 184 62 33 131 272 112 210 176 171 10 92 224 165 14 103 151 239 120 90 63 61 200 180 64 129 70 293 26 31 298 193 20 157 34 99 30 177 291 252 299 105 109 66 274 114 251 140 227 43 265 161 35 39 5 28 123 17 273 8 149 134 285 2 126 228 267 261 230 240 91 220 41 189 38 279 65 98 163 76 257 225 142 182 232 284 106 262 268 198 216 132 212 128 195 25 188 146 48 102 292 183 215 12 286 288 154 241 96 21 219 233 101 36 164 255 237 168 238 55 54 194 156 97 113 111 270 172 124 58 115 294 207 145 266 37 3 248 264 83 211 104 152 192 88 259 221 130 15 186 256 245 283 118 47 226 45 246 16 158 250 150 196 223 74 9 127 72 44 42 243 80 60 19 135 173 147 6 278 119 77 287 178 50 231 162 169 148 277 95 110
168: 204 138 59 29 229 121 254 174 269 203 202 242 7 73 258 249 289 236 125 222 87 217 122 100 290 107 56 22 190 1 247 57 27 199 137 46 51 82 209 260 11 275 191 197 78 214 13 86 69 297 143 187 52 4 205 108 68 263 170 93 75 159 296 244 200 41 267 49 91 167 206 109 77 79 2 280 188 147 164 50 231 259 279 64 153 135 60 227 246 213 192 181 17 81 264 31 248 252 42 129 106 32 274 268 66 58 94 28 33 180 36 221 145 266 24 215 220 54 25 250 98 276 76 251 175 256 18 92 294 44 237 85 161 83 293 228 271 176 208 26 53 166 116 168 21 95 298 118 20 234 223 89 299 261 74 105 97 154 130 286 158 141 142 216 224 207 239 62 124 198 140 9 150 281 160 102 193 169 139 233 291 183 295 196 131 117 67 110 182 211 262 212 189 277 136 219 134 96 39 245 10 3 128 300 146 171 292 265 282 232 55 101 37 123 288 257 113 43 8 243 173 111 80 156 120 15 194 151 172 112 104 144 240 99 119 210 255 30 84 157 148 38 278 178 88 201 283 270 6 226 132 235 287 90 253 65 155 177 45 195 273 230 162 72 149 114 152 63 225 48 14 272 241 19 61 12 115 34 284 70 47 184 218 165 16 5 127 133 185 71 23 186 163 40 126 238 35 285 103 179
169: 229 187 217 7 260 138 29 13 202 254 100 143 27 107 51 289 269 52 56 69 4 159 209 191 290 78 249 11 82 75 247 263 170 236 68 190 297 108 296 137 174 222 275 204 73 1 242 122 203 46 86 121 258 199 197 214 244 59 205 57 87 93 125 22 151 30 225 280 168 272 54 285 182 188 262 230 283 177 176 8 95 223 106 220 130 39 200 252 85 185 104 103 72 126 148 92 264 270 228 267 120 251 232 61 98 88 240 94 266 161 239 147 14 195 71 109 136 49 255 2 110 206 224 77 23 142 70 152 216 118 21 271 163 128 281 198 101 212 105 117 292 192 248 171 149 183 210 15 116 213 24 79 287 19 173 253 299 278 284 179 243 16 25 276 9 144 44 113 65 169 133 40 178 215 123 193 80 157 17 134 10 233 241 146 64 67 84 97 81 196 226 60 131 5 256 259 295 111 274 58 160 12 32 119 288 26 291 237 115 294 184 300 114 18 194 158 53 166 89 189 238 155 34 141 76 279 293 250 273 20 91 112 218 180 207 298 153 172 28 66 208 231 31 277 48 186 201 145 175 129 282 132 139 33 268 140 221 3 6 246 102 90 150 45 286 181 96 38 156 219 265 135 63 167 162 37 36 227 99 47 164 55 235 154 42 74 50 83 245 234 35 257 165 211 62 127 261 124 41 43
170: 122 209 108 75 289 78 82 87 217 214 269 222 11 7 205 204 107 174 244 52 199 254 93 275 68 46 249 170 236 143 263 27 125 258 197 260 159 290 138 242 4 203 229 137 29 100 190 1 297 202 22 247 187 13 59 296 56 86 191 51 69 73 121 57 208 66 37 221 220 54 207 255 60 278 123 21 169 103 117 134 223 48 201 50 38 274 164 32 162 116 171 112 35 178 33 252 285 135 219 95 94 25 287 39 136 28 157 186 45 34 14 5 228 225 196 234 158 40 141 300 175 163 89 160 42 276 18 277 261 230 227 74 114 257 126 246 165 180 106 149 241 270 153 102 17 129 239 127 79 2 215 292 283 8 192 16 183 101 90 113 176 20 118 293 272 147 299 130 281 128 240 167 83 224 265 216 237 142 96 150 110 6 139 151 250 30 31 200 15 140 71 232 132 294 218 49 195 194 44 251 98 61 172 120 173 185 189 97 154 65 253 155 55 198 119 41 168 36 109 181 146 145 268 288 166 19 92 161 10 9 226 298 213 104 179 264 64 248 262 23 43 256 58 70 84 211 184 88 286 266 188 77 133 62 233 267 115 243 47 279 193 3 80 282 91 152 206 99 210 182 295 148 81 259 67 273 124 111 24 76 53 245 105 144 238 63 291 284 231 12 271 26 235 156 72 177 131 280 85 212
171: 190 138 87 108 22 93 78 236 7 121 56 27 197 143 263 229 244 191 68 217 269 13 214 187 296 159 125 205 275 202 199 69 51 289 107 249 82 29 52 204 242 247 260 86 46 222 100 254 1 75 170 209 297 203 258 290 174 137 11 122 59 4 73 57 235 216 132 38 31 172 58 185 142 8 112 32 265 129 76 238 34 293 154 272 267 16 101 169 279 25 146 109 2 92 148 219 150 228 18 106 139 33 182 66 288 71 206 63 55 118 74 194 99 237 188 145 151 181 268 111 136 231 88 126 97 175 183 189 184 221 282 141 24 186 215 253 44 81 162 251 195 155 64 119 213 218 19 67 70 165 40 104 65 168 291 241 116 200 6 140 270 95 94 36 250 80 105 192 163 12 134 198 239 261 90 300 295 5 160 210 271 23 240 3 20 167 114 243 62 227 278 245 226 212 284 149 280 37 158 47 42 161 49 61 230 130 17 123 45 178 266 60 157 98 120 176 135 179 255 41 281 83 28 35 173 277 131 246 48 39 259 21 234 292 110 26 77 79 113 273 96 233 257 128 262 171 211 147 153 124 53 72 287 208 43 54 256 285 201 299 156 180 294 225 232 127 9 220 144 223 224 274 133 276 264 298 152 283 193 117 207 196 30 102 166 177 10 248 89 91 15 103 252 14 286 115 84 50 85 164
172: 244 100 203 121 170 138 258 143 87 46 263 52 1 204 93 190 187 205 122 125 222 254 137 242 78 29 174 82 75 13 290 260 57 297 269 27 108 191 4 197 214 217 202 51 199 289 56 159 59 73 86 107 209 69 68 296 229 7 247 236 249 11 275 22 284 120 146 171 8 2 257 94 91 165 261 161 128 158 166 136 104 218 235 155 179 50 101 16 134 210 71 76 248 228 9 35 181 45 298 266 286 49 19 219 131 79 132 271 154 283 139 44 48 85 98 33 67 25 265 118 183 162 150 54 300 31 105 240 23 255 119 182 53 133 81 135 109 40 173 221 227 110 124 129 223 273 172 63 167 149 237 21 156 184 245 285 147 295 24 251 92 141 192 36 225 291 234 114 279 47 272 206 77 43 72 123 253 241 294 116 10 115 15 226 144 32 42 12 64 201 230 280 142 299 168 274 5 88 252 195 196 89 288 74 281 277 239 152 84 293 20 292 216 70 177 185 270 164 113 220 127 103 95 264 232 96 213 160 28 186 55 106 211 169 233 3 267 102 66 153 200 238 30 194 117 26 256 130 17 60 262 41 37 212 80 215 189 178 6 34 224 198 193 208 83 180 276 188 157 231 278 99 176 97 112 282 38 163 259 148 140 126 207 175 246 61 268 151 90 145 18 58 65 243 287 111 39 250 62 14
173: 297 75 269 56 263 108 190 204 197 137 244 222 46 93 229 51 7 86 11 203 78 170 159 138 82 143 13 57 290 69 242 191 217 236 258 249 122 22 100 205 174 199 209 87 68 247 1 125 187 59 4 107 254 202 296 214 275 29 27 289 121 260 52 73 45 273 17 281 283 160 65 266 67 97 30 3 237 279 287 189 94 232 115 140 91 72 225 231 2 58 16 173 169 145 240 105 157 74 161 148 110 172 226 88 270 286 14 96 98 150 50 218 26 134 164 179 8 111 183 216 233 299 208 259 102 15 95 28 39 128 175 271 212 180 36 253 18 104 224 246 238 264 126 230 99 19 284 76 54 153 35 106 23 166 292 127 37 291 92 211 113 79 252 71 84 66 200 117 123 10 178 196 33 207 221 6 195 186 147 25 103 112 49 40 5 142 192 177 156 256 144 267 250 124 151 89 135 188 9 101 251 268 181 120 262 248 206 42 139 288 63 116 146 184 61 227 32 83 282 47 261 81 64 62 185 276 239 245 77 48 228 154 53 90 109 198 182 278 24 213 136 149 163 255 210 193 285 152 277 20 31 272 85 168 298 293 132 131 55 155 165 119 162 265 133 38 34 201 194 235 257 130 118 234 41 215 43 60 280 223 21 241 243 295 294 70 167 129 274 219 171 44 80 176 114 300 12 158 220 141
174: 260 143 222 22 296 190 236 244 197 203 137 242 247 138 1 13 46 57 254 11 297 263 82 191 258 121 27 159 100 205 125 56 269 29 75 52 51 290 187 59 93 170 7 249 107 199 214 174 204 209 229 73 68 4 87 86 217 108 275 122 289 202 69 78 17 55 278 201 226 103 182 153 136 227 160 10 154 142 188 163 257 53 128 240 168 294 45 31 299 241 228 192 70 101 77 200 140 146 166 30 44 248 156 6 94 95 60 115 120 98 71 184 123 23 15 189 210 109 270 293 112 239 232 42 251 16 220 39 179 3 84 76 267 158 265 207 88 173 129 185 171 219 2 20 147 259 268 37 64 245 91 132 66 234 164 155 230 161 36 96 118 32 250 43 97 221 231 177 81 195 14 54 261 113 152 284 83 144 41 74 255 139 119 58 286 279 281 243 33 149 150 99 24 127 63 300 34 178 206 72 48 276 131 183 273 26 295 285 213 126 169 61 102 50 172 223 264 287 92 90 198 89 180 105 212 280 8 67 277 211 117 194 282 262 114 141 272 49 148 62 124 167 38 288 134 274 266 291 40 298 193 135 253 65 186 252 162 235 237 130 271 181 111 216 196 85 106 12 21 133 224 110 157 116 165 104 225 19 79 18 292 218 208 283 256 5 151 25 9 28 246 238 176 80 145 233 35 175 47 215
175: 75 27 159 269 73 56 7 202 249 258 11 4 29 242 296 100 46 78 254 244 107 222 197 93 229 125 209 82 204 121 138 217 59 247 275 122 108 87 68 290 289 1 137 52 57 174 263 203 205 69 260 170 22 13 236 51 143 199 191 187 190 214 86 297 265 50 196 133 163 23 157 65 126 278 18 149 45 53 257 139 250 84 5 112 272 81 61 281 63 291 294 261 136 42 66 89 284 283 237 267 177 105 55 252 151 30 14 141 19 103 201 162 285 160 71 180 208 299 16 232 101 25 211 145 8 243 85 41 95 135 104 91 212 189 6 173 20 245 279 33 62 239 226 225 119 185 179 218 129 67 31 292 39 114 116 70 235 76 15 111 109 200 83 216 115 256 127 28 36 26 134 240 74 198 195 32 270 181 150 9 298 118 246 92 274 264 79 99 213 24 268 96 215 166 168 169 238 128 102 286 142 192 58 153 77 167 147 171 34 234 117 266 35 140 277 154 148 161 219 255 44 40 144 175 10 231 12 132 94 120 193 253 90 233 288 146 271 280 224 220 184 88 210 194 207 172 251 155 123 2 49 152 182 113 221 43 48 228 293 223 60 110 273 241 164 276 300 183 158 282 230 97 131 3 130 54 188 80 106 165 156 206 186 227 287 21 259 64 47 38 178 248 262 295 37 17 124 176 98 72
176: 137 86 82 107 247 56 203 202 214 125 122 197 260 229 87 258 159 217 100 222 27 69 143 29 187 1 75 22 138 204 190 11 289 242 46 244 121 199 7 297 93 68 59 13 269 108 296 51 52 249 205 78 57 263 290 73 170 275 174 191 254 236 4 209 48 208 168 139 3 123 115 119 18 147 24 113 193 282 71 224 173 53 149 225 233 84 65 241 83 256 28 153 212 183 106 150 158 252 262 81 240 72 171 284 127 76 25 26 285 201 219 97 235 189 188 140 215 294 237 88 243 36 62 132 146 118 43 163 55 105 283 116 152 198 231 104 10 207 124 136 80 192 61 216 245 194 281 172 50 92 5 144 206 47 259 162 280 110 98 41 67 176 9 85 155 14 12 220 16 45 255 133 44 58 251 276 234 246 238 111 157 40 99 96 239 20 300 196 95 195 114 253 213 79 248 154 268 179 145 184 166 175 101 142 267 63 261 278 37 178 274 117 227 120 160 91 177 129 164 70 126 33 185 211 54 186 180 266 287 286 102 292 74 277 77 230 181 135 167 257 200 223 128 272 130 103 210 39 131 228 23 15 270 221 226 265 250 295 90 6 148 293 31 89 49 161 156 169 30 17 64 2 32 34 19 151 165 182 66 232 291 21 299 42 35 288 273 38 141 60 271 279 264 134 94 218 298 8 109 112
177: 205 199 108 242 121 107 73 46 260 209 263 297 244 13 254 170 69 236 125 138 214 86 203 249 56 296 269 122 289 51 82 197 217 143 57 78 247 290 27 222 68 275 137 4 191 59 202 52 100 229 22 29 204 174 11 258 7 190 159 87 187 93 1 75 219 81 72 83 60 99 105 279 252 155 28 54 43 150 151 234 20 9 42 10 44 192 71 110 195 91 161 152 179 287 176 267 80 180 23 171 144 139 5 77 16 140 112 115 118 248 261 238 211 154 114 169 33 61 156 55 18 128 124 106 67 64 189 48 32 164 292 216 165 84 8 19 116 225 300 215 163 111 24 182 12 15 273 89 268 97 21 262 196 103 255 37 53 95 223 227 293 281 259 218 62 131 295 166 70 201 239 232 63 186 136 175 88 235 210 132 212 94 230 38 148 177 2 145 200 173 283 65 265 250 130 36 35 31 117 119 274 134 123 286 109 282 34 158 278 58 228 168 194 208 288 193 50 266 102 270 245 181 206 104 237 253 3 45 256 271 213 294 101 172 221 113 47 39 226 184 241 277 79 96 25 153 240 207 299 141 85 66 167 284 41 185 92 264 291 246 160 162 17 133 98 30 14 188 280 251 276 257 126 129 157 220 243 231 135 74 149 147 26 49 183 90 233 298 76 142 146 178 40 198 120 6 272 285 127 224
178: 75 22 214 82 204 78 296 57 199 125 174 209 108 69 29 121 203 263 242 51 269 86 202 87 73 13 138 137 100 229 244 93 56 68 247 289 205 4 275 222 297 159 27 254 122 249 170 260 236 1 290 52 258 217 7 107 59 46 143 11 187 191 197 190 81 141 224 225 32 153 123 206 271 2 175 228 221 207 282 48 132 293 37 178 189 150 130 119 151 63 257 245 129 14 33 192 135 65 58 219 285 157 120 195 49 188 270 83 267 18 139 164 200 109 156 294 149 9 240 213 256 117 235 91 193 19 110 277 212 118 148 12 198 95 184 292 208 278 160 105 60 239 80 299 168 287 94 8 136 15 283 31 67 79 142 167 172 280 252 186 276 250 144 111 90 42 114 248 44 161 72 5 237 279 291 162 38 112 92 76 182 265 35 253 74 227 104 98 241 196 223 255 128 284 99 183 66 288 55 180 84 126 70 85 40 116 295 39 154 28 194 62 230 231 179 45 134 133 16 251 53 115 169 298 273 210 131 88 171 101 77 262 102 155 201 10 21 36 274 246 268 103 20 264 23 61 145 41 158 146 50 165 26 272 6 181 163 96 286 54 113 281 97 24 176 266 233 173 215 226 127 211 234 30 218 259 25 140 220 232 243 261 3 238 89 147 166 185 34 64 124 216 71 43 152 106 17 300 177 47
179: 249 247 260 258 244 11 51 159 290 289 197 297 190 122 209 73 236 269 59 75 56 263 170 254 7 93 78 4 143 52 87 203 296 214 229 100 107 68 242 121 199 222 187 86 57 275 27 22 46 205 217 82 137 108 13 125 202 174 1 191 204 29 138 69 259 224 80 232 238 184 221 70 168 105 136 132 91 267 277 135 6 225 261 43 231 299 149 142 128 201 94 95 241 97 264 235 119 266 176 163 37 81 300 76 67 44 118 20 89 88 15 279 28 182 155 152 288 223 257 126 64 127 210 18 113 90 85 256 211 164 116 144 150 24 3 173 262 212 162 2 233 255 31 251 98 38 92 230 35 245 21 215 248 74 200 194 48 293 139 284 298 8 25 146 156 185 158 12 286 292 252 53 206 111 33 285 47 166 268 178 83 169 186 282 84 253 134 167 34 179 271 112 213 193 177 181 237 58 77 270 192 287 117 171 106 246 16 60 220 71 180 280 243 239 49 175 227 278 250 110 226 120 172 140 65 54 274 265 102 123 283 141 183 218 40 208 17 66 131 133 23 161 219 160 115 129 228 234 153 114 72 124 189 32 103 10 196 55 109 62 240 61 42 195 30 41 9 216 272 147 26 281 198 188 291 96 5 50 276 207 36 295 294 145 19 63 165 99 157 148 154 79 101 39 273 151 14 104 45 130
180: 46 191 290 87 289 78 214 27 22 56 249 199 137 187 229 93 209 13 68 69 1 205 7 4 11 217 244 247 174 107 236 121 203 125 275 260 73 204 296 100 57 52 269 297 242 263 254 159 143 122 197 170 82 75 190 258 138 108 29 59 51 222 202 86 168 167 55 286 177 171 131 213 176 12 298 219 155 181 112 183 74 146 43 94 221 299 228 111 144 85 97 211 264 123 2 110 166 70 293 47 21 250 154 210 62 102 153 160 117 224 50 90 119 36 273 255 54 23 188 118 116 25 58 64 15 20 136 240 113 99 141 24 30 279 142 256 158 130 147 28 34 31 67 173 132 163 212 287 124 32 234 61 71 92 194 182 115 101 267 253 151 195 41 179 17 282 26 140 148 105 88 72 49 134 81 248 265 268 180 48 3 261 206 161 150 16 225 201 37 283 175 40 192 193 120 300 178 271 157 238 98 235 241 6 149 14 237 270 63 259 103 280 243 294 79 84 230 285 5 145 18 39 278 172 189 207 186 165 126 77 262 216 245 227 127 114 239 95 295 8 291 164 198 53 257 19 38 44 91 272 223 252 200 218 226 184 89 156 106 80 169 274 139 128 33 281 208 129 185 42 220 104 133 251 288 233 83 266 109 277 66 246 65 152 9 60 135 232 10 45 276 215 231 35 292 76 162 196 96 284
181: 190 4 78 204 22 187 86 11 214 143 68 138 122 269 13 7 108 258 125 46 247 197 297 56 93 260 1 275 87 82 57 249 59 254 296 174 73 209 229 217 242 159 236 290 29 27 199 289 263 121 107 137 52 203 69 244 205 202 75 51 191 100 170 222 266 118 83 267 230 135 241 295 186 144 55 150 208 96 252 139 54 259 39 239 36 110 180 133 5 210 280 253 232 268 271 177 50 109 160 216 81 119 171 165 25 70 101 2 123 223 248 300 231 153 33 89 102 62 142 293 98 173 270 31 45 149 3 184 104 91 212 105 188 67 90 37 162 49 147 65 58 155 196 265 251 233 182 299 246 228 243 85 195 16 53 103 43 164 148 193 224 124 128 134 94 158 278 145 272 106 179 77 20 274 71 120 60 47 88 218 221 42 211 213 277 200 95 127 6 151 76 131 276 74 273 166 115 264 72 215 237 17 66 185 287 240 12 30 234 79 283 181 261 84 64 294 112 292 44 256 227 219 32 176 146 117 8 92 28 238 19 18 279 41 113 288 220 15 26 111 282 189 178 169 132 35 172 161 40 140 225 80 286 10 207 192 130 38 154 201 61 175 291 126 14 23 168 298 255 9 152 21 48 285 114 245 163 226 284 262 206 34 63 183 99 157 24 156 129 235 198 250 136 141 194 116 257 281 97 167
182: 197 78 242 107 297 13 87 222 125 199 275 289 1 100 203 27 69 68 46 52 29 229 159 214 11 204 190 137 249 236 202 187 75 191 59 254 86 217 108 138 296 51 82 290 258 73 22 260 247 121 56 122 174 143 57 244 7 205 93 209 4 263 170 269 240 288 110 10 77 168 167 95 99 206 212 81 139 284 102 253 193 53 265 179 20 243 158 114 169 282 283 208 133 47 38 2 43 44 285 58 256 173 235 63 221 35 280 127 12 26 295 146 274 131 123 225 186 64 164 201 76 180 6 171 105 279 129 28 49 19 210 17 298 45 30 165 25 192 207 116 109 83 189 126 89 278 97 124 112 299 237 154 194 36 104 37 176 156 96 117 144 9 163 238 152 106 16 65 182 262 148 67 185 251 272 15 286 211 257 130 118 136 153 226 300 147 150 142 267 268 149 241 50 277 24 252 250 195 276 74 188 181 60 233 230 219 79 94 177 291 157 281 232 31 213 293 141 23 239 223 90 61 292 134 14 200 145 128 80 161 85 42 5 246 183 294 140 71 162 62 270 8 55 70 18 271 3 111 40 273 72 261 196 101 215 33 264 166 287 255 220 151 172 224 98 34 198 135 218 259 92 91 178 160 21 132 66 88 155 54 84 119 39 184 103 266 245 48 216 175 228 113 115 227 231 234 248 41 120 32
183: 73 82 258 13 107 170 244 52 174 247 190 87 205 86 260 68 46 93 78 296 125 191 29 51 138 199 7 236 204 57 214 289 59 249 297 75 100 217 69 56 137 187 27 22 229 242 108 4 254 159 11 222 143 202 263 197 1 122 209 269 121 275 290 203 118 42 112 139 110 198 34 67 239 221 116 226 281 225 237 16 189 196 81 119 158 53 272 62 153 180 264 66 126 47 24 95 168 105 28 98 173 113 85 256 60 255 167 179 175 206 115 231 178 166 106 18 49 94 299 37 36 104 133 176 182 220 30 5 99 92 8 283 259 154 147 274 292 61 146 195 135 15 35 240 88 6 164 120 151 235 227 89 76 185 169 43 33 270 201 26 32 31 64 162 136 152 241 123 213 188 145 186 261 55 45 140 192 295 243 21 219 19 124 211 298 228 273 132 161 177 80 38 96 215 149 25 165 156 276 114 212 72 102 280 20 230 287 3 172 252 23 277 50 17 48 291 278 250 2 210 58 155 193 160 288 83 300 141 284 97 271 294 157 10 233 128 246 251 266 207 103 194 184 218 257 40 224 44 265 9 39 71 181 163 150 279 262 41 101 282 148 117 267 63 171 232 234 131 248 253 142 111 268 109 90 286 74 293 208 127 144 238 70 216 65 223 130 77 14 79 129 91 285 245 12 134 200 183 54 84
184: 46 204 7 125 57 269 289 121 75 249 73 187 56 29 247 11 52 236 51 222 275 1 205 290 108 191 100 254 214 170 137 199 59 69 217 143 107 229 242 122 202 244 203 258 86 27 297 159 4 78 93 87 263 22 296 174 13 209 138 190 197 82 68 260 67 39 230 219 5 243 156 273 276 37 300 18 166 184 98 155 119 235 295 178 9 33 200 292 64 92 240 16 246 35 10 234 84 233 228 231 211 48 298 111 72 136 12 175 158 128 113 257 131 212 270 124 169 265 216 114 26 58 116 225 14 224 77 28 192 179 44 90 132 208 161 167 188 281 23 17 286 134 152 97 117 101 282 193 38 65 154 245 271 45 153 141 274 278 8 53 213 196 127 115 120 237 85 66 102 140 226 112 157 2 227 147 189 279 266 293 261 32 91 6 183 139 284 264 198 280 99 104 248 160 277 144 206 123 24 182 173 268 61 41 239 149 172 299 146 195 135 74 287 49 148 177 15 96 255 103 81 30 130 168 251 285 62 253 194 126 36 63 218 129 105 60 215 109 221 133 31 163 223 288 21 3 42 176 94 250 252 71 164 165 180 207 20 186 185 118 76 70 47 150 89 25 110 142 294 106 151 50 43 241 283 34 262 79 54 201 171 232 80 267 19 145 83 40 95 210 238 181 220 162 88 256 259 272 291 55
185: 260 121 297 51 202 203 290 275 57 13 249 199 143 159 214 229 204 236 138 296 191 56 263 222 68 187 52 137 29 46 59 108 1 69 107 217 4 87 174 258 254 11 86 27 75 190 289 209 125 100 7 82 242 197 247 122 78 205 22 269 244 170 93 73 95 140 251 270 17 248 215 30 9 123 158 156 35 184 36 64 70 220 276 240 279 163 118 274 280 198 160 126 232 226 212 24 238 92 62 39 192 241 225 47 168 147 33 182 266 278 177 114 10 196 41 119 277 293 101 23 188 15 186 173 179 175 255 273 256 88 234 76 250 3 213 218 219 201 38 37 18 172 195 292 124 152 115 74 295 96 166 282 90 136 45 299 169 109 112 53 139 245 283 150 21 142 246 34 145 28 281 60 135 19 79 176 285 133 298 151 189 267 61 55 43 161 252 167 183 262 67 106 32 5 155 154 200 141 6 26 8 230 265 48 259 120 134 216 94 103 81 178 102 268 104 49 113 42 231 162 105 84 77 111 31 127 228 264 207 221 149 193 98 180 54 131 185 224 243 153 146 110 233 12 14 128 272 300 171 164 89 271 181 72 132 116 16 85 287 91 117 50 210 80 208 284 261 63 144 237 130 165 2 194 235 99 66 58 25 288 148 239 223 227 157 253 44 71 286 294 257 291 83 65 97 40 20 211 129 206
186: 29 107 22 199 244 27 82 78 56 7 86 100 52 229 269 69 59 191 203 51 57 197 93 13 75 11 108 143 260 222 73 174 87 125 217 214 1 68 205 138 297 204 289 4 159 275 254 249 137 121 202 122 190 187 247 258 209 263 242 46 170 296 290 236 226 55 10 200 33 146 270 120 71 89 198 79 183 274 284 238 19 80 178 133 34 37 285 194 295 139 157 212 124 17 234 116 36 173 94 76 201 233 117 215 186 277 268 96 32 231 169 42 292 239 221 38 132 81 259 112 95 156 43 148 142 30 155 176 15 28 49 23 279 298 248 134 256 50 105 167 272 9 153 271 223 300 235 281 160 145 92 102 179 58 64 246 250 299 109 8 288 220 35 280 77 103 278 135 175 90 128 6 267 127 130 253 24 115 213 88 237 60 261 243 161 2 14 273 150 20 113 67 294 185 25 216 21 149 26 266 165 230 287 219 45 291 97 184 48 252 99 257 123 83 218 224 47 207 70 141 129 162 126 12 180 118 65 74 188 255 241 182 158 164 192 91 193 228 206 251 264 144 282 189 85 211 177 63 44 53 225 265 114 232 3 110 66 151 262 62 39 276 293 98 163 140 283 31 106 40 5 16 154 136 195 172 131 152 181 196 166 54 286 168 240 245 84 104 72 18 41 101 227 208 119 147 210 61 171 111
187: 7 222 13 159 108 93 202 290 203 29 204 82 217 138 46 69 214 190 57 170 260 75 78 51 205 244 289 87 258 100 122 125 4 86 191 137 107 27 143 242 249 56 296 22 263 229 73 236 297 52 275 197 59 1 11 269 209 68 199 187 174 254 121 247 136 81 96 248 256 67 216 40 179 168 185 128 273 233 106 196 99 116 267 211 274 58 300 33 198 280 240 262 15 3 85 261 206 163 63 282 76 158 165 207 186 194 161 141 155 284 293 154 283 50 98 166 55 112 61 225 255 66 210 171 111 10 124 235 167 132 218 169 239 271 268 42 74 45 272 215 25 39 259 139 299 64 192 133 149 65 224 110 8 264 279 109 200 278 195 201 79 17 270 151 277 5 178 94 298 173 157 291 142 113 182 9 183 60 70 180 252 126 208 54 53 95 257 228 234 36 77 105 89 266 251 19 253 71 294 28 123 114 26 189 246 31 90 238 37 288 223 144 38 103 49 129 287 212 153 41 119 243 237 12 181 115 175 84 281 20 21 295 147 231 286 24 80 226 48 18 292 23 101 118 177 213 32 220 265 148 221 156 44 47 146 6 227 134 14 88 16 184 35 104 176 97 232 130 160 145 120 135 127 276 188 241 285 72 91 2 245 83 140 62 43 102 219 150 250 164 30 230 162 193 34 117 152 131 172 92
188: 244 260 108 202 296 249 4 203 209 269 214 258 170 57 143 254 190 7 199 125 22 13 191 247 56 73 52 174 11 217 46 275 93 87 121 27 263 107 229 236 78 75 159 205 187 137 1 51 82 290 197 29 86 242 297 138 289 100 59 122 69 204 68 222 102 228 79 284 44 185 36 50 103 28 201 171 250 62 111 157 281 246 271 20 144 213 164 300 156 127 55 129 147 30 277 218 173 118 293 212 136 8 162 47 58 278 166 81 240 2 37 63 195 84 252 172 60 175 198 9 234 24 71 34 77 288 115 224 141 160 267 106 14 210 259 80 183 226 133 265 230 116 40 146 113 48 223 235 193 266 154 148 152 105 54 32 74 268 33 110 99 176 188 215 279 241 16 251 114 287 104 42 15 286 98 292 161 128 270 219 168 39 90 299 134 184 45 35 49 76 169 17 261 101 10 38 179 124 97 238 167 92 89 66 295 43 135 186 276 31 126 120 239 41 70 119 85 262 132 3 237 211 194 5 294 6 145 274 257 61 233 149 91 231 227 117 64 65 151 221 182 131 216 245 181 25 243 112 232 72 83 163 200 26 67 139 225 177 255 18 283 95 140 23 150 180 53 298 256 196 208 192 285 21 153 280 253 178 19 291 109 220 94 12 88 206 272 142 130 96 123 264 207 165 273 248 282 155 189 158
189: 68 275 249 22 78 269 125 121 263 29 236 242 209 214 86 1 190 7 202 191 51 258 11 244 138 296 247 52 87 4 222 57 289 75 69 137 199 93 100 46 73 260 59 217 204 107 254 229 203 122 187 297 290 13 159 197 205 143 174 170 27 108 56 82 276 200 10 223 245 64 238 145 286 299 60 3 54 192 185 270 55 35 235 142 21 234 117 281 171 144 194 94 102 89 259 124 90 151 201 67 91 163 88 250 131 9 264 240 23 167 79 114 288 216 104 140 198 181 231 123 37 287 127 193 17 208 116 126 292 168 70 80 152 154 298 99 61 19 232 176 285 119 98 30 2 251 267 15 215 252 211 156 186 95 180 120 207 177 169 256 206 283 261 132 28 39 14 183 291 85 24 72 113 32 179 295 164 141 196 230 239 139 274 49 218 220 219 257 76 155 44 134 241 293 272 103 149 282 160 157 161 225 62 226 210 71 84 158 268 280 20 150 212 262 166 165 8 48 38 300 172 278 173 40 243 45 31 273 16 279 18 83 178 188 184 128 265 221 148 135 136 133 96 227 112 63 294 228 34 77 74 12 25 41 189 36 109 277 110 81 65 237 106 147 26 5 175 182 224 255 43 53 58 6 101 129 246 248 118 42 253 92 130 33 284 47 66 50 105 97 146 162 266 115 111 271 233 213 195 153
190: 100 143 29 275 125 197 242 254 174 108 290 199 27 11 52 75 59 69 86 260 1 289 205 244 138 73 263 122 57 137 222 236 82 56 214 87 51 269 159 4 229 258 297 191 13 170 46 93 7 249 22 121 247 190 209 187 68 204 107 217 296 78 202 203 30 196 6 166 105 131 97 66 103 48 183 5 50 10 54 23 237 76 256 245 165 111 9 161 135 2 140 92 284 132 47 65 155 180 44 124 31 129 98 96 118 195 94 83 3 126 146 24 189 114 200 173 26 43 136 241 295 223 276 293 106 194 230 42 185 95 74 208 235 158 270 281 53 220 101 99 266 157 188 84 130 211 192 72 81 110 172 152 221 198 38 255 283 150 267 58 201 102 117 91 243 164 156 144 271 142 250 33 89 253 70 85 234 116 300 21 168 62 115 259 32 20 210 207 240 49 181 25 272 35 273 154 294 224 149 262 288 90 80 231 19 215 16 128 167 178 261 63 238 264 213 37 227 12 265 251 274 225 193 18 41 123 79 151 169 175 177 147 39 268 28 55 252 278 40 34 186 171 219 298 163 226 182 145 160 112 228 216 64 127 8 120 133 17 61 179 299 15 71 291 232 45 277 176 233 60 134 206 139 282 14 141 36 248 292 212 246 286 153 280 119 257 239 88 109 279 184 218 113 77 162 104 67 287 285 148
191: 269 69 68 217 244 296 29 242 78 260 27 289 121 254 170 214 122 174 57 275 137 11 4 190 199 107 73 290 187 159 229 203 202 258 138 191 204 100 7 51 87 82 236 197 125 143 75 263 52 86 22 205 93 209 222 297 247 56 13 249 1 59 108 46 3 150 149 211 39 162 2 157 139 201 12 168 91 271 54 179 184 245 182 41 161 265 177 132 163 81 299 226 24 126 230 58 106 206 32 60 85 178 140 243 232 268 195 223 294 96 183 33 248 192 63 49 295 118 35 50 212 154 253 241 15 256 152 153 66 28 103 79 266 261 18 127 102 109 255 120 77 239 129 292 227 291 193 169 270 25 278 141 172 219 36 155 90 43 5 112 47 31 189 70 218 74 119 8 180 234 181 88 167 23 17 274 233 277 210 65 252 267 160 175 166 21 131 185 72 110 145 251 130 173 231 92 262 19 61 228 135 273 101 280 6 283 95 237 76 117 238 284 215 64 34 235 208 94 133 98 250 55 113 144 48 42 123 45 200 105 38 196 272 142 288 40 207 111 83 97 216 281 16 188 285 147 128 151 9 26 286 198 287 62 146 80 298 282 30 114 220 44 104 134 37 53 156 10 264 115 67 171 240 246 276 257 148 300 279 20 89 136 259 84 194 158 14 224 165 186 99 116 124 164 293 221 213 225 176 71
192: 29 222 247 68 22 51 191 93 254 190 205 170 289 187 236 258 202 27 122 249 143 296 229 217 69 214 197 199 269 82 11 57 73 137 159 121 260 78 4 7 297 275 52 290 75 138 203 86 59 100 244 107 204 46 108 1 242 209 13 174 263 125 87 56 144 273 287 151 9 288 18 161 178 181 156 135 255 146 185 77 259 109 175 160 176 76 43 300 60 172 28 6 206 58 47 64 84 130 32 41 270 67 152 124 141 240 179 252 200 183 101 117 182 3 55 20 261 167 194 162 89 268 207 147 126 96 70 14 102 198 31 115 113 25 66 257 276 282 48 49 230 267 164 33 295 74 223 193 80 281 294 54 265 23 37 212 42 277 210 251 61 44 215 40 112 8 116 83 85 186 158 274 262 246 220 106 264 98 241 94 155 103 237 38 224 62 225 65 132 105 221 71 239 271 232 173 35 30 235 10 129 213 2 153 227 145 136 166 36 171 238 243 233 231 279 278 208 5 168 292 189 104 81 283 280 142 157 154 248 250 118 97 95 139 150 163 184 216 234 188 284 15 53 12 39 133 72 256 16 134 140 272 195 228 26 21 111 299 127 79 34 245 293 148 286 131 291 19 114 91 177 128 169 90 50 180 110 219 192 298 17 165 266 120 218 24 226 45 92 99 88 149 253 123 63 211 285 119 201 196
193: 202 190 56 29 86 249 203 46 297 222 229 258 68 27 296 205 247 197 275 1 11 52 100 260 69 138 187 159 289 263 22 244 93 73 290 214 191 122 254 7 143 75 242 51 217 174 59 57 13 121 87 170 199 78 236 137 204 269 82 108 4 107 125 209 160 243 127 230 149 99 6 173 274 162 178 116 268 34 23 105 90 54 210 257 240 189 252 193 85 291 110 156 74 300 169 102 273 42 181 278 276 2 186 175 198 15 246 188 47 192 152 151 62 35 245 129 60 272 104 14 298 92 286 208 130 287 213 44 36 98 158 201 66 165 182 180 88 95 135 63 17 109 292 271 167 123 212 200 266 8 117 81 277 225 133 126 228 83 76 237 250 293 41 283 31 101 164 145 157 144 97 172 16 234 96 89 281 136 65 55 154 103 183 259 3 142 80 256 106 262 233 38 5 299 77 177 211 207 49 26 238 235 216 61 50 185 155 33 150 232 128 148 58 253 111 166 79 21 264 226 163 140 10 194 113 124 71 168 267 114 139 282 146 118 134 227 67 37 19 43 221 18 28 215 218 284 112 241 171 9 32 265 131 30 288 119 70 184 153 45 294 295 239 72 39 20 285 161 179 261 84 196 248 223 12 64 280 206 24 220 115 147 48 251 91 224 141 195 270 132 120 219 255 53 279 176 40 231 25 94
194: 249 199 244 187 68 269 197 22 125 122 229 4 203 11 297 46 86 191 57 13 27 73 107 78 260 214 137 296 242 93 29 290 75 205 121 56 236 263 51 108 59 202 100 174 143 82 217 275 190 170 7 289 52 159 209 138 222 247 258 1 69 87 204 254 99 60 54 158 212 264 104 149 109 40 101 196 239 98 261 48 228 207 38 25 253 45 128 294 103 49 245 219 95 188 163 32 298 58 231 259 161 185 162 3 71 20 120 157 292 111 255 246 198 39 134 285 117 47 186 127 293 90 173 119 270 272 271 241 257 106 41 283 5 12 43 193 150 130 227 144 61 273 224 234 262 80 112 182 97 300 151 287 124 28 252 284 195 17 114 178 276 66 288 113 74 243 172 92 89 81 295 251 233 19 165 26 168 278 169 139 152 31 180 33 88 85 216 235 267 14 266 36 208 34 155 83 164 15 179 274 16 132 23 192 135 35 37 171 225 126 299 237 6 123 232 211 250 277 96 177 79 133 63 221 77 148 10 230 213 30 240 215 55 265 24 201 9 42 50 226 84 176 184 223 145 218 146 248 282 67 116 286 189 166 291 153 183 110 118 238 21 62 210 141 194 279 8 167 102 131 53 44 72 268 64 91 181 281 18 280 200 206 76 156 147 154 129 160 70 136 142 256 175 105 94 2 220 65 115 140
195: 87 13 247 125 229 222 290 69 56 242 29 1 46 297 27 203 202 260 73 199 93 254 122 249 51 52 244 121 236 159 205 59 174 78 191 4 86 170 7 209 269 108 57 289 263 82 137 197 68 190 296 11 187 107 143 217 100 204 75 22 138 214 258 275 224 291 158 198 115 67 95 164 129 114 181 128 19 149 116 106 126 257 163 70 271 207 234 225 117 212 140 88 50 162 151 232 15 111 53 237 253 63 127 110 49 30 91 278 16 189 45 175 186 145 135 90 155 173 141 25 130 216 18 131 268 147 80 166 41 287 298 235 105 103 48 286 177 28 295 299 157 43 206 142 230 65 76 165 215 188 219 77 161 37 156 221 118 292 38 60 97 285 39 176 208 277 239 94 262 23 102 35 54 261 280 179 248 62 104 266 178 101 252 55 134 256 42 12 241 123 226 99 40 136 267 171 5 270 71 200 92 83 288 220 185 227 34 47 81 246 32 132 31 251 98 240 167 276 119 152 211 169 223 74 255 160 113 264 21 192 180 193 24 61 124 6 66 274 194 9 44 238 17 294 168 112 210 26 273 154 213 282 172 20 259 150 245 265 146 58 201 64 279 183 139 120 84 14 195 182 184 36 33 148 228 233 72 133 153 231 109 79 85 283 96 284 10 300 272 250 3 218 243 293 89 196 281 144 8 2
196: 244 289 22 4 247 13 260 203 56 269 190 209 242 7 275 199 296 75 214 143 57 86 137 229 51 217 100 29 11 121 258 290 125 52 170 202 73 107 122 78 222 27 59 93 187 197 82 263 205 108 138 68 69 297 46 254 1 249 204 87 191 174 236 159 156 112 133 189 278 111 280 228 118 194 226 105 241 276 88 237 157 110 20 154 216 300 201 168 23 21 10 90 150 120 183 35 80 240 257 47 119 271 103 116 185 30 252 140 153 91 96 148 39 207 131 32 3 42 37 12 227 219 167 151 184 274 286 48 54 282 172 34 114 231 146 283 45 79 144 64 104 245 169 180 66 98 171 262 299 253 294 198 287 192 15 83 123 267 256 293 152 178 215 132 127 8 28 164 142 24 128 243 273 196 74 40 232 14 158 18 94 62 102 234 212 277 213 115 166 224 268 43 149 173 101 50 239 295 136 221 255 139 70 248 117 81 270 124 55 106 163 200 49 285 97 298 291 233 193 99 225 6 288 2 292 182 261 220 218 265 85 176 266 113 179 36 141 130 134 181 129 162 246 77 135 259 72 238 76 25 16 9 126 63 208 251 145 223 84 33 281 272 186 188 95 31 19 17 175 5 279 92 67 61 206 195 89 230 161 160 44 26 235 264 165 53 58 147 38 284 155 41 60 109 65 71 210 250 177 211
197: 93 138 187 247 174 29 100 69 217 87 244 57 143 137 52 86 289 59 197 4 214 204 56 46 51 249 269 108 297 222 13 260 203 11 236 125 82 68 1 263 191 275 121 107 75 78 7 73 258 199 290 27 242 205 190 22 159 209 202 170 254 296 122 229 225 47 64 130 226 288 21 299 274 212 286 270 153 15 276 77 124 278 60 192 279 213 98 79 150 94 183 115 173 298 198 135 165 74 157 23 185 210 17 128 10 266 25 26 37 259 167 267 264 16 218 201 151 67 227 31 76 123 237 70 196 277 216 24 40 300 84 2 45 221 253 166 136 293 105 66 103 194 243 83 44 256 265 239 280 113 257 55 220 63 156 282 268 163 180 152 292 112 215 193 35 111 39 223 172 106 142 48 248 30 50 164 116 104 88 232 285 14 273 175 126 272 20 132 91 117 171 208 99 129 161 72 181 3 80 101 42 8 131 148 245 85 291 28 189 102 6 233 271 200 287 49 252 178 140 224 144 134 251 283 186 65 228 61 41 147 71 206 207 133 145 95 182 176 195 188 53 295 58 33 184 235 90 81 18 261 238 294 32 240 38 34 127 119 54 154 158 118 168 284 177 97 110 5 96 160 246 62 179 219 139 255 250 230 231 149 146 241 155 120 162 36 234 89 114 262 141 211 9 19 169 281 92 12 109 43
198: 94 35 261 115 264 166 272 119 278 149 36 72 251 8 84 180 148 218 43 181 38 245 225 96 31 45 224 228 215 109 220 196 276 55 164 90 101 118 238 283 219 15 44 167 140 277 18 255 5 210 103 147 80 241 88 21 231 58 81 16 9 33 3 221 30 49 102 270 206 83 67 110 87 267 250 292 284 41 146 42 254 89 230 108 177 243 69 106 23 195 76 287 227 122 85 280 28 127 27 199 256 299 11 6 236 71 20 197 157 192 168 125 190 273 136 97 156 253 135 48 209 240 121 201 223 248 232 134 19 259 214 139 269 46 207 22 77 54 260 111 2 212 7 286 172 296 265 179 114 117 138 176 189 211 107 60 158 222 63 65 78 226 141 235 203 169 193 200 56 116 129 120 133 52 244 66 74 91 290 79 93 150 208 145 285 50 62 289 73 143 216 262 229 182 288 37 155 95 163 98 174 239 68 86 298 291 104 160 144 170 100 75 213 132 279 4 175 293 92 202 1 142 268 234 17 25 162 10 152 191 247 275 217 82 173 131 204 294 263 153 105 113 112 128 186 123 151 32 154 14 257 233 161 53 205 24 57 281 34 252 242 137 40 188 198 300 159 70 126 47 271 124 185 249 29 26 266 13 297 258 171 282 64 12 165 61 178 39 246 183 274 59 184 130 99 237 51 295 187 194
199: 231 181 278 196 219 277 55 8 220 18 149 38 21 167 33 261 109 255 72 103 35 241 210 221 118 283 228 16 148 101 30 115 84 36 5 94 102 15 44 90 9 31 206 81 224 264 166 45 3 43 49 272 245 119 147 225 215 251 58 180 88 270 276 218 80 140 238 164 96 243 252 99 138 187 111 188 86 151 41 246 17 92 214 65 156 117 52 198 77 110 142 79 175 237 300 158 19 85 274 144 155 171 284 202 14 189 168 123 190 127 172 160 42 67 169 203 173 114 273 268 98 258 184 205 47 100 204 233 122 153 20 207 66 253 91 293 174 285 24 291 182 163 234 135 159 292 93 298 106 76 46 54 112 260 129 74 192 50 199 193 134 257 162 230 120 296 37 222 212 200 131 70 22 69 250 176 286 244 113 108 295 7 25 11 78 56 239 201 236 130 34 256 23 125 104 266 136 146 89 13 124 128 217 154 197 105 51 186 71 60 57 68 249 27 157 87 152 32 248 247 64 211 267 39 208 213 299 165 259 170 178 191 145 40 242 275 227 177 10 75 289 83 139 137 229 2 183 209 185 28 29 290 82 235 59 143 271 116 48 226 132 281 1 216 97 150 62 161 26 280 297 53 279 195 262 294 282 63 61 265 6 232 4 12 107 287 194 269 223 126 263 254 95 121 288 73 133 141 240 179
200: 3 255 9 231 245 277 118 38 164 270 264 15 218 210 215 36 90 140 115 30 35 84 238 148 251 276 16 80 196 225 147 180 119 21 241 228 55 94 43 167 278 283 220 272 206 221 5 88 101 102 8 109 31 81 181 224 18 166 33 58 45 49 96 261 72 44 103 149 219 23 87 172 208 193 183 97 282 158 257 120 61 127 69 244 95 124 60 59 266 275 234 233 63 157 287 100 246 93 242 296 256 213 136 26 230 250 121 48 285 284 122 247 125 292 175 46 25 293 99 51 108 142 217 24 137 162 185 77 271 143 47 110 160 216 268 92 126 260 75 214 85 229 129 13 79 291 163 62 259 211 57 212 27 34 70 253 152 189 22 177 74 112 10 199 153 40 205 223 201 232 295 106 123 64 117 73 263 174 130 146 41 258 192 138 236 168 1 265 240 4 202 39 91 98 300 82 113 179 155 54 262 288 178 248 134 190 298 11 286 83 200 197 198 89 105 68 50 131 145 159 187 191 269 239 151 20 32 252 169 111 161 209 299 29 171 222 67 194 203 139 279 170 204 104 173 17 289 249 52 294 76 154 235 184 6 273 243 188 165 78 237 65 128 107 144 37 2 274 182 53 280 141 7 227 12 135 19 28 42 14 281 297 226 156 56 195 86 186 290 132 114 207 71 66 254 176 116 133 267 150
201: 181 224 3 9 101 72 231 8 80 49 210 166 31 103 148 45 21 102 251 241 81 264 218 219 30 277 272 16 84 215 90 270 88 245 196 58 94 15 115 255 140 119 38 283 164 167 5 43 221 18 35 36 228 278 55 96 147 261 44 109 149 118 276 225 220 206 238 180 33 125 59 11 249 201 144 117 70 13 71 139 68 235 158 134 87 27 53 267 116 127 10 273 268 172 1 47 26 89 269 108 244 155 107 207 191 17 285 256 189 41 233 25 85 143 226 105 282 97 250 234 193 82 128 74 280 253 133 263 20 121 77 152 159 151 137 246 281 66 161 29 265 132 262 135 86 190 174 48 287 179 91 223 92 203 60 258 162 296 156 171 205 260 177 239 214 202 209 257 165 112 195 248 229 169 100 284 292 237 175 54 64 98 130 247 187 242 73 145 299 42 124 62 211 295 123 289 141 113 288 52 40 186 204 67 136 138 120 199 32 227 198 222 279 185 24 93 37 197 213 286 2 28 212 142 56 271 12 173 188 266 122 78 4 95 104 168 236 63 6 61 51 111 243 22 217 157 254 183 297 50 182 65 76 34 79 178 274 300 154 294 230 57 46 200 114 160 252 110 131 19 14 259 153 146 184 69 291 150 23 83 7 298 232 163 194 39 293 170 176 275 126 290 75 129 192 216 106 208 99 240
202: 225 18 261 220 90 31 276 147 15 283 58 215 180 118 264 218 101 81 84 272 43 36 8 164 210 119 55 3 5 96 241 149 140 44 9 231 181 196 277 255 38 238 206 49 270 33 109 102 148 167 228 16 221 94 219 21 88 278 30 45 103 251 224 115 72 35 166 80 245 188 2 95 66 233 204 98 130 128 113 133 163 242 111 271 187 132 230 1 211 281 223 65 284 294 156 51 254 76 209 192 75 168 208 24 152 146 262 85 229 257 259 236 173 48 186 42 158 296 170 29 184 41 193 50 195 199 157 83 205 108 129 288 207 135 285 10 107 258 117 252 190 73 171 86 213 14 52 59 232 70 249 174 216 77 300 286 11 212 235 137 40 106 20 202 191 67 243 250 7 160 268 125 61 183 136 126 151 256 162 177 176 105 143 227 267 91 145 287 71 291 201 141 185 172 144 269 194 154 246 28 222 62 116 134 19 92 295 78 37 275 97 47 104 54 293 226 131 60 263 292 124 153 27 161 69 4 253 150 289 112 274 247 32 22 122 237 63 110 244 93 155 279 175 25 159 46 200 6 123 79 142 203 127 290 189 64 68 297 280 214 87 17 99 26 39 23 282 248 165 240 298 239 34 179 273 13 74 266 114 299 82 120 260 121 265 234 12 56 138 53 182 169 57 198 100 139 89 197 217 178
203: 36 210 119 148 81 102 255 9 88 5 220 278 228 21 80 251 115 219 58 90 238 33 15 264 3 221 45 16 164 8 38 43 231 18 35 196 270 180 224 72 96 49 261 44 101 103 94 206 241 283 109 31 181 277 84 166 147 225 149 215 276 118 218 245 55 272 140 167 30 120 299 170 59 184 249 284 273 298 200 202 195 65 205 141 282 132 39 158 271 99 111 153 108 201 26 42 199 172 296 70 286 10 91 295 203 250 22 288 126 248 222 98 104 53 52 134 61 156 86 265 131 233 144 127 161 192 73 211 106 234 294 75 51 128 209 227 1 79 46 155 256 154 297 223 17 11 293 82 13 163 112 87 151 174 133 69 244 217 190 85 95 191 279 24 107 146 182 136 67 29 122 236 7 258 139 93 117 229 92 269 23 208 66 135 242 71 25 100 207 230 110 27 204 6 150 281 212 54 267 60 260 113 262 239 152 48 285 274 19 186 189 116 177 68 50 62 171 56 188 246 235 187 263 232 64 114 162 124 97 105 137 143 259 138 169 2 289 213 178 240 145 78 32 89 179 121 214 275 130 129 266 41 194 280 160 77 157 168 183 37 176 292 20 123 40 300 175 237 57 63 287 216 12 47 74 291 125 4 159 247 257 197 14 173 76 226 243 193 198 253 185 83 28 165 142 34 254 252 268 290
204: 16 228 5 261 140 231 90 31 119 180 118 35 147 167 94 210 88 43 81 270 164 272 278 219 264 115 21 196 148 224 84 36 49 15 96 58 101 33 103 215 241 38 166 206 277 55 109 220 30 3 283 44 276 102 8 225 149 45 18 80 221 9 245 181 238 72 251 255 218 233 194 137 17 6 168 184 207 165 68 179 93 110 78 188 116 175 63 271 69 34 113 133 104 151 227 192 57 281 122 82 129 144 267 205 252 150 250 71 92 244 235 11 222 127 61 249 74 216 291 177 202 289 263 163 56 274 87 130 287 32 111 156 203 10 138 14 53 240 211 64 89 22 275 237 29 162 141 182 279 294 50 76 236 189 285 39 172 132 158 185 25 212 232 171 77 293 199 135 105 146 157 282 197 247 226 19 243 223 234 160 23 214 42 41 85 134 28 269 98 46 229 65 186 73 242 139 83 296 100 292 217 193 54 107 239 12 259 70 86 258 176 120 299 173 154 1 152 114 128 59 99 200 204 230 66 27 284 126 106 169 60 246 288 198 265 95 209 256 117 97 79 145 195 108 190 159 262 136 298 7 51 201 143 253 20 273 47 297 24 26 295 52 67 268 257 260 2 121 178 286 254 75 280 191 125 37 4 213 48 153 40 112 300 187 170 248 124 290 266 208 174 123 131 183 142 13 62 161 155 91
205: 140 221 101 238 278 164 180 35 118 167 255 245 16 115 102 261 251 49 277 270 228 33 9 283 206 166 72 119 15 231 264 88 224 43 225 276 84 58 96 44 103 241 94 81 220 181 196 109 3 149 21 5 215 272 55 219 147 30 80 210 8 218 31 90 18 38 36 148 45 274 280 249 126 136 191 213 76 29 28 246 258 127 64 153 168 122 11 202 222 143 203 259 189 78 10 254 195 52 100 104 263 234 51 145 117 294 232 286 205 125 4 124 289 59 50 160 56 19 275 171 98 242 260 116 216 46 68 226 93 86 26 229 237 63 300 150 284 290 25 89 265 176 24 184 262 154 111 57 95 163 112 193 146 198 54 209 223 128 252 230 165 214 244 247 20 42 47 23 106 212 199 105 97 292 182 74 39 40 204 257 91 17 268 92 131 227 85 129 295 178 192 66 62 158 282 279 77 71 113 152 139 208 99 161 174 207 267 266 138 134 297 32 137 73 141 169 296 121 256 27 187 186 67 156 123 299 133 211 120 37 34 130 293 287 2 159 240 172 175 200 177 75 183 197 250 271 173 179 298 151 12 155 194 288 1 188 14 69 110 281 108 185 61 233 157 239 22 142 83 87 291 60 82 79 132 190 135 48 201 144 7 41 65 235 236 107 70 243 6 285 273 248 269 217 53 162 13 114 253 170
206: 118 251 109 35 231 166 5 167 21 181 103 278 206 55 36 43 16 220 115 283 210 241 45 219 270 58 276 224 38 102 238 84 81 9 101 245 147 72 96 180 44 225 80 261 88 94 15 30 272 255 8 149 164 3 215 218 140 277 264 33 31 148 196 90 119 221 49 228 18 70 46 216 269 289 212 285 143 294 135 211 152 93 284 290 233 170 286 53 32 65 150 263 11 17 73 104 203 207 60 139 113 179 254 239 10 116 201 50 271 186 24 197 208 155 144 229 100 85 298 28 222 153 171 6 256 168 129 137 124 226 287 78 27 161 39 198 91 213 76 175 75 37 41 274 188 157 56 235 185 66 62 214 99 242 117 145 191 57 187 98 252 275 200 107 265 97 23 162 83 217 146 114 132 20 54 82 223 195 243 156 68 40 247 126 79 34 266 14 51 87 120 260 174 250 192 4 190 123 257 202 163 193 131 52 178 77 151 237 176 138 295 158 182 194 12 205 172 253 71 122 273 199 7 249 240 184 246 110 279 288 105 262 177 19 258 183 125 86 293 236 154 13 189 61 111 244 2 136 69 165 108 128 299 173 227 248 282 291 133 259 22 59 300 47 209 142 267 63 121 29 169 42 160 159 268 230 25 67 92 232 204 130 112 74 106 95 1 297 296 280 292 26 234 89 48 281 134 64 141 127
207: 196 277 181 218 231 118 101 210 94 84 115 264 35 272 90 148 33 147 219 45 3 261 102 8 228 220 58 55 36 81 9 241 206 80 149 166 16 43 5 221 270 278 224 238 283 21 119 276 140 31 38 245 88 30 109 103 164 167 215 49 18 225 72 255 180 96 15 251 44 259 188 57 201 64 13 61 56 208 111 290 79 104 107 73 285 256 74 153 137 136 216 25 155 212 141 189 128 267 226 297 282 260 76 204 174 62 142 258 173 299 158 162 145 146 237 95 232 243 262 26 183 19 288 168 41 20 59 269 151 186 77 152 244 129 89 250 252 105 156 132 253 135 126 203 236 108 266 287 144 274 1 293 176 281 14 175 2 280 184 112 68 295 286 289 193 47 268 92 172 230 37 265 83 28 138 294 165 121 97 163 93 170 199 12 120 60 190 32 70 202 223 178 160 284 34 23 275 177 51 42 50 4 54 213 106 110 179 66 234 200 222 53 182 240 133 6 298 52 139 124 17 24 154 185 157 113 171 246 197 217 122 123 300 78 39 69 125 248 195 271 257 279 233 161 98 191 10 169 143 205 130 214 198 296 209 249 22 116 159 85 46 235 100 194 87 192 114 99 187 117 131 82 254 7 86 239 71 242 211 11 134 227 207 229 291 150 91 247 40 65 27 63 127 263 48 67 75 292 273 29
208: 196 30 102 255 21 167 109 43 270 101 206 58 103 277 115 245 36 80 96 38 35 221 84 218 9 261 272 118 251 231 5 44 148 45 90 283 55 166 140 278 219 241 164 16 33 147 215 224 31 264 149 119 81 72 180 18 8 276 88 3 228 225 210 181 238 94 15 220 49 291 32 282 161 163 89 263 202 120 299 86 23 122 212 114 14 1 194 233 297 37 155 262 198 22 60 146 117 87 214 135 175 66 28 234 151 79 76 197 298 160 6 95 232 34 253 182 205 216 289 132 105 260 156 126 268 217 168 145 42 56 243 29 73 281 7 249 300 77 247 125 4 256 169 127 111 235 11 62 137 265 113 193 290 157 246 59 71 138 110 273 223 211 91 74 41 280 39 239 20 104 112 159 236 269 69 26 186 275 229 93 57 70 48 191 242 185 154 259 294 172 107 136 248 173 64 266 50 190 165 46 83 200 257 267 254 82 208 116 295 27 287 141 177 2 271 68 99 139 250 199 123 284 131 17 189 176 286 150 106 227 279 288 285 158 128 63 178 240 152 226 237 296 13 179 230 195 143 170 153 130 201 184 92 51 192 19 133 78 52 142 174 244 258 40 188 203 213 129 204 207 144 10 65 293 222 252 183 187 100 25 98 97 12 61 134 124 209 24 121 292 274 53 171 108 67 85 47 54 162 75
209: 215 210 44 272 270 72 224 21 5 238 31 118 16 15 245 18 261 8 58 220 148 140 102 167 33 264 241 231 225 283 180 221 109 84 276 228 94 30 81 45 196 251 55 49 36 277 88 43 101 181 206 115 38 80 164 9 96 103 147 149 255 3 278 35 218 90 119 219 166 69 229 14 135 136 198 170 64 62 289 161 82 104 293 174 151 242 89 171 192 287 266 282 56 209 194 10 71 175 262 97 159 259 73 121 205 290 232 268 271 295 22 112 179 61 29 193 267 76 234 154 184 131 243 83 53 291 240 132 213 32 24 65 138 168 226 248 288 239 236 63 273 12 208 202 247 292 122 284 91 60 13 195 158 113 155 142 199 296 145 281 125 190 133 257 41 87 172 146 144 20 39 214 51 280 1 160 188 263 274 230 204 74 201 19 294 124 297 152 246 217 254 123 59 128 279 244 110 256 249 189 67 252 117 107 275 127 163 57 169 286 187 79 200 157 93 42 130 150 100 178 66 70 153 78 7 52 134 269 191 75 126 137 186 298 285 4 156 185 176 95 116 2 165 182 105 92 177 37 99 27 143 183 265 222 46 11 223 253 216 17 34 111 48 173 47 98 197 300 299 207 120 141 68 50 139 227 260 77 258 40 85 54 25 28 23 106 6 129 26 162 233 114 211 250 86 237 235 203 212 108
210: 8 3 80 9 215 206 5 166 283 270 149 94 88 278 45 210 16 219 44 264 55 220 277 245 115 147 251 225 224 180 49 90 96 72 81 228 231 238 21 103 119 43 84 148 261 272 30 276 255 35 18 164 167 196 109 140 33 15 36 102 118 31 218 101 241 38 221 181 58 17 192 229 130 271 27 232 34 205 280 161 273 68 222 259 131 32 74 252 185 124 25 242 263 190 128 92 108 162 144 39 61 156 240 204 227 182 247 289 212 69 120 262 59 41 112 230 99 274 199 189 138 213 168 54 281 105 292 285 14 63 177 95 11 116 22 246 154 279 146 73 217 234 134 145 203 163 188 70 126 28 254 52 207 197 67 125 10 13 171 48 47 121 260 141 191 250 151 60 42 248 158 78 98 159 142 71 169 198 29 106 150 175 50 286 4 111 275 65 249 51 157 6 202 282 135 91 209 183 170 269 113 176 117 137 239 139 267 184 77 186 127 123 93 82 136 173 287 300 172 258 268 201 57 114 294 293 295 66 216 24 193 143 237 256 187 40 62 290 288 83 153 257 75 291 46 19 160 129 208 53 284 253 37 296 266 236 1 226 56 155 110 211 12 64 87 194 23 133 97 165 299 26 174 152 89 235 233 178 243 79 76 200 7 297 244 100 132 265 298 195 2 107 223 214 20 104 179 122 86 85
211: 44 225 5 147 241 167 140 72 103 81 49 36 119 270 255 264 58 38 115 219 35 166 220 94 88 278 45 80 3 221 181 84 206 251 90 238 30 9 18 164 210 224 228 149 15 218 231 33 180 55 272 283 118 261 215 101 16 43 31 96 245 277 148 109 8 196 276 21 102 194 244 217 242 205 274 127 152 299 227 159 296 10 292 97 122 295 208 105 125 74 161 99 243 144 186 46 151 132 198 212 39 28 158 42 285 82 286 168 26 249 209 32 213 178 298 91 139 214 174 169 192 256 54 50 146 293 106 190 129 134 70 247 153 92 47 23 207 188 289 237 111 63 59 22 62 124 253 291 25 93 204 71 211 154 172 284 52 17 176 113 64 110 89 60 66 262 73 136 2 179 108 235 121 117 128 279 187 297 266 175 107 173 69 171 280 216 6 137 189 95 257 222 287 183 20 83 269 240 7 252 162 68 100 234 226 157 259 1 27 267 236 116 199 203 160 12 77 290 133 185 273 24 34 138 141 4 123 163 86 76 156 120 165 29 51 98 233 19 200 281 195 142 143 191 260 75 130 126 37 150 135 85 11 230 202 201 182 263 40 104 300 265 248 48 112 13 294 250 61 275 145 223 258 170 184 53 288 14 78 232 268 131 193 246 229 87 65 197 57 239 67 56 155 41 114 177 254 282 271 79
212: 80 31 180 261 119 35 181 283 164 210 149 38 58 147 16 8 276 30 55 94 5 196 206 148 96 277 33 251 9 88 272 118 219 49 215 224 43 90 220 72 18 81 103 264 102 140 238 115 167 45 101 3 218 36 255 241 245 15 225 21 228 166 84 231 278 44 221 109 270 172 53 39 19 193 216 122 4 256 68 207 95 107 253 199 113 136 300 288 202 114 294 233 208 117 56 112 151 229 191 290 183 258 76 125 174 268 97 275 12 120 161 29 86 273 285 130 192 250 73 158 42 267 236 266 37 269 128 214 190 93 170 134 104 235 201 142 74 286 108 189 123 165 237 62 173 23 177 70 17 248 239 63 260 209 98 179 212 41 48 26 85 291 176 240 143 105 184 50 205 75 198 28 83 121 92 20 162 263 111 213 124 138 64 296 2 144 139 153 7 59 61 24 297 129 34 287 54 152 289 60 299 32 182 11 185 10 154 259 135 265 82 57 71 226 203 156 281 150 284 169 200 279 1 27 91 252 132 14 66 25 163 223 155 133 160 78 195 204 227 298 52 188 145 51 67 222 157 69 187 211 244 254 106 47 168 242 247 159 100 217 40 13 110 280 271 178 249 99 127 77 234 295 22 186 46 141 257 79 137 146 282 246 171 6 274 194 292 89 116 126 232 230 293 175 262 131 197 243 65 87
213: 102 96 119 35 148 166 140 115 94 18 238 43 225 164 45 38 15 220 88 36 109 196 90 278 181 255 55 264 118 3 103 84 221 21 33 58 270 180 272 261 101 16 8 44 218 228 9 72 31 167 5 283 231 245 277 215 30 81 224 49 251 80 241 210 276 149 206 219 147 297 110 17 161 168 230 151 204 11 182 217 13 52 2 284 153 248 27 244 212 200 42 57 39 145 202 74 156 236 258 68 53 10 263 195 132 78 269 137 214 124 125 105 14 47 41 256 20 171 54 107 247 169 253 249 296 291 271 273 252 126 229 281 34 257 37 12 104 129 111 67 114 66 61 4 246 59 50 128 79 98 155 144 201 183 69 235 77 175 178 187 232 142 6 152 108 64 157 286 62 275 185 234 254 112 260 194 192 226 26 85 150 29 99 76 177 285 46 19 240 279 262 134 89 106 227 165 91 40 146 158 213 190 60 143 259 83 141 28 63 139 191 211 198 86 95 71 189 222 289 265 207 93 120 208 280 242 48 176 162 193 179 7 117 100 184 282 298 188 160 51 186 223 209 32 25 287 65 268 174 266 203 216 136 122 290 199 294 274 243 300 97 197 159 23 138 288 237 295 127 299 123 113 163 22 250 73 131 92 170 70 205 24 172 239 292 130 173 87 233 135 56 116 293 133 267 1 121 82 154 75
214: 231 16 58 147 270 241 164 206 118 35 115 88 148 251 181 38 238 3 180 196 33 96 276 261 264 21 218 84 55 15 219 228 45 44 81 278 277 272 31 166 255 221 36 149 215 109 102 30 90 18 210 103 8 9 80 72 119 225 283 94 5 224 245 101 140 220 49 43 167 257 57 284 27 198 71 85 66 188 192 197 292 122 185 293 1 226 145 263 176 40 290 266 232 29 56 249 275 183 79 135 195 265 78 41 126 54 208 142 190 154 26 139 69 271 137 267 269 160 182 37 42 136 170 133 60 157 152 200 130 143 146 100 171 32 132 291 34 48 91 6 39 63 76 203 104 77 24 158 254 174 95 288 28 116 191 248 124 172 23 129 216 86 201 113 117 207 211 127 173 111 178 242 159 253 252 108 250 25 285 83 260 175 222 240 92 50 213 121 153 169 268 73 262 163 204 47 223 186 274 217 229 280 259 199 22 193 11 281 298 52 212 205 150 177 110 125 107 233 112 187 247 62 300 246 2 75 70 74 93 98 239 59 123 256 289 120 202 99 279 64 258 299 46 294 161 214 128 82 141 87 287 68 67 243 10 296 89 230 194 244 286 138 165 297 12 13 236 105 20 131 7 144 155 114 162 151 65 53 19 189 51 14 134 97 61 184 4 168 295 106 227 273 237 179 234 282 156 209 235 17
215: 221 283 206 16 36 90 81 5 264 101 218 224 18 270 219 181 88 118 44 276 261 241 94 80 58 96 72 33 210 8 103 109 43 15 3 228 45 255 147 164 140 251 196 220 31 272 102 277 55 180 35 148 231 38 238 30 9 245 119 215 278 115 225 49 149 166 21 167 84 222 269 70 300 112 116 51 54 171 53 249 28 230 182 165 85 17 83 172 217 143 40 145 214 56 268 59 174 48 169 185 175 267 125 121 141 98 201 188 298 114 27 178 204 207 293 152 292 223 197 294 108 247 25 139 41 12 297 68 47 240 193 248 191 24 209 299 32 64 232 205 177 211 212 95 157 156 200 173 137 170 195 135 288 65 75 159 128 198 131 22 87 19 100 14 7 79 2 10 199 91 144 138 76 233 127 290 92 66 129 74 274 60 244 187 184 154 4 229 243 250 52 291 287 89 226 117 120 104 82 253 252 69 124 227 189 132 285 62 213 271 110 246 11 265 282 237 281 160 29 37 168 97 67 273 39 126 260 284 153 163 113 6 23 136 236 192 280 190 122 257 107 234 286 77 142 146 150 186 99 71 296 130 259 289 61 183 111 105 46 176 20 42 203 263 295 50 202 179 239 133 151 78 235 279 123 258 266 158 57 194 216 161 242 1 256 34 26 262 155 162 208 86 63 134 73 254 106 93 275 13
216: 36 109 149 167 31 118 164 33 278 218 228 119 241 219 101 251 181 221 18 90 8 44 15 238 264 84 261 283 220 21 30 3 272 255 180 277 58 96 276 148 80 49 81 102 231 115 245 140 196 147 5 94 55 270 215 16 72 35 103 9 38 225 206 210 45 166 224 43 88 69 211 216 280 187 235 292 247 236 143 121 260 269 208 37 174 175 152 171 151 24 243 136 23 258 14 287 188 62 131 34 125 108 4 156 172 232 139 46 195 130 48 134 289 213 104 150 128 300 274 288 47 168 176 186 12 52 122 42 193 177 160 294 279 271 286 155 144 163 249 257 107 197 212 91 234 165 291 253 112 22 89 120 203 126 87 95 254 60 227 41 183 66 75 56 129 296 267 117 179 281 63 67 105 133 83 86 282 54 299 25 13 293 205 71 70 114 170 124 259 157 53 191 154 138 146 207 65 68 1 153 230 222 244 51 178 192 237 209 123 76 17 135 169 64 229 145 263 19 73 233 159 85 246 185 32 6 74 161 113 98 217 252 184 50 79 223 198 268 137 284 110 77 59 201 298 61 262 285 111 93 57 11 290 127 189 265 266 194 240 116 92 256 173 162 214 78 204 7 226 99 20 295 39 26 239 40 82 190 132 28 158 29 141 199 200 275 10 297 182 106 248 2 142 250 100 97 27 273 242 202
217: 206 210 272 72 33 245 140 16 115 180 283 181 264 44 102 84 147 167 164 35 255 218 31 43 45 238 148 119 30 3 149 49 36 101 103 221 196 80 94 18 277 55 231 219 224 21 58 96 270 88 5 38 241 81 228 9 220 109 261 278 15 215 8 276 118 225 166 90 251 93 137 274 111 152 75 7 229 143 112 204 53 29 203 73 300 127 202 192 160 98 104 285 288 267 242 131 60 195 189 173 1 256 114 130 24 198 59 182 190 158 20 69 211 41 179 253 269 162 146 133 169 4 230 216 26 135 27 39 110 142 299 99 183 154 25 186 282 227 124 47 286 287 105 37 28 177 150 191 11 222 265 161 144 82 79 71 151 232 126 184 6 293 100 187 174 298 168 85 159 291 48 208 280 141 2 42 240 74 258 46 70 284 67 271 117 51 125 214 239 244 197 193 176 248 268 65 61 83 89 249 63 201 56 259 129 233 64 178 295 252 116 23 156 172 171 145 153 260 250 212 279 54 237 289 136 194 234 155 263 273 157 78 50 66 294 57 235 139 120 91 86 281 32 13 170 123 296 12 106 163 223 34 209 14 243 113 199 292 266 138 262 217 77 19 200 185 121 226 10 205 207 76 97 213 246 134 188 122 128 165 290 68 40 62 108 17 275 175 22 257 236 107 297 87 132 247 52 95 254 92
218: 90 9 58 228 210 35 84 31 277 36 215 88 272 147 8 255 115 43 180 231 3 33 206 149 44 220 238 196 16 118 49 224 166 283 38 221 94 251 80 45 219 109 245 102 101 30 21 225 5 103 270 18 167 164 264 15 278 96 140 72 218 241 55 81 276 148 119 261 181 34 146 175 92 230 50 107 188 287 289 52 293 274 170 4 211 279 114 191 120 91 135 65 195 260 93 199 156 60 178 176 95 214 37 111 154 262 98 280 157 108 233 69 275 144 73 82 132 205 127 77 152 192 248 129 249 134 187 14 171 300 42 143 182 226 204 79 183 53 203 271 162 296 145 227 229 160 222 288 240 139 193 105 121 168 138 25 281 185 292 106 159 232 216 19 254 63 142 51 237 11 74 179 99 141 285 64 83 256 207 161 17 297 67 2 125 257 268 29 201 263 177 169 10 163 54 173 186 194 290 234 41 151 12 57 24 273 269 158 266 291 284 6 39 246 27 97 100 286 174 59 235 202 56 71 85 75 259 61 155 250 217 122 258 23 295 299 116 123 223 110 133 267 89 137 112 184 253 294 190 70 213 66 40 117 189 298 128 131 47 20 212 104 239 172 265 165 150 86 130 76 126 124 282 26 7 200 87 28 244 197 236 68 198 243 62 32 113 153 242 1 209 252 48 78 22 13 247 208 136 46
219: 181 43 261 81 3 221 15 118 149 16 80 219 96 264 231 8 84 30 278 72 36 196 94 21 276 206 119 167 255 147 148 277 38 218 55 115 58 9 31 180 102 270 90 101 103 220 18 283 44 35 225 5 88 272 245 164 109 238 140 49 215 210 224 228 45 241 33 251 166 17 237 230 28 192 82 233 156 250 87 229 105 79 258 93 153 132 20 128 288 214 76 254 279 50 10 26 165 223 19 67 170 139 143 68 141 205 265 252 91 259 104 203 52 178 121 249 257 7 64 145 209 246 97 37 134 160 175 299 86 114 65 62 136 212 112 51 130 247 74 108 162 173 99 273 126 154 24 189 123 295 217 106 179 211 117 286 137 98 23 2 1 161 120 292 271 198 300 296 289 207 27 227 150 263 291 275 32 281 138 61 232 294 184 298 83 34 25 57 85 176 174 163 47 194 116 40 124 66 234 41 195 185 60 75 188 267 77 46 240 157 256 222 191 71 92 59 268 125 6 73 69 177 204 297 56 226 280 159 213 253 29 155 201 11 190 12 63 182 200 285 172 199 266 89 14 197 152 290 282 133 13 186 129 183 4 243 239 235 110 78 293 142 208 151 70 95 202 127 111 107 262 248 48 284 39 100 158 131 244 236 171 193 260 287 168 144 274 169 122 53 187 135 269 146 42 54 22 113 242 216
220: 94 30 55 115 18 272 277 255 225 109 44 264 33 238 278 270 35 38 5 218 31 149 167 164 231 81 180 251 118 219 49 8 140 261 148 101 181 88 58 103 221 228 80 36 15 206 45 43 21 90 119 283 147 220 3 102 215 241 245 84 276 210 96 16 196 72 166 224 9 110 64 266 23 129 114 19 155 131 53 208 71 132 290 193 183 104 73 91 75 10 299 230 65 172 229 87 256 274 56 268 171 1 195 297 176 144 233 27 125 70 223 135 26 152 161 99 150 293 59 213 133 191 40 154 175 124 156 184 178 281 227 300 93 282 130 236 68 128 279 252 284 117 186 192 61 4 12 189 179 151 203 226 242 67 106 170 211 112 13 257 20 286 169 141 107 298 108 69 271 6 76 275 260 134 121 194 205 280 111 47 258 74 42 216 32 217 289 253 243 86 105 254 95 46 22 159 2 136 263 78 60 250 246 288 235 14 294 240 198 162 259 296 138 239 7 185 237 17 24 51 212 292 173 182 50 168 89 222 77 11 295 244 197 37 248 265 199 120 158 25 122 160 54 113 82 200 204 187 207 291 190 139 234 165 157 85 209 146 83 57 247 52 98 163 177 39 127 143 63 100 123 126 34 285 188 137 273 267 97 142 202 174 66 232 79 262 29 41 92 249 62 287 145 28 48 153 269 116 214 201
221: 45 55 16 218 5 251 36 90 31 264 180 277 221 30 44 96 220 147 225 35 103 167 270 115 255 21 49 215 276 228 149 278 18 72 140 81 109 245 210 219 58 102 3 231 80 261 148 88 224 33 238 241 43 101 283 164 119 15 181 272 206 38 166 118 196 94 9 84 8 199 194 89 211 242 143 203 92 233 73 271 281 193 131 279 162 2 122 202 139 235 172 76 61 289 83 168 214 52 195 170 136 137 169 298 138 217 39 197 37 183 59 154 300 152 274 141 207 6 22 226 64 213 282 240 249 78 34 134 116 297 253 254 114 23 267 248 151 14 40 124 127 1 159 230 75 79 98 273 85 175 190 153 285 262 113 95 160 4 257 129 12 19 212 299 157 252 132 222 293 68 48 287 111 50 237 97 71 146 66 67 201 243 70 125 288 123 57 126 259 99 208 42 229 53 186 105 133 178 260 188 280 258 29 27 112 263 155 11 275 250 187 269 192 26 268 28 144 246 7 63 130 286 163 189 60 177 150 32 182 284 236 191 93 165 47 107 51 227 290 54 74 205 198 204 142 292 25 10 108 69 158 239 247 294 41 173 296 234 171 87 295 65 256 106 209 24 223 86 120 46 135 82 77 121 62 176 232 291 17 174 266 145 56 244 128 216 265 161 117 185 200 104 179 91 100 13 184 156 20 110
222: 16 109 228 147 224 31 21 35 80 96 101 251 81 276 210 9 49 270 148 264 15 38 196 8 55 72 94 167 164 215 221 44 5 231 102 115 84 219 166 255 58 30 277 238 45 118 181 272 220 218 149 43 283 261 103 225 119 90 88 33 36 180 206 278 140 18 3 245 241 263 227 171 175 186 110 53 32 113 281 104 297 61 4 178 253 117 13 70 295 24 173 157 222 203 114 229 47 127 247 69 216 259 194 112 71 179 143 240 26 146 11 29 46 254 299 77 128 62 188 42 237 248 287 191 97 211 86 107 223 124 125 204 93 290 144 111 75 207 159 280 184 40 205 7 135 265 202 168 197 289 246 267 92 82 161 132 56 199 154 187 76 162 17 20 153 57 131 34 258 230 271 12 273 292 100 156 155 298 145 291 89 234 279 200 120 63 193 116 139 10 67 39 73 130 134 136 37 122 138 185 232 22 87 60 226 106 243 1 150 78 275 293 198 209 51 212 249 190 142 28 6 195 158 286 214 65 235 23 105 151 300 165 126 25 213 14 137 133 66 268 85 54 183 257 108 217 189 98 250 74 233 169 83 192 48 123 163 182 285 201 266 177 262 284 236 95 129 288 59 294 296 274 27 242 170 121 256 79 269 208 50 260 244 252 174 91 52 172 239 41 68 282 152 19 160 176 2 141 99 64
223: 255 90 140 30 276 72 58 224 81 241 228 15 272 264 94 270 206 21 80 109 180 278 35 210 218 3 164 103 36 238 166 149 44 101 148 43 167 115 33 55 118 219 231 16 283 102 31 8 220 119 49 245 45 251 18 96 181 225 84 277 38 9 147 261 215 88 196 5 221 300 208 135 77 207 127 122 89 236 214 130 191 61 286 136 174 133 266 75 293 74 152 98 142 182 143 222 274 176 10 134 169 105 64 132 112 290 155 232 244 226 92 161 114 157 296 189 93 128 299 63 42 4 163 183 82 171 193 227 86 26 195 68 104 20 186 2 200 52 256 154 144 40 211 99 265 240 54 13 126 287 85 158 153 177 78 150 56 253 95 57 53 124 6 282 280 271 29 288 67 139 178 110 70 260 257 197 239 14 292 138 217 237 259 11 60 91 121 159 263 25 246 151 120 198 233 267 162 194 281 168 202 34 273 279 107 188 51 47 137 254 204 129 65 201 294 117 165 170 125 66 79 156 248 252 268 145 83 19 111 262 24 289 100 141 249 269 258 213 62 41 131 27 284 199 209 216 1 22 205 250 69 39 17 212 187 146 243 160 32 179 184 73 113 48 37 87 173 285 234 297 12 97 230 59 235 46 192 172 203 247 108 7 76 295 242 275 175 298 229 291 185 106 50 71 223 123 116 28 190 23
224: 5 33 224 49 210 264 219 31 251 96 241 221 18 228 272 35 9 215 149 278 38 164 101 166 231 15 255 21 102 277 88 180 218 58 94 270 115 196 84 72 80 206 181 261 44 225 238 55 8 148 167 283 220 81 140 119 245 36 147 3 276 30 16 45 103 109 118 90 43 185 257 200 29 60 209 89 197 86 128 212 123 122 237 46 78 53 176 130 79 168 83 162 7 139 287 116 274 226 169 201 76 262 163 98 232 57 69 213 74 259 233 194 217 286 67 175 267 75 292 179 216 121 92 177 10 204 256 154 25 143 66 222 91 195 190 37 39 269 61 42 112 138 125 24 145 70 187 152 14 171 265 156 22 239 34 142 82 268 134 248 161 129 97 258 263 56 127 77 183 243 151 172 93 159 249 117 165 108 68 111 191 193 223 23 235 6 65 160 105 260 41 47 63 50 1 214 40 182 124 137 227 52 19 12 184 300 48 294 104 205 132 207 246 192 279 28 266 17 107 230 135 11 87 189 157 54 254 236 288 136 208 155 2 203 282 144 114 202 284 153 20 110 298 186 99 199 141 188 71 133 253 280 95 32 281 293 13 4 150 158 85 242 26 240 297 285 173 126 211 51 271 146 250 273 290 131 59 120 62 291 198 106 73 275 289 27 174 64 296 244 113 247 178 229 170 100 234 252 299 295
225: 31 102 147 94 224 109 96 55 101 261 277 16 241 33 181 167 30 164 272 245 8 270 231 148 140 35 283 206 238 225 45 90 43 196 119 58 103 80 49 149 228 5 221 251 264 220 118 9 36 72 18 115 255 38 44 21 81 15 215 276 218 88 210 219 84 180 278 3 166 280 207 281 142 41 126 205 27 199 34 98 172 175 244 150 69 77 153 47 127 22 141 222 91 285 193 254 99 235 294 138 117 53 73 112 17 211 64 288 76 182 50 191 216 258 209 85 176 185 70 262 162 291 249 213 106 107 174 292 65 204 257 229 159 74 145 129 125 168 296 79 275 113 135 236 266 136 2 273 253 188 187 51 267 105 62 197 290 68 230 151 60 234 232 108 110 82 71 192 75 19 195 243 247 67 12 189 171 1 32 165 226 214 59 66 37 256 239 259 39 14 130 13 227 178 132 121 26 28 268 186 10 124 198 40 169 78 133 114 92 184 25 95 299 237 123 265 83 200 282 217 52 279 146 179 161 160 87 295 246 20 144 289 111 154 203 46 297 89 152 97 42 54 287 63 293 57 48 139 24 157 233 156 252 11 223 260 100 131 284 212 274 61 170 6 300 183 128 116 271 143 137 134 248 240 263 177 194 155 93 286 298 242 201 122 202 208 158 173 86 269 120 56 4 7 250 190 104 29 23 163
226: 102 35 251 220 9 15 94 72 272 196 149 33 118 115 3 21 270 140 58 96 215 5 231 148 80 221 241 88 210 255 119 261 16 30 81 147 228 90 224 55 277 38 36 166 225 164 101 43 45 103 276 18 278 181 167 8 218 84 31 44 245 283 264 238 206 49 180 109 219 24 235 28 184 17 160 34 95 259 176 192 123 62 195 111 145 12 288 216 77 260 250 146 267 299 143 248 67 213 1 207 74 252 289 256 48 42 186 87 127 222 121 86 295 234 25 50 200 79 294 59 131 126 208 60 194 171 71 110 61 178 4 155 298 117 199 174 129 274 136 281 137 246 14 227 104 188 26 56 40 198 105 39 284 116 262 254 69 292 163 46 265 158 152 243 239 232 57 151 108 249 75 120 182 247 273 300 287 100 76 205 122 144 244 91 268 211 229 187 279 296 209 47 89 138 297 73 233 172 157 124 290 173 99 263 37 92 98 159 68 179 114 258 177 13 65 293 22 223 201 113 10 161 282 107 197 142 190 23 191 66 141 106 185 253 150 41 226 2 20 32 134 193 154 130 203 53 156 236 257 7 183 169 214 204 128 82 132 29 93 275 52 112 78 269 271 237 202 27 280 51 135 133 6 242 230 189 63 70 85 83 97 153 175 125 54 286 19 64 11 240 165 139 291 212 266 170 285 217 168 162
227: 58 224 228 88 231 94 30 43 109 270 180 148 96 238 119 21 81 147 261 90 80 251 103 283 49 166 5 8 38 245 16 219 220 101 15 18 84 241 181 45 164 255 221 264 218 277 35 102 206 3 276 167 115 210 118 9 72 196 33 55 215 36 278 140 225 272 149 44 31 260 290 105 200 223 67 22 125 240 242 286 216 173 62 179 295 249 274 282 95 256 199 10 56 57 156 139 122 197 51 106 259 150 154 271 143 24 212 158 175 182 293 243 168 174 230 155 178 137 195 6 296 262 227 267 300 273 63 144 203 169 177 190 234 1 20 141 172 83 76 29 121 97 34 202 86 108 92 248 100 132 288 28 73 75 299 244 237 91 70 268 77 235 161 25 113 123 250 151 159 191 279 134 74 82 112 170 117 208 214 284 98 153 189 128 163 127 265 254 46 205 66 60 71 145 99 152 7 19 207 188 281 2 201 287 183 222 229 59 187 126 26 12 116 23 162 11 64 17 47 78 107 246 69 40 42 138 129 232 217 14 297 54 87 292 50 176 110 52 213 263 142 104 160 79 85 133 120 194 61 32 157 37 41 192 236 252 193 48 68 53 291 136 198 111 269 184 124 114 226 146 165 258 13 171 266 211 130 65 204 280 298 135 257 253 93 275 27 186 247 294 131 233 89 285 209 185 289 4 39 239
228: 225 38 218 238 8 55 277 5 270 103 149 228 36 224 196 9 264 118 72 49 215 164 58 18 43 3 241 181 35 210 96 30 219 220 148 101 167 15 90 180 272 44 166 261 283 109 119 278 147 231 102 221 276 45 94 21 245 84 31 80 140 206 33 81 16 255 251 88 115 204 85 130 258 110 56 212 213 77 232 104 294 194 145 257 32 107 199 141 19 191 62 246 169 173 105 24 159 216 273 82 188 63 120 143 172 22 174 106 300 161 48 126 78 95 263 73 92 23 287 129 87 6 150 198 226 133 271 177 291 266 236 117 297 227 65 74 28 153 13 242 252 86 34 40 39 214 267 152 1 10 14 124 195 57 235 125 193 176 132 127 162 178 61 50 83 146 290 156 123 91 69 171 160 51 205 244 248 165 75 11 211 187 12 203 175 289 157 201 186 114 274 249 70 144 137 185 208 139 17 298 296 66 97 76 243 29 202 116 53 189 207 67 151 197 158 163 136 131 68 254 41 155 239 47 154 100 259 25 60 59 209 280 52 7 288 293 111 256 268 192 260 184 128 4 233 275 98 223 222 292 112 142 182 265 108 237 217 279 234 20 113 190 99 253 37 170 230 64 240 282 27 284 168 299 138 269 247 26 42 121 79 285 71 89 122 54 2 262 286 183 200 281 135 134 46 93 179 229 250 295
229: 80 272 148 219 55 251 43 210 166 277 118 9 45 218 44 109 140 8 84 231 115 96 167 283 228 238 36 196 35 72 49 101 276 94 15 119 88 147 30 164 221 31 215 270 264 241 255 225 90 245 224 81 38 206 3 103 261 5 21 181 180 102 149 58 16 33 220 278 18 37 222 112 244 282 253 13 48 203 254 184 51 4 122 100 158 300 211 106 200 216 236 183 188 46 134 248 11 292 153 120 105 138 160 136 269 40 257 212 176 6 288 169 14 108 68 191 232 24 275 237 137 77 152 111 70 173 286 128 121 20 60 168 104 227 1 190 99 230 280 146 23 293 144 29 204 130 135 2 178 175 171 155 163 92 19 73 201 243 284 114 226 189 260 265 54 273 229 239 56 242 27 249 185 22 165 202 17 259 150 197 25 213 93 172 34 64 252 145 285 217 156 82 76 247 205 250 267 143 170 161 281 268 141 41 290 61 131 116 235 274 26 47 28 125 83 162 209 154 79 71 287 186 193 271 240 133 187 279 42 63 62 233 67 159 192 142 129 126 298 74 97 65 291 50 289 262 299 59 86 89 256 66 10 157 174 123 110 91 53 78 234 296 195 95 208 207 32 124 179 151 214 266 39 69 246 113 139 258 127 117 107 297 182 263 52 7 85 87 177 223 194 199 75 98 132 295 57 294 12 198
230: 119 277 109 80 3 166 255 167 181 251 147 103 44 90 215 31 148 283 220 88 238 221 241 30 245 36 180 15 278 35 261 33 81 224 228 9 115 196 5 210 55 218 270 49 264 84 16 38 96 219 206 225 149 43 272 18 45 101 140 21 72 118 276 58 164 102 94 8 231 108 157 26 98 106 130 10 195 77 116 265 100 275 34 86 112 178 152 214 142 125 71 158 159 207 127 179 162 91 29 294 1 61 197 135 204 201 39 175 145 51 165 93 68 111 83 65 271 134 19 173 59 95 177 141 11 42 25 186 67 129 176 253 169 110 53 240 250 203 143 139 128 70 267 293 256 213 292 73 23 7 163 269 242 234 60 174 295 136 170 92 57 192 154 243 138 87 230 40 155 226 298 133 120 297 132 47 54 202 227 239 104 114 200 246 153 257 37 99 168 12 161 211 105 97 56 121 216 32 50 66 235 208 262 4 193 260 274 126 236 185 20 263 79 22 146 124 299 217 289 122 259 189 223 284 2 286 63 46 62 222 188 69 229 291 287 249 107 199 74 254 279 198 123 75 78 212 48 137 183 150 258 24 171 117 172 182 248 52 290 237 82 89 184 232 285 300 41 13 252 282 156 76 244 247 273 194 281 288 17 14 144 131 296 151 280 268 64 160 6 28 85 190 266 187 113 191 205 27 209 233
231: 283 115 224 140 276 49 241 218 147 215 225 196 118 164 58 251 36 103 3 206 231 5 84 264 221 167 35 9 255 270 80 90 38 109 220 278 181 45 219 31 277 245 119 238 96 102 43 272 72 148 18 33 149 94 81 30 261 16 210 228 166 55 88 44 8 101 180 21 15 170 82 198 51 128 188 64 227 85 29 256 154 163 169 112 62 232 162 68 106 185 184 111 298 234 204 129 269 98 214 288 136 266 254 187 69 281 105 132 189 54 252 125 243 208 59 195 186 260 107 127 156 236 284 229 79 193 97 67 179 192 108 138 249 25 1 257 14 12 175 200 279 222 144 271 263 176 297 289 233 123 247 86 226 259 95 4 122 287 121 274 48 199 63 87 42 39 275 268 174 291 292 99 146 285 201 248 159 290 40 6 137 139 177 242 83 145 262 56 171 10 114 73 76 37 130 91 53 273 161 57 212 134 20 77 131 209 178 17 113 89 182 126 293 75 124 27 141 258 265 60 28 135 158 194 46 110 7 235 217 66 294 22 117 71 26 240 173 41 151 100 299 211 153 143 24 93 50 207 65 157 244 11 47 190 52 160 253 165 78 239 142 300 172 13 250 74 150 19 168 183 216 104 267 282 296 246 202 152 23 203 133 155 92 116 237 213 223 295 32 120 61 280 70 197 205 230 286 191 34 2
232: 72 49 218 88 38 16 90 55 166 221 147 276 277 102 231 35 272 5 148 196 96 115 45 206 241 261 80 18 101 278 225 94 238 103 149 118 283 219 31 228 43 58 220 119 180 36 215 8 224 84 210 164 81 21 255 181 3 9 15 264 140 109 44 167 245 33 30 251 270 59 123 75 77 2 266 141 69 106 247 24 100 171 82 233 174 145 239 104 14 240 37 253 176 85 216 285 236 168 284 66 29 39 93 185 178 91 154 135 99 279 110 217 282 152 95 28 52 158 146 114 189 265 232 227 151 290 267 34 125 11 207 112 150 159 186 197 68 298 172 287 157 136 191 291 202 133 117 300 70 139 132 20 296 111 153 198 54 250 183 230 184 62 143 229 292 254 105 280 64 177 275 263 199 92 53 1 78 243 182 122 50 173 188 65 248 193 142 98 79 194 222 127 121 211 6 76 97 83 26 271 281 269 246 41 190 204 170 23 4 86 155 130 234 259 25 42 12 108 160 262 258 252 260 268 113 32 61 22 126 87 40 57 273 201 200 169 134 223 71 56 129 7 297 17 131 205 47 161 299 213 295 51 107 162 63 175 214 209 89 46 137 163 192 257 237 274 242 19 294 165 244 212 226 289 249 235 179 203 187 120 128 256 156 144 48 208 286 60 124 116 10 27 195 288 67 73 293 138 74 13
233: 44 72 38 164 18 21 276 31 147 218 148 36 225 224 283 5 45 181 81 238 101 140 9 49 88 84 80 241 96 270 261 94 245 115 264 149 231 210 166 251 8 55 180 272 16 167 206 109 196 3 255 221 277 102 35 90 278 15 119 58 219 215 228 220 118 43 33 103 30 230 282 143 121 298 122 69 14 20 78 271 235 56 254 184 153 273 17 236 190 83 274 107 262 209 200 201 10 211 128 197 244 11 249 212 155 113 202 47 161 189 74 175 7 300 233 187 259 295 168 239 53 28 1 70 59 99 86 199 51 67 243 29 174 268 131 24 71 145 150 296 163 253 87 64 95 205 124 186 214 185 65 269 22 42 280 57 188 195 151 250 127 89 177 267 171 92 226 82 286 27 112 132 260 25 52 76 287 91 291 237 97 247 216 257 223 154 183 159 41 34 105 126 130 4 133 242 165 169 46 77 192 136 6 13 120 234 32 157 100 194 62 48 170 265 138 39 50 117 66 284 232 293 104 68 256 79 146 217 289 203 288 106 141 198 63 110 85 172 279 294 75 26 2 281 248 275 179 208 263 258 61 290 266 156 93 207 116 125 227 297 60 108 134 19 162 213 23 111 240 193 222 176 135 182 178 152 129 229 98 114 12 137 123 191 54 142 73 139 40 160 246 252 158 292 285 204 173 144 299 37
234: 270 276 5 225 36 251 16 101 147 58 277 84 181 8 215 221 228 45 35 206 43 115 88 102 210 55 3 80 219 96 49 220 140 118 283 167 9 109 72 272 33 30 31 180 264 81 231 245 261 38 166 255 15 148 196 44 224 218 18 119 164 21 90 103 241 149 94 278 238 4 259 22 139 124 117 65 53 274 41 126 280 39 23 262 248 232 12 279 298 29 242 195 153 71 161 186 297 129 217 271 282 25 203 145 176 293 235 193 116 240 299 287 168 136 125 6 121 216 24 7 265 74 110 138 237 178 208 291 2 285 300 190 198 258 187 69 59 26 236 246 200 70 28 169 64 92 114 97 54 156 60 194 57 257 289 134 130 66 170 135 132 158 52 111 212 223 209 263 10 211 160 104 73 173 288 127 230 199 46 268 171 260 131 234 295 86 67 19 266 222 152 296 100 192 197 154 184 105 155 99 252 174 243 107 98 244 281 40 82 239 32 202 120 75 11 177 286 93 292 1 79 182 189 233 201 204 13 48 142 207 108 56 284 137 226 157 34 146 78 63 85 14 42 62 112 294 76 213 191 256 77 50 179 247 290 87 205 106 162 113 249 163 151 20 122 133 253 273 165 123 37 128 175 47 95 83 89 141 267 275 227 61 143 254 214 144 150 269 17 159 172 91 68 51 250 183 229 185 27 188
235: 241 81 149 33 167 272 270 115 283 245 140 90 228 264 109 5 18 55 3 45 31 210 43 88 35 278 103 80 219 96 44 147 224 164 9 218 15 251 101 21 49 255 148 38 166 231 277 181 215 261 94 58 180 8 72 118 221 220 238 16 84 206 30 36 119 225 196 276 102 242 39 207 262 2 288 51 153 168 87 26 13 95 296 107 170 57 169 183 76 54 69 216 121 106 46 144 263 25 56 157 227 99 205 105 10 243 204 34 294 104 250 187 17 65 52 125 211 232 71 244 67 285 175 239 200 230 47 116 24 127 128 265 295 133 48 199 223 20 53 299 274 60 237 284 122 267 257 136 171 172 124 233 235 126 82 19 100 176 23 62 110 192 146 132 217 123 92 300 293 97 75 184 190 297 42 41 268 247 185 178 236 150 139 229 280 117 249 160 131 70 240 108 188 291 203 93 290 163 226 37 191 275 4 253 155 259 252 269 40 152 281 63 286 114 198 28 193 73 195 260 179 256 77 161 138 208 135 174 98 68 177 201 74 173 129 112 273 120 165 154 86 209 248 214 246 134 298 143 32 66 141 158 212 282 79 85 142 292 151 22 6 130 197 1 162 287 78 64 61 186 27 137 14 91 222 213 182 159 271 234 254 145 258 156 11 189 113 111 289 194 29 202 7 279 59 266 89 83 12 50
236: 81 283 35 109 224 251 115 210 38 245 18 241 218 90 215 3 206 166 119 21 277 96 36 80 49 221 219 255 180 181 272 16 196 261 58 270 31 238 148 8 103 88 9 278 149 45 276 15 220 118 140 44 147 164 264 101 225 30 167 94 55 102 228 84 5 72 43 231 33 177 150 229 59 71 65 290 124 108 192 291 186 266 201 193 198 117 184 281 128 250 271 159 154 73 300 104 14 172 69 93 97 27 129 207 63 243 68 214 233 126 87 252 79 256 240 205 47 188 23 141 285 287 216 100 135 86 120 57 145 134 98 22 263 247 244 292 199 217 113 234 131 208 13 136 85 158 114 66 179 106 200 125 295 138 34 74 82 70 268 262 132 190 155 40 7 143 130 54 213 4 60 42 279 269 76 235 232 89 99 195 294 223 259 165 168 257 105 123 299 139 202 17 64 191 28 293 153 176 286 19 254 37 275 2 253 25 75 273 182 239 144 189 53 56 222 249 282 203 284 32 236 242 67 46 288 127 170 112 107 163 298 209 50 258 160 248 265 12 151 157 91 162 297 133 267 77 185 212 171 296 142 152 110 41 194 20 62 204 116 174 48 92 121 178 227 95 183 51 24 289 187 211 83 10 169 161 111 52 29 61 226 137 11 230 78 156 6 122 237 274 146 197 175 280 246 260 1 173 39 26
237: 58 38 224 255 90 44 15 96 16 261 84 276 225 210 8 231 55 272 109 36 215 251 5 196 72 270 277 102 147 35 149 164 45 49 118 115 245 3 140 88 228 206 219 278 167 31 43 221 166 220 180 33 148 80 81 21 9 94 181 103 18 119 283 264 101 218 30 238 241 73 187 100 136 186 177 13 265 17 222 290 7 287 156 191 138 4 29 20 78 154 293 258 285 1 212 291 183 185 59 134 204 114 236 248 68 89 124 95 117 257 271 141 217 195 292 123 243 108 128 192 168 239 26 137 70 12 54 282 244 263 52 98 209 229 23 2 50 237 99 157 27 139 284 129 75 120 130 47 178 179 110 174 67 230 34 161 165 226 197 79 112 194 182 145 66 76 300 249 22 190 146 253 127 142 57 275 106 63 242 126 111 159 266 254 158 268 162 40 77 213 267 104 151 53 131 172 205 198 32 208 93 288 150 260 280 125 85 247 42 107 46 193 28 214 202 173 155 92 170 69 169 207 189 252 14 64 234 11 216 153 201 227 286 41 176 259 113 74 188 262 223 246 184 175 269 256 133 163 65 105 160 144 281 116 48 152 122 132 37 25 82 10 61 86 121 60 19 199 135 200 211 24 56 51 97 273 250 203 274 171 39 235 6 296 87 233 91 279 143 232 71 62 297 299 240 295 289 83 298 294
238: 167 148 166 261 35 5 277 272 43 81 9 118 15 8 38 218 21 270 3 149 276 224 72 102 36 109 115 278 140 147 206 283 181 238 103 49 221 55 18 264 180 220 31 44 88 119 228 94 164 210 215 219 45 255 80 16 225 30 196 33 245 96 101 90 58 251 231 84 241 297 155 201 151 271 195 189 97 216 289 162 42 87 2 202 47 48 252 191 194 41 132 256 69 60 11 204 269 92 107 182 50 259 146 193 291 83 208 37 128 214 52 157 232 40 67 143 165 56 284 267 145 223 54 188 26 85 274 286 12 116 171 76 117 236 227 27 154 121 74 300 299 86 258 66 141 253 133 184 73 176 229 144 280 98 19 287 68 25 266 130 126 153 13 7 32 170 175 28 163 230 100 138 131 14 212 190 186 64 10 293 79 268 136 240 159 249 142 108 295 152 160 217 197 296 77 192 70 260 205 288 262 247 243 99 125 187 250 150 273 59 75 104 112 20 239 82 169 129 203 234 281 46 124 235 282 200 22 178 226 110 63 122 78 179 139 244 23 211 57 65 279 91 174 29 172 62 134 135 185 233 257 222 237 173 51 161 4 168 246 263 120 290 34 199 213 183 127 61 1 198 17 123 156 265 209 6 106 294 158 298 113 114 71 105 248 285 207 242 53 275 111 24 292 89 39 254 95 93 177 137
239: 206 277 18 35 88 30 245 164 33 101 255 102 115 218 55 270 43 238 8 31 72 84 241 219 264 3 118 215 58 80 181 45 224 9 5 109 221 94 16 103 276 228 44 49 90 140 149 119 36 180 147 278 261 166 210 167 81 225 21 272 148 15 283 220 251 196 38 231 96 153 211 201 200 32 123 134 133 179 92 204 239 91 286 14 189 68 285 260 60 253 107 130 57 299 161 234 135 70 265 268 208 37 195 266 160 97 47 246 66 24 159 199 51 214 86 207 185 188 217 42 182 39 52 274 28 294 7 106 190 250 77 152 121 290 257 122 259 61 114 85 227 178 48 247 158 95 162 267 197 25 112 292 105 232 289 212 143 287 56 69 209 177 62 111 89 186 113 11 54 79 198 10 233 156 176 144 19 193 216 117 151 99 242 223 203 6 296 171 138 275 244 64 20 22 263 183 194 73 142 98 132 187 297 236 252 248 100 63 205 184 163 4 254 235 137 139 26 53 165 262 131 230 59 281 298 284 155 168 104 41 136 87 291 125 157 279 240 34 1 226 145 110 173 269 76 23 83 27 46 126 50 13 300 71 17 243 129 202 191 82 174 169 170 93 146 29 229 256 282 288 271 128 192 293 120 116 78 280 12 67 65 222 154 213 127 295 75 258 74 237 249 108 141 172 273 40 150 175 124 2
240: 210 5 102 35 45 88 270 238 94 30 115 180 167 58 103 31 215 272 101 164 283 3 96 218 228 55 8 220 9 196 277 276 90 81 21 140 149 245 251 38 80 181 49 84 36 264 225 15 166 148 44 231 16 119 219 147 224 206 278 118 72 261 33 221 255 109 241 18 43 222 139 48 253 290 89 165 155 188 39 141 116 86 198 279 127 143 284 216 204 160 263 4 63 17 113 211 252 11 126 52 294 41 295 262 247 104 202 73 64 246 174 121 282 266 110 170 83 209 46 50 28 57 2 269 227 82 53 77 260 7 123 298 87 70 207 107 156 268 213 42 287 297 171 212 100 249 1 192 177 25 150 129 185 184 145 34 273 271 40 69 197 114 158 205 223 27 292 175 265 134 239 79 99 108 236 61 135 163 10 105 199 248 12 187 26 68 230 146 117 203 169 286 186 120 258 243 256 178 254 274 136 56 132 173 37 19 131 76 275 111 193 288 59 162 93 159 54 67 195 152 65 200 92 112 75 128 176 296 24 98 23 194 259 51 232 168 95 6 299 78 142 289 189 183 122 66 22 32 191 208 62 242 182 151 20 244 124 179 257 281 157 13 201 154 229 60 267 293 237 106 137 97 125 71 14 85 240 250 226 300 233 217 91 161 285 280 234 130 190 291 47 172 29 144 138 153 214 235 133 74
241: 103 88 45 72 109 147 55 148 5 219 140 220 196 80 164 215 206 58 35 270 264 278 81 33 272 49 167 115 90 16 15 102 36 119 224 94 255 38 18 283 277 9 181 218 251 225 166 221 43 101 261 241 118 245 180 149 96 44 228 21 231 210 238 276 8 3 31 84 30 172 275 41 134 68 54 6 207 192 268 257 92 37 53 25 23 168 216 294 152 230 203 271 295 232 233 285 200 266 186 182 145 99 138 121 194 259 183 137 98 104 11 265 162 110 130 173 28 235 17 143 249 300 86 123 273 154 62 177 69 292 202 105 163 222 252 281 139 274 131 20 262 237 254 132 78 77 146 141 160 256 59 79 190 74 112 106 76 279 136 122 187 223 250 258 263 2 229 212 174 197 142 291 29 42 47 246 52 27 100 189 117 244 191 24 13 133 185 97 157 91 4 161 176 67 170 73 227 175 107 39 248 135 61 95 85 153 195 63 51 12 93 296 171 116 282 151 297 205 286 75 71 22 158 243 288 48 178 66 114 120 253 125 70 83 46 204 108 287 129 179 126 10 284 269 290 165 7 260 226 111 26 198 236 155 50 280 217 298 239 242 57 1 156 40 113 128 208 199 19 64 32 89 150 184 289 34 211 213 60 65 124 144 169 56 87 267 201 247 127 293 159 14 214 193 234 188 299 240 82 209
242: 5 115 3 102 30 9 118 255 272 251 88 149 94 15 218 277 224 261 43 31 36 241 55 215 181 196 45 167 38 228 278 96 58 8 270 219 206 231 72 264 147 245 238 283 81 16 44 18 276 140 35 49 225 84 148 119 221 21 109 101 210 220 164 33 166 90 180 103 80 293 150 74 89 191 37 132 232 10 14 189 79 195 98 176 52 138 13 279 25 179 151 106 125 207 177 67 281 158 212 100 296 117 263 250 135 254 104 22 259 159 253 213 194 99 68 66 116 75 146 298 284 163 244 41 54 7 190 286 300 280 170 203 201 169 240 173 208 134 71 139 297 234 246 48 86 123 32 34 62 229 137 61 50 53 197 57 233 2 178 39 63 11 168 155 93 76 269 129 112 209 204 230 235 289 236 19 260 295 287 222 257 105 143 282 273 6 156 51 126 268 274 267 266 154 144 107 128 78 59 111 171 73 17 24 258 290 226 152 252 12 223 216 271 60 142 28 114 124 136 188 122 186 211 242 40 1 20 205 294 243 130 145 239 131 217 262 162 275 64 110 187 120 200 175 183 227 42 56 202 193 87 29 299 185 27 248 184 133 292 47 291 113 83 70 285 157 237 214 121 256 23 192 4 198 95 161 108 77 247 199 26 141 46 288 153 97 127 172 65 165 265 92 82 160 249 85 182 174 69 91
243: 278 35 80 241 49 45 119 38 96 264 31 166 36 3 206 90 81 140 118 44 9 30 231 115 101 210 15 180 224 255 181 218 149 215 272 261 283 147 8 148 196 43 276 277 21 88 84 18 221 220 5 94 102 103 109 219 167 251 16 270 238 164 33 58 245 72 55 228 225 104 125 197 252 187 294 10 37 98 51 266 71 54 300 53 87 14 17 29 263 291 150 212 170 117 192 235 233 204 155 131 59 222 287 298 63 126 295 136 42 106 248 1 156 142 153 121 13 165 122 77 52 169 133 108 75 60 139 99 250 259 213 194 296 22 65 34 171 284 130 265 214 47 227 73 173 279 205 289 293 145 105 20 163 141 48 162 41 61 70 138 56 92 229 185 157 230 67 299 110 91 25 234 86 26 257 40 216 232 271 193 223 267 100 85 123 137 114 27 281 280 46 176 129 249 66 116 97 184 208 107 57 207 69 195 111 177 288 175 78 128 209 7 24 253 292 190 211 240 95 12 151 189 120 244 202 179 23 269 242 236 143 124 290 285 134 146 239 275 203 188 28 237 198 268 246 199 178 89 191 154 159 262 160 273 79 247 6 200 50 258 183 174 161 256 182 217 74 201 39 254 274 76 144 260 19 82 11 4 152 93 2 83 68 112 158 297 132 113 226 172 243 62 286 64 168 186 282 127 135 32
244: 109 88 36 219 278 8 84 270 16 90 180 43 164 81 276 149 218 224 210 31 167 264 33 272 15 18 241 166 55 231 5 30 101 147 96 228 72 255 181 118 196 21 238 102 115 58 261 44 148 49 80 45 220 119 140 221 283 245 3 103 215 9 277 225 251 206 35 38 94 260 7 160 92 68 291 177 134 121 185 14 75 256 152 67 159 171 153 42 250 106 141 22 285 27 216 217 287 26 65 237 173 265 86 112 242 230 227 223 187 200 211 23 281 52 184 288 47 89 59 46 162 82 132 286 66 247 290 146 204 300 51 199 25 297 209 122 76 111 274 212 144 188 113 198 108 222 155 266 137 151 74 253 202 201 165 131 135 175 12 6 239 192 73 182 246 56 60 127 107 105 226 172 282 161 271 100 64 37 156 125 170 53 142 193 114 110 133 280 4 190 294 128 158 139 229 269 257 69 93 130 240 186 268 71 85 98 54 169 40 62 284 17 213 295 296 214 248 1 11 154 263 87 120 292 243 77 168 91 63 13 50 205 179 244 19 157 273 34 97 275 259 117 293 195 99 123 289 194 79 236 32 232 189 39 233 10 61 299 234 70 29 20 249 254 191 207 48 197 136 279 208 183 28 174 258 145 83 252 262 2 124 116 176 138 267 163 78 41 178 126 95 24 143 298 57 203 104 150 235 129
245: 43 90 283 278 3 270 18 215 276 245 228 255 36 218 272 49 33 84 264 101 231 221 181 119 140 44 238 196 147 72 115 81 15 16 30 261 167 220 9 94 8 251 45 38 148 180 5 103 35 224 96 118 58 55 88 277 80 21 31 225 109 206 164 210 149 241 102 166 219 87 48 67 170 91 139 207 7 222 223 296 298 89 28 158 77 236 27 155 203 183 154 266 50 70 182 71 299 256 59 174 138 134 163 212 262 95 106 229 32 243 237 107 46 211 116 133 152 127 297 192 292 76 258 280 104 111 150 300 105 260 265 78 197 156 20 129 2 117 61 291 19 135 122 39 234 194 73 112 14 193 86 121 184 85 233 202 295 284 273 257 188 62 200 235 189 83 126 159 40 179 120 17 98 60 195 54 22 13 97 6 24 172 161 1 287 271 131 92 201 42 171 137 136 93 294 25 74 69 143 82 99 269 29 169 4 145 11 186 226 124 253 68 259 199 176 208 217 227 34 75 160 177 190 173 288 132 178 209 282 26 64 187 185 239 56 53 281 213 263 57 165 198 37 144 275 110 274 248 153 216 10 108 146 125 51 47 290 205 244 285 214 114 157 247 79 23 286 254 242 191 268 230 293 252 168 142 128 249 267 141 289 240 100 151 41 246 113 162 175 12 232 52 66 204 123 65 250 63 130 279
246: 255 277 238 276 164 115 270 215 218 245 58 44 180 251 102 118 33 88 181 149 80 36 109 221 45 225 72 96 264 119 9 5 140 206 94 228 43 16 103 147 196 90 3 15 272 21 167 283 219 31 166 84 148 81 261 224 231 55 241 210 49 30 278 101 38 35 220 18 8 262 208 24 267 129 2 68 202 298 289 247 295 263 146 12 296 183 294 282 207 211 223 243 51 173 42 205 240 85 22 11 23 288 112 95 157 184 128 108 209 156 100 78 40 117 256 53 191 14 136 161 13 188 54 186 285 254 227 155 190 265 185 150 281 233 300 297 73 66 269 61 39 114 287 98 99 71 158 216 163 232 63 133 273 237 6 244 139 230 266 236 137 292 162 195 165 151 198 125 259 258 268 60 64 178 83 91 69 74 17 34 50 168 200 7 37 132 197 123 204 280 172 65 111 97 299 201 82 76 124 248 56 152 144 4 235 27 153 253 41 199 110 286 222 242 142 92 217 28 170 193 229 116 122 145 120 284 106 19 89 271 291 32 174 274 126 57 52 179 113 135 154 105 59 29 130 252 203 77 87 104 226 160 192 279 194 257 62 121 70 239 10 189 141 214 25 1 138 143 67 290 169 47 260 177 182 93 48 79 131 26 246 20 75 134 212 171 107 46 275 86 159 176 249 293 175 250 187 213 234 127
247: 220 103 251 219 3 261 147 283 90 221 94 15 30 49 140 35 55 8 210 72 118 21 101 149 180 272 80 18 164 225 224 215 109 231 9 148 196 58 84 218 44 81 278 38 270 238 276 96 277 206 43 241 181 88 166 33 167 16 255 264 102 5 119 45 31 245 115 228 36 150 194 298 78 189 51 104 48 99 172 98 59 63 299 6 107 4 188 13 294 234 186 266 179 87 110 240 292 89 284 42 14 136 130 260 66 243 212 24 223 208 19 246 185 120 201 226 114 74 286 75 177 161 183 160 108 113 105 291 41 256 139 92 297 199 237 233 40 125 53 153 296 22 23 73 144 207 152 271 191 127 85 165 64 182 216 12 54 254 209 178 287 70 205 124 29 27 163 10 129 202 239 171 267 61 142 65 285 250 282 20 257 275 2 77 83 131 184 56 145 116 175 289 168 193 7 192 300 112 126 91 214 293 253 46 106 111 195 217 200 262 93 190 82 50 151 79 17 138 247 68 229 236 62 204 187 269 100 248 146 281 128 154 97 1 279 28 259 203 295 173 123 232 135 133 169 213 155 258 132 198 11 170 158 274 52 235 230 117 252 174 60 156 197 268 69 162 157 37 122 57 39 134 249 227 25 95 288 244 273 242 76 176 137 222 32 71 34 67 141 263 159 280 265 47 211 26 143 121 290 86
248: 218 167 228 102 45 88 33 261 147 181 36 109 264 180 219 278 241 90 221 224 80 16 206 251 225 115 119 270 18 81 276 101 220 55 58 9 148 43 255 210 166 49 283 164 31 38 245 5 84 215 277 15 35 21 272 96 149 94 118 30 238 44 72 140 196 103 3 231 8 174 188 205 269 266 66 200 244 208 65 213 226 265 64 25 183 138 209 143 287 204 1 133 132 41 236 260 134 176 222 243 247 192 195 182 292 98 258 184 79 67 288 254 172 139 42 291 89 57 77 170 189 190 145 250 152 179 234 268 233 128 227 108 290 256 246 168 117 146 223 95 68 237 161 110 300 263 193 232 87 112 253 14 191 186 212 130 99 137 74 75 34 120 62 121 114 280 20 48 150 26 198 165 24 242 136 155 70 293 289 175 141 294 76 295 69 71 177 37 201 111 73 299 178 271 2 262 85 13 126 131 11 286 129 216 257 211 122 10 19 92 235 154 86 107 199 207 17 248 153 125 53 28 156 159 6 173 279 56 230 285 252 296 197 113 171 160 46 298 127 29 116 297 83 214 229 47 194 50 61 284 27 82 274 39 157 267 275 142 151 105 202 23 169 162 40 259 7 124 239 93 158 97 60 12 22 100 32 185 59 104 78 4 273 91 63 249 163 217 106 54 203 52 123 187 51 282 135 240 281 144
249: 206 30 18 245 31 88 270 8 181 90 224 45 35 33 3 149 49 102 103 255 58 238 272 221 276 180 278 118 96 115 210 16 15 81 220 215 94 261 225 219 55 109 21 101 283 147 84 277 241 251 5 140 231 72 38 44 148 196 9 228 119 264 43 166 36 80 167 218 164 259 7 252 198 145 126 177 128 185 268 29 279 183 201 291 178 26 127 161 297 2 209 271 66 112 217 296 54 232 24 131 171 53 188 116 142 162 212 74 153 258 240 75 6 133 76 159 47 247 138 139 287 200 77 39 294 174 191 122 70 17 250 46 253 156 176 64 235 100 67 134 160 208 249 290 237 73 163 82 34 27 12 202 60 56 130 104 187 274 40 62 262 86 25 79 203 195 92 155 144 158 173 213 68 295 28 192 13 197 293 105 239 10 22 282 199 113 269 182 125 61 230 175 71 184 243 117 106 23 37 169 152 41 20 50 234 107 254 120 186 150 172 89 216 190 242 193 91 19 97 57 52 189 223 110 78 14 95 179 246 124 154 146 273 51 233 205 63 121 227 85 48 143 1 4 236 136 207 298 170 248 87 42 165 194 214 299 83 284 132 263 11 135 226 99 286 157 168 288 141 292 260 229 114 69 256 300 281 265 267 108 285 93 211 65 151 244 257 266 129 204 289 280 123 137 98 59 111 32 222 275
250: 8 149 238 255 270 218 96 220 94 16 278 206 261 9 3 38 101 224 245 33 81 84 115 21 103 44 118 164 241 210 30 35 219 102 119 264 166 49 181 221 31 231 88 43 55 58 15 272 90 251 283 228 277 167 45 225 80 276 109 196 147 18 140 215 36 148 72 5 180 198 99 124 76 205 258 190 51 150 233 100 17 26 7 93 300 64 110 176 216 89 142 11 257 2 296 227 63 247 22 79 143 125 298 1 249 111 299 194 184 260 189 266 203 174 158 162 242 155 85 165 4 297 67 54 262 82 195 271 248 24 280 105 131 14 48 244 39 267 236 230 56 127 237 122 113 172 240 34 47 41 19 265 192 229 53 59 254 183 139 163 274 284 106 199 134 214 208 188 175 177 232 137 161 20 144 217 286 268 121 6 279 135 69 60 29 52 157 256 25 285 133 246 83 170 263 269 112 46 179 243 65 282 116 40 37 138 62 42 209 154 186 136 212 211 294 73 202 66 293 290 61 213 28 68 70 27 239 91 197 235 74 108 250 153 114 222 281 200 98 226 252 289 151 23 287 78 77 182 117 187 87 204 97 71 92 132 146 159 295 32 129 57 288 10 123 50 171 120 173 223 156 193 207 75 130 259 128 95 185 191 141 253 201 160 275 292 178 234 273 12 86 104 152 169 145 107 13 126 291 168
251: 80 8 283 140 102 181 220 251 90 31 231 277 241 148 147 118 206 261 81 164 224 225 255 218 167 16 44 3 238 278 94 84 272 18 21 276 36 219 196 58 264 38 109 166 101 49 228 180 245 30 103 35 119 270 72 55 221 43 115 15 215 210 45 88 9 5 96 33 149 260 281 295 285 195 160 242 139 203 183 290 105 153 163 141 227 291 159 177 216 24 193 93 156 250 211 171 267 65 239 123 82 252 282 168 235 229 152 170 63 50 247 11 217 111 57 104 155 29 288 269 59 287 61 293 240 201 263 202 174 2 6 74 197 212 99 106 258 249 79 75 128 136 53 60 27 246 234 176 133 297 114 52 51 189 70 226 41 17 83 68 135 120 37 280 22 134 116 233 26 7 129 113 185 151 85 122 145 179 14 192 125 19 62 243 67 259 77 10 12 279 198 237 244 46 209 286 175 173 131 95 138 284 273 257 200 127 124 232 34 117 296 294 205 112 97 1 214 292 73 87 254 89 275 199 126 48 158 169 248 64 121 190 299 130 265 71 47 108 32 132 274 25 91 78 110 161 204 256 236 143 208 187 40 107 271 300 172 268 154 142 184 144 186 194 13 178 223 150 298 54 157 98 262 266 28 92 230 207 137 69 253 146 4 56 39 222 76 100 165 23 191 86 162 188 289 213 20 182 66 42
252: 9 8 118 147 180 94 16 270 277 72 101 206 245 261 115 30 220 210 278 119 224 148 228 21 90 55 272 18 283 166 81 218 238 149 88 36 255 167 164 219 264 140 231 221 35 102 84 225 38 109 196 33 96 44 58 31 241 103 80 3 15 276 43 181 5 251 49 45 215 77 89 123 27 250 296 197 117 280 205 232 234 116 199 258 1 168 59 107 61 19 190 193 25 100 141 145 22 289 42 184 111 136 95 267 229 165 66 202 131 99 235 191 273 151 71 269 183 230 182 53 64 198 160 175 292 156 247 132 204 194 32 239 212 288 121 265 52 286 243 40 93 135 285 56 161 83 240 213 174 244 211 69 104 188 201 195 144 275 91 222 284 299 130 298 26 254 217 236 208 37 187 87 172 54 157 266 29 297 73 189 65 4 139 259 294 142 282 128 159 7 173 256 227 20 176 260 79 300 271 153 48 122 287 6 171 125 62 185 262 105 97 155 114 60 70 192 233 203 75 274 268 34 223 252 162 177 178 82 248 78 24 11 150 138 291 127 253 68 46 86 85 249 13 209 207 242 186 170 74 10 39 152 143 2 12 126 67 23 92 246 169 14 279 113 17 158 76 163 108 179 134 214 110 50 129 106 226 133 137 120 51 47 237 257 98 57 28 281 154 293 41 200 290 295 263 112 124 63 216 146
253: 272 31 49 8 102 9 224 45 81 270 84 94 21 88 80 58 228 180 43 38 16 103 245 231 96 15 278 36 215 241 220 119 101 221 140 147 35 219 90 238 148 18 5 44 181 109 277 264 72 210 149 33 251 167 3 261 166 255 55 118 218 225 115 196 206 164 276 283 30 253 298 211 267 183 197 257 150 201 122 214 13 288 136 240 186 121 78 40 75 137 60 114 285 179 64 217 207 113 41 259 29 213 202 234 191 292 290 131 286 128 199 263 24 51 59 155 47 57 247 14 34 129 232 222 216 169 133 20 163 108 297 26 53 266 189 32 4 107 178 71 92 139 187 93 17 74 239 176 204 209 161 256 175 212 48 184 141 135 134 274 19 198 61 7 203 229 89 287 268 250 54 177 193 130 52 243 192 244 233 6 105 293 165 50 138 275 174 159 104 77 168 246 280 248 22 65 97 284 185 296 87 171 300 146 279 289 291 242 273 37 82 111 144 299 190 153 125 260 154 25 70 112 271 200 230 86 66 83 237 160 195 23 295 223 158 262 56 294 188 208 79 182 205 91 39 282 28 67 143 69 170 76 1 27 63 254 156 152 252 106 124 120 10 258 236 281 42 127 172 269 117 99 265 227 123 235 173 226 62 116 162 46 126 151 194 98 12 95 85 68 110 142 145 249 132 100 2 11 157 73
254: 231 8 225 33 272 166 90 119 276 30 15 36 84 255 221 147 96 5 88 49 278 38 241 224 9 270 148 102 35 101 55 115 16 94 43 218 103 245 109 80 210 21 264 277 215 45 167 180 206 283 251 219 164 140 261 118 149 181 58 196 238 44 3 72 228 81 220 18 31 258 230 287 70 188 297 40 173 204 61 156 111 1 208 139 259 194 233 53 295 213 202 20 145 268 190 91 87 69 63 74 42 124 200 128 234 34 242 23 217 62 227 17 248 163 267 85 279 10 249 184 291 105 155 50 14 136 125 135 288 12 132 185 299 134 153 130 7 243 192 99 86 280 65 244 226 2 93 6 169 29 24 117 59 229 239 300 32 294 168 98 162 39 151 198 237 284 13 161 116 187 110 212 235 106 26 28 254 60 179 146 216 75 160 165 54 186 170 273 97 232 172 240 51 191 66 107 290 296 48 144 152 158 46 263 77 68 257 247 100 252 92 113 178 41 154 274 271 19 133 122 104 27 112 289 150 281 253 143 260 108 82 127 67 265 4 137 269 120 141 57 174 246 37 236 275 142 262 83 293 157 298 209 195 207 25 123 197 73 121 286 214 177 11 223 285 76 138 126 203 189 79 89 78 52 292 159 22 266 193 250 175 199 56 64 114 183 129 205 95 47 131 222 211 71 182 256 201 282 171 176
255: 225 80 35 276 21 118 84 228 206 238 167 264 81 5 241 15 36 9 270 140 18 38 16 272 55 115 94 196 96 45 149 261 164 72 101 210 224 49 33 102 283 220 147 221 148 44 180 218 215 3 181 109 43 277 251 231 255 58 219 278 119 88 166 31 30 90 245 103 8 136 288 217 275 50 222 244 107 205 202 173 68 247 22 281 74 63 2 273 29 253 46 54 295 77 20 191 10 14 112 75 52 207 190 69 294 153 285 113 252 282 300 62 242 104 25 17 124 135 59 171 199 98 51 229 162 138 27 249 78 87 197 137 48 232 122 34 157 211 152 280 223 175 133 40 108 83 172 227 296 64 106 216 259 28 195 37 139 120 165 1 71 53 127 125 213 163 56 287 248 297 236 57 262 260 144 267 186 41 116 82 42 201 24 11 131 150 230 237 214 250 143 134 235 65 189 129 178 47 182 146 145 243 12 208 105 99 292 254 279 299 177 187 61 7 73 13 151 60 234 240 188 123 85 117 256 203 269 286 92 142 128 289 89 290 266 169 168 174 154 4 66 159 100 170 263 70 110 130 212 293 183 268 185 179 6 114 19 79 111 194 226 141 284 209 233 86 271 265 258 93 274 32 204 156 257 193 95 121 97 132 192 76 200 246 158 176 26 91 39 239 291 298 126 67 161 160 155 184 23 198
256: 35 30 102 251 109 72 148 167 96 218 276 8 16 49 261 43 31 283 245 220 264 119 278 181 241 21 58 90 149 231 118 215 44 219 196 3 38 94 228 180 101 84 238 33 225 5 9 45 255 224 115 210 80 15 206 81 221 103 270 272 164 18 166 36 55 277 140 88 147 124 127 161 150 61 295 211 282 289 78 205 122 144 11 104 172 73 41 169 300 132 175 213 160 246 253 123 156 200 204 23 100 223 54 126 260 136 292 288 281 269 128 265 279 171 59 108 17 69 217 83 179 24 236 297 121 208 146 207 266 56 256 184 112 68 62 29 120 12 159 239 275 298 145 40 240 70 182 46 254 52 183 60 188 212 274 154 291 178 87 143 141 242 263 7 286 86 252 158 234 74 157 163 174 195 202 75 280 1 110 135 248 194 187 131 13 133 22 192 37 134 237 193 28 227 137 177 152 199 113 138 203 232 76 259 39 170 155 226 216 111 105 285 89 65 230 82 32 63 64 287 151 67 186 85 262 95 99 190 98 34 191 51 71 168 290 201 10 176 57 197 66 247 42 92 25 273 130 20 299 268 257 114 189 296 198 125 4 250 229 258 233 50 14 107 6 235 26 209 293 106 77 222 117 214 93 97 284 19 153 116 244 139 271 129 185 162 47 48 27 267 2 142 294 173 165 243 91 249 53 79
257: 167 164 225 277 55 103 220 102 264 276 18 140 58 109 283 181 196 180 35 272 148 3 118 15 84 206 33 30 166 238 215 49 101 270 94 147 45 16 245 255 96 149 21 261 228 80 8 115 31 43 219 210 241 36 38 119 231 9 88 221 72 5 90 81 251 44 224 218 278 78 192 79 198 235 175 85 154 146 160 274 11 48 127 86 247 124 129 59 70 269 174 10 117 232 290 144 292 191 172 97 239 294 227 280 136 100 110 135 267 26 188 233 190 65 211 275 83 137 62 200 125 226 46 123 168 204 106 201 19 285 51 230 179 195 163 298 20 297 189 173 76 186 112 203 23 13 273 4 89 71 199 17 99 105 6 299 248 75 250 29 217 111 107 153 40 22 246 39 165 183 260 209 143 256 126 207 56 171 208 177 69 2 268 291 293 92 258 138 77 185 169 93 98 52 32 205 82 282 213 66 155 187 212 120 176 184 150 53 202 34 73 214 68 162 259 104 263 151 41 288 271 141 133 113 54 139 91 12 114 197 262 122 158 234 63 130 243 240 193 284 121 132 14 289 281 27 42 159 134 182 60 116 28 222 161 142 156 24 37 178 253 57 25 300 296 216 257 7 128 67 47 145 242 1 74 265 252 152 87 61 131 287 229 295 95 254 244 223 64 286 108 279 237 194 236 249 170 50 157 266
258: 225 36 44 245 164 218 109 81 55 231 264 3 228 210 147 167 219 119 283 84 220 224 221 5 181 180 270 72 241 45 149 8 30 31 35 101 49 33 21 166 38 96 140 272 251 215 43 16 238 148 94 88 103 277 255 115 276 58 15 18 261 278 206 102 90 80 118 9 196 10 145 65 141 27 123 203 113 154 288 158 186 108 273 191 179 125 157 298 237 107 258 159 168 42 4 252 137 162 188 139 192 178 82 64 25 213 120 66 236 208 28 106 254 146 93 86 200 299 170 37 63 67 160 57 175 132 116 98 34 195 112 207 193 230 216 222 46 284 53 105 29 265 32 259 199 244 155 111 209 127 89 226 248 68 92 205 62 69 291 184 24 48 242 20 121 183 51 130 229 156 294 253 54 40 267 223 243 201 95 56 110 262 171 136 250 292 212 190 153 76 173 39 52 41 197 23 1 19 47 293 128 97 12 249 7 296 287 78 161 99 71 22 263 281 257 133 246 11 17 2 73 266 104 182 142 285 274 144 233 174 131 60 163 198 217 134 6 151 187 114 83 247 70 87 100 143 135 280 50 77 177 124 271 176 13 290 26 172 297 240 150 211 234 169 256 79 289 85 260 75 59 14 279 152 295 282 235 117 138 185 275 126 202 239 194 214 122 61 269 232 129 204 286 189 74 268 165 91 227 300
259: 166 220 45 8 96 118 225 115 36 31 272 180 3 84 215 241 276 147 101 90 278 224 88 255 109 15 231 277 264 218 94 33 58 18 5 181 219 261 167 72 38 9 49 140 119 196 43 102 55 80 164 148 44 283 21 206 245 210 103 238 149 228 270 81 16 30 251 221 35 77 209 82 293 105 85 6 254 179 95 290 56 46 78 150 24 197 265 89 281 48 129 269 137 214 87 107 155 153 92 19 135 216 132 108 213 42 188 59 174 236 47 25 70 184 204 83 13 291 243 106 98 260 51 110 232 258 67 91 189 29 169 139 97 99 249 201 285 187 114 287 202 1 288 268 131 134 195 253 157 235 113 280 173 126 63 203 17 274 297 205 11 200 267 141 246 222 37 279 273 194 154 20 263 76 65 50 53 185 156 64 57 172 54 161 177 295 7 233 23 142 127 271 226 252 52 124 244 66 86 190 41 208 247 122 75 239 120 39 296 160 133 182 178 266 298 294 71 62 198 4 152 123 168 262 28 121 151 34 60 176 192 299 165 234 237 2 22 257 146 130 193 162 289 248 292 116 144 27 40 104 242 79 159 212 61 100 191 138 170 10 256 143 73 93 111 14 240 74 68 230 282 136 229 217 117 125 128 158 199 227 275 211 175 145 112 69 207 183 171 223 32 250 12 300 186 284 163 286 26 259
260: 147 119 102 167 164 148 31 221 215 18 206 33 225 58 30 72 36 3 241 219 277 45 218 224 149 180 220 251 84 272 115 8 49 101 210 43 278 118 44 21 166 103 140 255 80 109 276 5 94 228 15 196 35 88 261 38 96 81 9 283 238 264 90 181 16 231 270 245 55 28 124 64 53 125 174 70 150 61 10 26 113 239 298 67 57 1 244 177 165 65 114 134 237 157 158 97 269 12 133 24 6 20 199 247 236 265 281 200 76 159 170 145 253 19 290 56 259 51 54 256 173 91 62 197 22 11 73 75 249 258 171 23 267 296 285 271 275 209 273 161 187 202 87 130 268 79 176 254 155 188 105 139 41 207 205 82 201 213 136 112 17 142 160 243 32 293 52 235 280 191 117 233 217 263 128 284 151 116 123 108 162 144 195 141 86 163 274 292 234 214 289 71 89 13 212 223 282 40 250 208 120 297 129 248 183 156 95 204 184 279 93 198 146 216 37 266 169 85 154 29 121 294 39 178 138 211 229 2 232 189 153 100 179 25 92 172 34 246 252 127 69 42 152 50 59 132 226 186 111 262 137 66 48 131 168 63 287 300 74 104 143 295 175 60 257 110 190 185 4 122 288 227 98 286 203 14 99 291 242 194 107 27 230 78 193 182 240 83 192 260 47 126 106 222 46 135 7 77 68 299
261: 15 140 94 149 181 5 9 276 147 18 238 277 102 221 101 164 58 45 109 255 210 180 225 90 88 55 215 228 38 84 35 80 49 166 96 270 264 21 81 115 206 31 44 251 167 36 218 118 43 283 224 72 220 196 231 241 33 219 272 278 261 16 8 3 103 119 245 148 30 236 107 60 235 253 197 39 157 254 11 143 154 259 73 237 212 183 135 172 190 227 117 233 127 200 65 229 61 129 22 239 106 100 250 230 111 132 243 203 268 209 139 6 216 176 163 232 282 202 92 125 85 217 130 199 281 171 141 300 174 29 48 280 145 27 155 286 122 54 298 169 75 182 223 97 68 17 7 292 284 137 285 32 41 249 108 168 1 289 131 37 153 42 104 248 162 116 156 128 246 4 79 64 275 123 86 291 51 121 287 74 265 71 91 160 152 296 214 213 161 50 126 34 158 25 262 273 211 83 252 14 66 297 46 77 63 178 205 52 40 78 201 76 247 138 89 288 47 184 269 187 10 256 274 146 263 56 294 159 257 195 175 290 23 186 192 99 136 113 208 2 193 142 295 87 26 82 266 242 177 151 267 244 98 170 70 185 59 165 207 189 279 258 24 226 57 120 69 260 28 271 110 234 222 173 53 19 204 134 114 150 112 133 293 12 95 194 13 188 124 62 93 67 144 240 198 299 20 179 191 105
262: 210 119 220 102 241 219 264 3 255 270 272 38 15 218 36 167 149 44 115 251 181 231 72 16 49 215 283 224 45 35 9 277 228 103 80 164 88 94 84 81 225 5 180 55 140 58 109 148 261 30 238 96 245 276 118 90 196 221 21 147 31 18 206 8 33 43 101 278 166 127 77 182 128 99 68 92 47 26 242 169 6 116 178 154 172 179 138 281 195 57 279 14 70 89 2 165 22 156 202 243 222 248 191 19 136 155 298 74 1 201 85 48 114 227 234 112 256 157 230 186 124 197 133 4 247 63 23 132 126 59 20 284 75 204 139 91 282 64 87 273 52 95 280 293 150 294 286 104 267 131 98 54 185 205 190 137 69 275 259 163 129 110 120 200 250 194 40 239 71 106 258 122 145 244 66 289 24 296 76 189 288 188 175 207 252 61 232 291 233 171 78 208 262 130 152 183 203 213 144 51 212 97 17 209 25 257 146 111 67 170 246 60 168 10 290 56 46 162 125 158 297 187 193 237 82 143 12 73 254 53 268 37 121 274 198 41 135 263 42 299 211 32 229 240 105 108 260 265 292 65 107 134 153 226 287 174 13 7 214 29 199 192 217 123 184 27 236 235 79 216 177 160 161 173 223 249 62 295 266 117 271 28 11 141 151 39 159 285 300 269 93 113 34 86 253 142 83 100 50 176
263: 3 101 36 140 103 167 35 219 264 8 245 180 31 44 58 147 43 283 115 270 164 149 38 225 84 55 118 196 277 94 9 72 215 15 90 88 45 30 238 102 210 220 18 5 16 181 278 81 33 96 119 218 272 21 221 276 206 231 109 251 228 255 224 166 261 241 80 49 148 174 71 108 242 266 227 131 11 165 1 70 290 10 236 75 178 14 240 191 192 107 99 190 296 133 205 171 199 77 257 83 159 146 61 128 26 117 282 68 300 183 54 135 74 4 222 134 151 189 156 287 127 124 163 25 195 268 207 114 173 130 2 182 248 297 113 150 42 177 285 82 286 17 246 226 105 214 79 51 157 100 208 48 111 291 24 263 292 12 46 254 260 170 294 122 237 176 197 155 34 203 175 143 298 142 47 56 66 89 40 136 194 160 121 288 152 27 229 138 13 132 275 235 185 59 41 200 271 154 233 186 120 223 256 7 247 32 144 23 97 201 234 112 92 104 63 60 20 126 230 281 52 50 139 188 78 217 123 209 57 267 73 232 279 86 204 22 87 202 293 98 252 211 91 265 76 289 110 39 244 145 280 216 28 274 125 253 37 62 161 129 172 295 284 65 169 239 153 168 64 249 6 158 184 258 93 198 262 273 243 19 137 299 95 213 106 141 269 193 116 250 212 67 29 179 53 259 69 187 85 162
264: 49 102 35 264 109 88 251 215 218 283 30 80 8 115 221 219 36 44 164 276 140 278 231 167 238 96 58 9 228 181 84 224 210 241 220 3 5 38 15 206 180 118 147 31 270 103 255 101 119 148 16 55 196 272 33 18 149 21 225 245 94 81 166 72 45 261 90 43 277 124 104 2 70 25 53 226 95 173 123 66 222 248 41 165 266 274 138 24 244 300 190 50 258 46 22 296 65 107 157 156 34 69 57 161 78 189 249 293 163 234 62 289 170 60 48 98 128 188 285 151 295 125 117 105 256 68 100 87 52 143 130 150 197 239 108 187 252 212 7 19 250 28 209 203 288 287 186 263 216 265 232 29 136 172 230 116 76 141 179 137 20 211 242 162 51 171 144 201 135 291 56 240 139 237 17 40 280 176 268 235 208 247 229 233 77 121 114 27 200 111 79 260 185 183 86 198 194 142 223 160 246 122 175 11 39 168 23 299 63 281 284 243 12 129 286 131 37 259 191 178 290 192 177 195 236 169 227 253 64 297 74 112 10 155 106 271 47 75 99 153 182 292 6 154 73 254 159 26 14 146 132 262 294 279 59 158 92 202 213 67 267 13 71 42 145 204 83 91 207 110 193 205 184 126 93 127 82 275 61 32 133 113 269 85 1 174 257 282 120 217 89 134 298 273 54 214 97 199 4 152
265: 220 261 231 109 45 49 96 225 90 35 167 118 215 38 36 103 21 18 44 43 80 140 164 218 221 33 206 119 180 241 219 251 16 272 101 30 245 270 238 278 210 277 88 228 224 149 94 148 84 147 102 9 55 31 3 181 8 264 58 81 196 5 276 15 72 255 115 166 283 82 34 86 188 120 293 69 127 100 155 68 190 62 212 269 260 239 78 191 89 200 295 52 134 284 19 281 185 39 65 179 175 182 26 10 162 195 229 194 70 56 222 268 142 130 40 136 47 73 59 258 61 64 107 165 7 299 201 138 2 60 24 108 282 257 11 111 186 294 131 128 76 240 198 124 66 160 214 184 42 141 253 146 23 236 121 29 132 244 211 205 74 203 12 13 285 112 25 291 50 248 296 93 207 152 174 232 292 227 169 159 158 233 289 170 144 116 216 143 280 48 266 37 246 28 77 168 133 85 6 163 67 123 275 265 300 187 256 237 27 263 97 4 106 139 32 20 14 135 99 176 267 153 273 137 79 92 172 63 71 279 271 173 151 199 98 113 297 234 230 193 17 1 75 259 41 83 252 171 145 242 177 290 213 104 202 54 235 117 114 105 254 87 91 286 209 46 126 217 274 129 22 161 223 110 178 154 51 189 287 183 156 250 192 95 208 298 204 197 53 122 288 249 125 262 57 157 247 226 243 150
266: 164 3 72 15 30 276 210 147 88 5 101 33 218 221 278 38 231 96 251 55 225 140 118 264 31 102 270 215 45 35 255 8 277 241 149 196 94 90 119 81 180 115 283 58 21 238 16 36 84 245 224 228 220 181 166 44 109 43 18 49 272 80 103 167 261 9 206 219 148 212 47 83 17 291 29 299 155 282 161 289 152 205 229 274 145 222 130 66 249 34 183 280 113 139 40 233 104 122 19 285 226 117 71 266 61 4 127 175 56 209 235 173 200 131 23 26 121 234 236 98 187 114 110 22 107 41 116 137 78 13 135 230 284 257 189 28 292 75 79 216 179 213 178 168 57 7 62 77 111 295 63 246 176 162 146 177 207 14 290 134 296 174 239 293 129 259 191 133 156 172 273 54 136 279 265 217 142 203 143 186 95 85 91 124 197 74 232 275 208 76 89 271 300 100 82 267 59 73 252 286 51 254 132 194 1 171 25 214 294 64 240 201 243 256 182 163 141 199 281 52 68 165 93 190 60 170 263 6 195 87 192 237 287 247 53 37 223 193 153 126 128 262 97 248 154 86 65 2 253 120 24 105 198 67 269 211 244 184 268 297 288 92 150 112 70 12 144 39 250 227 50 123 11 20 204 32 242 42 157 151 159 158 108 258 185 106 260 99 48 202 10 69 138 160 46 188 169 298 125 27
267: 88 283 255 167 215 9 103 72 90 21 206 30 49 261 148 31 118 251 119 80 166 140 241 38 45 115 219 84 210 220 181 5 3 180 221 101 44 96 270 225 55 94 109 228 224 102 16 147 58 18 276 245 264 272 43 231 8 164 149 277 238 15 36 196 35 278 33 218 81 194 97 229 50 268 185 123 13 258 61 236 162 295 285 142 216 124 29 207 136 77 82 150 201 250 223 269 171 217 93 130 37 211 104 54 75 155 282 190 153 76 91 262 108 230 203 198 131 189 209 129 126 69 287 19 186 133 105 222 98 266 300 291 74 121 173 73 265 184 284 7 187 1 139 23 237 78 274 111 60 63 183 41 39 79 26 168 174 248 22 25 85 263 213 110 239 127 137 10 208 95 112 51 182 34 202 6 235 288 293 151 83 99 296 271 86 176 159 177 279 87 299 157 243 145 132 143 197 62 66 2 114 70 100 156 244 122 205 290 256 144 20 116 12 169 298 253 152 146 273 14 247 254 154 188 200 175 141 280 17 233 134 107 47 170 57 226 193 46 161 257 191 113 252 64 125 204 68 24 172 11 138 259 232 286 192 246 214 52 67 89 135 240 294 59 178 71 260 117 158 242 92 227 27 32 4 28 281 53 292 106 249 163 65 160 289 56 267 199 297 128 195 40 48 212 42 179 234 275 165 120
268: 241 15 21 109 3 5 221 94 166 140 180 9 101 164 96 55 283 119 181 44 147 36 196 43 81 245 90 38 224 88 219 218 33 255 8 277 264 251 118 215 225 238 115 45 35 31 49 72 18 30 220 80 102 149 167 261 16 206 231 228 58 270 84 210 278 103 148 272 276 274 160 263 172 266 42 171 141 268 174 170 226 176 123 132 262 23 157 230 136 234 127 143 10 59 169 265 271 64 135 107 208 168 134 235 256 298 145 163 194 108 159 273 111 74 153 284 22 294 214 293 300 71 184 269 152 120 27 286 292 20 155 13 190 211 78 158 275 70 100 202 128 199 200 146 154 131 50 240 232 173 285 99 97 291 248 54 280 182 126 212 1 188 116 236 186 244 178 17 52 91 93 201 288 61 67 267 41 187 282 29 227 198 249 193 162 151 98 66 258 289 87 233 133 77 95 203 40 177 209 83 4 39 69 142 252 32 239 165 139 122 12 253 192 85 195 56 217 19 86 26 51 204 106 37 246 237 229 222 68 257 65 259 144 92 89 295 247 2 25 223 112 185 125 179 105 207 297 296 191 7 130 279 287 28 46 216 14 75 161 57 6 48 260 137 104 290 79 24 205 82 281 213 114 156 129 197 34 62 113 150 47 121 124 254 60 183 243 138 63 189 175 242 299 250 110 117 53 76 73 11
269: 224 221 210 9 245 238 167 43 147 5 218 255 228 84 231 16 270 33 3 31 140 90 261 225 49 219 102 164 196 149 118 277 206 278 80 101 55 72 166 58 220 96 241 81 109 44 283 15 215 35 38 88 119 148 115 180 45 94 251 21 30 276 272 8 264 18 36 103 181 291 171 294 202 299 11 121 83 10 50 23 6 41 248 68 223 247 46 100 74 254 87 106 273 136 53 52 71 24 66 170 211 76 209 300 161 22 163 159 165 184 131 98 150 61 154 286 227 92 78 266 17 207 128 99 114 146 104 242 239 185 230 236 178 85 32 259 75 137 168 295 208 56 156 187 12 279 235 195 40 34 122 51 155 13 7 298 67 287 139 204 250 249 77 233 93 57 201 1 260 64 177 113 54 26 120 237 289 203 274 142 47 37 232 188 252 198 95 97 234 176 292 189 65 138 269 19 117 123 191 256 240 127 135 62 132 179 79 82 265 172 262 134 190 130 175 174 186 199 108 214 246 192 73 293 267 297 200 89 217 48 296 271 63 216 124 69 284 116 112 152 105 107 25 162 42 143 193 288 60 268 205 213 182 244 280 263 129 222 20 282 39 145 59 290 14 197 160 86 141 281 285 212 27 194 183 2 70 125 257 111 229 153 91 226 126 28 253 144 158 4 173 258 110 169 151 133 275 157 243 29
270: 3 206 109 231 8 148 94 164 238 221 255 241 58 251 283 36 210 261 228 166 272 149 225 21 278 245 215 224 31 270 102 101 140 18 115 49 277 90 167 180 220 96 44 264 219 5 88 15 9 16 80 38 196 84 118 147 43 103 30 119 55 276 81 72 181 218 45 35 33 146 78 134 107 89 32 71 271 116 282 105 20 175 298 171 98 50 223 163 82 10 68 154 274 112 165 177 138 203 159 295 289 17 128 279 202 229 189 280 75 131 132 135 124 52 125 249 161 162 120 268 41 121 11 155 179 51 129 242 26 182 285 2 187 197 133 106 294 144 137 195 93 247 22 214 117 190 204 29 233 183 269 170 259 86 19 56 141 239 25 160 7 4 70 173 292 66 260 39 201 273 250 47 208 234 143 83 139 267 226 73 169 152 265 246 230 300 153 287 76 192 258 232 37 216 28 248 126 193 151 288 104 209 62 79 123 236 122 296 237 297 207 252 212 156 77 194 92 67 184 48 127 63 110 185 254 114 74 136 262 176 243 291 24 211 42 1 57 213 108 95 142 97 199 150 23 60 266 53 235 100 293 14 200 281 113 64 87 191 91 222 217 284 111 34 174 85 286 178 27 256 188 99 40 13 61 299 275 6 172 205 69 244 257 145 253 158 59 46 65 54 130 227 168 290 12 240 186 263 198 157
271: 81 221 30 101 36 38 278 9 264 49 272 218 5 103 72 80 149 140 102 90 119 109 261 206 180 224 255 210 270 96 277 228 225 94 220 43 115 196 45 164 31 241 118 3 283 35 215 231 167 44 251 245 166 148 33 147 15 84 16 219 21 18 55 276 181 58 8 88 238 282 182 75 211 89 240 258 214 62 136 288 246 106 227 201 280 13 229 25 297 40 48 158 232 54 259 176 91 260 87 198 134 266 85 146 293 205 143 294 185 174 144 47 153 77 124 141 69 122 138 285 108 248 61 172 299 14 121 100 195 169 29 281 157 129 53 189 39 300 184 289 41 203 230 162 216 223 110 200 191 168 207 137 217 59 286 284 267 178 145 249 252 155 159 65 93 179 95 279 116 170 244 79 27 202 56 10 161 183 151 199 152 209 126 274 114 269 1 187 46 17 63 156 105 67 28 263 125 175 234 212 70 66 104 188 112 273 237 271 160 253 296 292 111 37 133 127 295 64 131 236 98 268 11 120 275 74 78 204 242 50 165 19 99 239 132 113 4 32 290 197 192 117 68 34 171 123 222 97 92 107 24 142 60 262 194 71 213 256 20 22 135 2 51 163 243 150 76 254 139 128 26 12 83 23 52 257 235 173 57 226 86 42 6 291 247 193 154 250 130 190 186 298 177 82 208 265 233 287 73 7
272: 264 55 278 109 272 80 228 251 255 21 16 35 38 148 45 58 149 102 119 18 181 88 3 219 30 218 196 147 115 49 8 206 43 101 210 9 225 166 44 118 238 245 283 15 33 84 241 96 224 261 36 81 31 103 164 167 180 220 72 94 221 140 231 276 270 277 90 5 215 195 107 285 232 82 179 163 146 86 263 201 213 87 194 284 25 286 182 79 60 258 69 121 240 24 23 145 63 262 188 183 271 256 197 208 113 160 105 249 156 129 155 142 108 260 279 161 223 78 126 66 6 246 34 296 7 152 116 274 292 20 64 27 37 110 74 106 76 234 75 291 267 53 172 185 124 95 135 143 117 209 235 233 39 162 41 1 174 282 297 189 98 12 275 293 61 136 56 212 122 207 280 205 114 89 287 127 226 170 214 190 169 200 289 243 71 151 22 202 59 252 85 230 273 216 150 176 65 112 268 91 73 239 158 168 177 157 198 294 236 171 68 40 93 83 125 204 191 254 199 133 244 257 173 52 222 192 144 184 300 265 17 298 51 154 178 132 259 281 141 247 47 42 57 187 299 32 269 67 19 229 100 153 48 139 120 295 134 70 111 13 97 266 2 11 165 14 130 227 138 104 99 29 28 54 77 248 203 123 50 217 128 175 62 242 10 237 211 288 253 131 186 159 193 290 46 137 250 26 92 4
273: 45 90 9 31 16 94 270 220 206 84 149 140 101 283 272 225 215 36 251 228 58 167 81 88 5 181 276 224 30 219 231 15 218 261 210 164 245 43 80 115 241 118 119 238 196 109 103 277 33 264 21 166 148 102 180 49 278 55 35 96 72 3 8 18 38 44 147 255 221 199 14 104 137 212 155 250 25 161 194 265 188 184 244 17 89 154 83 216 267 262 27 269 203 235 120 97 79 282 23 213 136 152 144 198 258 174 190 163 187 143 183 247 256 41 11 87 171 91 135 70 284 128 65 227 32 54 294 86 93 12 160 291 279 20 117 142 39 24 127 131 243 139 177 195 64 246 205 113 271 186 129 108 22 165 288 150 73 26 130 182 285 168 179 273 263 234 236 46 156 211 230 77 253 125 62 293 67 123 60 209 50 252 162 189 132 61 289 217 106 185 176 69 100 254 4 193 207 13 257 208 274 34 138 141 105 66 52 53 82 237 121 159 10 78 145 47 170 75 275 226 204 28 99 169 98 37 298 223 151 48 286 92 296 191 202 42 239 116 249 268 300 201 146 63 178 229 126 6 299 74 297 290 214 133 192 19 114 280 51 232 242 76 124 240 68 2 200 1 287 40 157 259 260 222 110 59 107 7 158 266 248 56 175 172 197 111 95 29 153 281 233 122 292 57 71 112 134 173 85 295
274: 96 277 80 94 241 3 21 245 218 278 140 261 224 225 196 38 180 35 148 255 102 118 109 16 166 88 276 181 210 45 44 228 167 90 220 215 9 219 8 221 84 164 101 119 15 18 33 58 49 103 55 147 149 31 206 270 36 272 30 72 43 264 115 5 81 238 231 251 283 69 75 154 40 281 271 34 7 14 296 132 126 173 95 110 249 135 288 93 139 188 131 66 128 50 290 174 263 294 207 257 244 142 259 204 163 176 62 230 116 237 292 53 157 265 187 203 99 299 284 82 190 10 274 194 41 235 208 125 71 91 73 268 60 233 232 253 59 105 113 112 254 234 256 4 117 51 179 161 24 286 37 47 54 153 291 160 111 144 246 279 151 197 266 121 192 216 100 107 120 92 171 1 282 162 156 52 195 42 98 222 76 247 83 298 258 12 141 63 185 79 97 137 242 158 202 155 138 169 262 184 289 205 213 273 13 183 287 189 124 39 293 89 193 248 28 178 87 123 172 297 61 46 134 74 239 85 122 108 25 6 48 22 269 57 23 127 2 67 20 26 243 27 227 212 295 133 150 106 152 250 223 226 78 211 280 56 11 143 146 65 145 191 182 29 175 168 104 200 19 165 217 236 267 136 70 199 229 130 252 170 114 209 300 129 201 260 86 198 285 177 68 32 186 240 64 275 214 17 77 159
275: 166 80 251 72 84 196 8 9 224 219 283 30 35 140 270 261 109 148 115 31 180 90 149 55 167 241 264 44 231 272 103 43 101 238 102 210 36 276 228 45 181 118 49 94 5 16 38 88 96 18 245 277 15 218 206 21 225 221 33 119 3 220 278 164 147 58 255 81 215 75 22 61 20 204 100 10 129 4 122 171 271 291 293 202 136 189 212 106 216 98 121 27 262 274 217 209 170 11 195 239 161 242 40 208 235 65 17 159 130 201 64 62 211 57 297 247 60 151 267 104 125 137 111 234 39 146 173 107 285 177 292 263 256 32 23 268 300 133 290 123 188 163 286 185 141 92 86 288 114 298 158 179 76 156 70 71 183 182 25 153 47 63 73 26 250 79 191 214 91 54 82 175 120 243 132 227 162 273 240 260 138 135 56 279 68 145 205 74 105 69 154 51 97 134 83 284 42 275 200 184 12 244 265 113 236 249 233 128 169 66 254 197 222 143 165 248 160 296 295 131 152 139 199 207 7 78 95 87 85 142 280 14 37 6 203 237 186 198 144 213 24 257 294 53 29 59 108 157 281 127 299 176 259 230 150 46 282 229 246 126 174 117 223 172 77 258 253 187 192 116 13 28 93 48 232 190 168 99 110 289 34 269 89 52 67 226 252 193 1 266 178 112 287 2 50 194 124 155 19 41
276: 241 119 278 270 164 224 81 181 118 49 277 18 238 8 21 231 30 261 149 58 109 43 166 245 218 283 88 72 16 147 221 36 264 228 167 44 31 3 225 115 80 148 180 101 35 94 45 220 55 103 206 255 276 84 196 102 9 140 210 251 5 96 33 38 15 272 215 90 219 285 204 98 281 253 201 263 68 69 205 1 67 131 237 10 250 61 185 25 170 284 217 168 113 247 260 127 65 79 199 171 76 295 139 51 86 236 286 214 300 246 279 70 136 178 13 75 125 183 138 244 249 135 116 192 191 122 134 56 195 254 7 62 274 29 120 273 155 240 188 197 28 63 227 132 211 78 89 14 159 262 83 173 100 47 182 57 143 92 177 175 234 110 235 291 37 153 106 223 157 208 117 50 213 74 248 87 207 161 85 93 22 230 151 46 259 48 289 141 296 150 77 20 258 24 107 142 268 189 73 176 42 82 2 144 71 184 202 124 287 298 163 27 154 165 226 123 129 23 126 294 290 160 174 137 111 91 112 19 32 267 156 269 39 146 194 169 266 34 41 233 104 265 52 179 242 17 288 158 152 212 26 203 114 275 99 12 299 200 4 190 60 186 209 297 187 40 252 257 282 243 53 162 229 59 232 133 145 239 108 64 11 198 6 271 121 97 193 105 293 292 222 54 128 172 256 130 66 216 280 95
277: 255 55 33 210 270 103 277 196 219 80 272 164 118 38 90 94 30 181 43 16 166 215 238 264 81 149 115 8 119 18 218 276 225 21 109 96 278 88 140 261 228 35 101 147 31 84 251 15 224 245 9 148 36 58 49 45 72 3 206 5 180 283 221 241 167 102 44 231 220 145 240 280 23 169 204 284 186 213 75 282 223 279 266 293 2 244 14 114 172 50 123 99 87 294 111 253 79 1 51 141 56 189 256 281 291 250 106 267 208 52 246 150 121 173 176 263 227 289 222 200 288 26 262 40 179 229 70 216 174 107 60 197 76 156 27 29 152 233 46 133 184 259 100 66 295 175 105 203 74 138 28 83 268 20 165 178 63 112 61 86 252 6 108 160 62 290 269 68 298 217 142 132 137 155 300 249 297 131 234 168 143 153 185 239 120 237 235 53 214 248 187 139 78 199 10 254 171 116 260 12 258 211 151 232 73 161 157 236 193 209 47 37 299 34 65 274 296 39 287 159 59 201 110 117 19 91 130 127 82 113 71 146 25 226 191 242 286 4 97 32 195 194 273 48 205 22 158 188 207 95 98 77 257 190 11 271 69 292 24 104 247 170 57 129 212 135 162 163 17 192 285 230 265 198 13 93 41 126 92 202 182 183 177 85 124 125 42 154 275 89 7 54 243 134 144 64 67 128 136 122
278: 55 264 225 180 43 119 276 88 283 224 16 272 80 44 31 96 166 251 261 45 94 84 101 241 206 103 278 30 18 210 147 164 72 90 15 196 109 228 221 102 35 58 218 81 140 270 49 33 36 277 21 238 9 8 148 38 245 219 3 255 215 149 181 231 5 220 115 118 167 50 60 290 25 27 239 260 156 205 79 114 243 112 240 48 280 259 216 73 191 246 230 269 244 95 17 222 155 226 139 127 82 37 69 214 29 78 14 146 116 298 97 201 6 74 52 19 141 193 104 229 250 169 39 248 183 217 133 11 281 56 170 209 126 13 144 136 157 186 23 274 61 7 194 184 105 53 266 211 128 113 151 179 20 262 163 57 168 68 32 76 162 227 267 296 120 257 150 22 242 71 173 198 189 171 192 135 252 124 142 172 286 234 67 54 138 233 129 279 10 100 62 185 202 66 254 235 110 130 153 64 41 99 106 268 134 182 273 131 40 47 98 213 203 160 63 200 256 176 204 24 293 154 158 294 4 199 111 161 125 285 132 12 177 93 26 143 195 236 284 212 289 107 159 295 1 2 165 237 188 137 145 253 42 291 77 86 108 249 187 91 178 297 121 75 258 282 117 232 123 122 288 175 265 51 299 65 275 70 89 271 223 208 174 300 34 190 46 87 247 83 263 59 197 92 152 28 287 85 292 207
279: 283 180 261 276 43 9 80 31 96 38 90 140 18 147 166 270 196 241 109 245 88 58 3 251 30 255 278 225 218 149 219 164 15 44 115 206 238 148 94 119 277 45 49 264 84 215 35 8 16 224 81 101 102 118 221 272 220 55 33 72 231 36 181 228 21 167 210 5 103 183 11 23 266 124 97 79 10 214 28 296 239 143 128 262 290 268 288 127 110 205 137 138 263 59 162 213 151 198 152 2 133 83 4 249 265 260 24 146 41 285 233 135 247 26 176 74 107 113 139 75 293 246 256 91 160 195 207 175 227 178 125 86 240 234 300 177 121 291 131 48 211 145 173 280 87 142 82 230 297 171 47 286 257 32 108 199 254 61 184 85 34 174 95 235 289 136 29 19 279 123 89 76 60 229 114 282 158 188 25 154 126 69 93 56 244 200 253 186 232 248 1 208 284 122 39 6 52 40 299 12 100 70 161 17 54 292 37 77 57 275 267 66 191 65 259 252 20 144 51 222 141 201 194 105 53 7 67 27 71 193 134 104 64 226 116 132 117 294 185 92 217 111 295 271 250 298 179 73 187 46 236 157 216 192 168 189 14 223 112 63 98 13 42 273 182 163 204 258 22 68 212 129 172 169 150 99 120 287 62 203 159 242 243 130 190 269 50 274 237 281 78 153 155 165 170 106 156 197 209 202
280: 44 30 206 245 103 33 231 220 148 109 45 272 210 3 283 224 21 58 43 88 38 80 31 5 261 36 15 225 118 72 149 81 181 264 101 164 55 277 90 270 119 18 147 215 180 218 9 94 102 228 219 49 140 276 255 251 278 35 221 8 84 196 167 96 166 115 238 16 241 214 100 193 77 232 70 137 254 111 235 99 192 26 204 4 226 19 50 1 265 299 95 92 296 243 173 155 127 159 178 89 195 151 23 150 175 280 60 157 7 174 85 179 32 239 288 182 134 73 122 229 29 120 78 142 252 183 267 259 158 132 171 67 189 12 57 186 216 14 110 27 133 131 87 141 64 106 13 223 293 256 200 129 230 268 162 83 233 212 41 263 291 116 185 298 170 145 74 294 136 65 56 153 199 37 125 104 236 75 47 260 250 253 300 112 138 188 227 248 63 184 274 144 257 160 76 217 11 273 52 286 114 135 190 113 105 285 66 108 275 69 98 163 22 25 266 146 62 279 258 213 262 211 290 208 86 297 39 93 59 17 51 202 71 247 165 281 234 201 82 292 271 169 207 107 191 240 121 244 143 53 198 61 6 126 130 284 124 203 28 197 54 40 123 48 20 68 194 24 2 249 237 269 282 187 161 205 222 42 295 117 168 91 176 177 128 156 139 289 97 79 209 46 152 287 246 154 34 172 10 242
281: 36 33 44 21 3 251 218 276 38 241 9 88 109 231 220 149 283 228 164 270 94 31 119 8 35 72 102 225 101 181 84 81 278 272 261 219 30 16 90 196 180 148 206 277 15 118 140 210 80 49 5 255 166 238 43 224 245 215 96 264 147 167 45 58 221 115 18 103 55 184 50 46 122 248 1 273 78 207 66 22 213 159 142 297 194 151 64 209 91 51 233 172 227 290 296 47 138 154 186 174 60 156 98 289 144 86 203 188 212 165 20 37 123 82 85 132 120 298 10 145 223 97 161 205 155 275 73 214 69 258 288 4 95 157 274 247 293 300 262 121 249 54 107 168 197 185 12 29 191 23 285 63 39 134 141 68 222 183 230 177 25 2 208 133 34 24 267 244 7 105 202 242 87 153 83 254 193 287 56 67 190 117 125 299 232 229 260 217 112 92 158 243 108 70 40 77 32 65 179 111 6 236 200 182 27 169 204 295 281 173 239 279 195 198 139 163 17 175 256 268 235 160 284 216 52 104 250 237 53 187 124 74 11 263 131 226 135 143 178 126 76 79 19 42 253 13 265 28 26 246 48 176 62 170 114 199 41 146 280 252 286 292 271 57 282 71 61 137 93 266 99 89 192 14 116 257 240 128 59 259 75 106 211 100 127 130 291 171 136 150 201 162 110 129 189 152 294 269 113 234
282: 278 102 148 38 245 270 164 84 5 44 49 15 115 255 283 272 109 241 206 72 210 225 21 147 228 81 166 90 31 276 30 167 80 264 94 18 220 88 261 101 218 16 224 231 277 33 118 181 103 251 45 58 119 96 221 238 55 9 35 196 219 180 36 149 140 215 3 43 8 222 63 217 284 48 194 168 7 111 185 107 122 232 213 99 299 214 236 200 182 133 65 239 216 163 47 152 129 204 141 298 227 113 50 259 89 100 25 205 161 95 42 82 110 240 106 23 105 265 26 97 22 158 179 248 78 59 46 292 67 197 246 144 202 235 28 183 86 178 104 139 190 287 229 124 27 188 154 85 268 271 285 249 207 123 56 176 273 121 61 19 173 120 195 64 83 128 243 143 12 62 237 191 125 146 39 145 282 250 32 279 208 68 290 20 275 13 192 126 160 174 187 198 11 253 40 71 281 209 159 151 153 54 41 288 226 66 203 76 51 169 98 34 108 17 136 116 189 177 266 165 280 242 117 155 91 135 138 257 289 186 6 157 267 212 114 296 74 172 291 37 269 170 263 252 193 274 29 260 171 256 201 69 184 297 286 70 130 127 112 233 24 79 75 92 137 162 134 142 131 93 175 77 14 87 60 2 294 293 4 156 1 73 199 244 234 247 10 300 52 53 132 230 295 254 258 150 223 262 211 57
283: 283 35 206 181 115 30 102 241 166 210 80 147 94 228 15 43 49 90 72 264 58 3 21 225 278 255 148 84 215 238 218 5 16 118 180 103 277 261 101 119 221 196 88 45 31 55 81 33 245 140 18 167 38 109 224 44 272 220 36 164 276 149 96 270 9 219 231 251 8 214 253 54 160 136 184 243 152 252 280 99 46 229 28 37 284 165 183 26 85 202 297 47 161 42 122 151 139 132 70 260 82 216 116 290 254 217 25 286 288 57 40 285 170 185 281 176 248 2 107 75 269 188 13 154 168 41 299 246 173 23 22 124 19 52 177 199 179 91 159 213 113 145 62 137 100 190 201 134 108 156 223 189 106 144 104 187 56 258 232 112 110 135 125 236 142 86 95 123 51 121 291 53 120 71 127 240 60 174 163 262 67 282 207 92 211 89 244 268 247 131 29 79 66 257 205 271 292 63 133 48 226 287 256 195 59 74 233 192 158 24 111 14 98 169 182 6 275 263 153 212 186 237 191 194 68 20 193 289 155 77 234 83 17 294 64 266 265 208 175 128 7 34 172 4 250 222 126 117 150 209 274 178 235 11 97 73 32 93 146 138 198 249 69 300 10 293 298 203 141 242 204 143 76 267 200 1 227 114 87 273 279 259 78 162 61 295 130 39 105 296 129 65 197 239 171 157 12 230 50 27
284: 16 215 44 148 118 147 90 272 251 261 167 219 109 180 103 30 101 255 277 43 224 88 231 102 220 81 264 55 228 45 245 15 35 21 238 58 164 181 115 276 84 149 31 96 218 270 283 94 221 9 241 278 33 140 38 225 5 36 18 8 72 80 49 3 206 119 166 196 210 177 19 202 122 52 239 61 254 22 209 185 266 188 293 190 112 60 289 50 93 25 59 17 128 172 170 161 139 194 235 260 207 279 173 232 64 175 192 13 51 208 91 104 171 236 108 116 246 120 69 99 186 237 107 248 168 200 154 184 117 6 74 11 234 280 292 214 37 105 53 274 288 7 295 42 76 198 296 213 48 110 126 34 158 155 146 189 150 268 169 163 111 187 65 145 54 2 271 89 242 86 12 287 258 223 203 250 263 68 286 20 267 174 211 62 285 66 100 85 160 197 284 275 83 127 256 113 230 135 297 191 10 265 269 195 156 136 39 179 63 29 78 130 67 176 132 92 152 240 1 262 137 298 134 229 227 57 141 290 243 205 87 106 159 138 151 281 121 95 26 183 144 124 133 226 143 252 82 217 75 46 79 216 40 182 253 4 273 71 129 244 157 212 247 259 153 98 77 97 32 28 47 131 142 165 23 41 193 73 201 162 123 300 14 24 233 70 125 299 249 294 257 282 178 114 204 199 27 222 56 291
285: 220 21 8 80 43 210 140 241 33 38 115 109 196 270 181 283 31 245 276 224 72 180 5 218 44 35 238 9 88 30 84 81 228 278 102 3 272 261 49 231 219 36 149 119 166 94 101 18 103 45 148 255 118 215 96 251 164 55 264 225 221 147 15 16 90 58 206 167 277 61 285 20 204 127 4 195 19 186 252 79 237 230 290 150 145 160 65 71 246 120 32 113 7 244 87 97 13 95 281 74 162 205 275 165 250 98 172 174 14 28 132 269 159 153 158 216 144 146 300 124 121 134 116 260 247 298 122 26 137 184 293 105 214 236 125 69 248 100 242 163 78 59 60 179 91 29 259 297 211 93 187 1 131 37 200 67 254 117 265 299 112 25 152 48 271 243 126 249 123 188 217 227 50 104 173 85 226 273 239 235 266 207 12 52 82 253 291 53 154 66 110 157 257 178 40 17 268 54 41 222 289 262 73 89 202 141 155 203 232 189 142 288 23 287 64 51 111 258 280 34 108 279 135 143 106 57 183 229 240 175 198 46 284 194 292 151 156 190 176 192 170 201 161 267 62 294 233 209 99 168 114 136 56 296 197 286 263 185 83 128 212 11 182 63 27 171 75 223 39 70 77 24 22 92 177 256 130 295 133 234 129 76 208 193 274 68 169 199 6 2 42 282 139 47 191 138 86 213 107 10
286: 167 148 36 44 119 278 21 84 264 90 276 270 109 55 43 18 81 219 228 118 5 180 88 210 72 206 94 101 255 231 215 220 225 149 96 181 261 272 251 30 3 115 33 221 140 16 218 277 38 283 15 224 35 58 166 103 9 147 245 164 196 45 49 241 8 80 31 102 238 57 68 296 159 200 247 106 11 249 2 161 204 144 39 192 121 65 23 280 279 193 208 141 269 70 152 293 207 237 183 64 165 170 271 25 66 265 235 86 185 202 262 179 275 77 83 59 284 184 69 142 246 7 201 212 289 79 186 104 260 146 97 195 158 230 76 82 156 105 89 226 110 114 126 120 197 98 242 155 236 112 48 222 282 54 254 229 6 93 223 19 253 22 299 250 248 46 124 213 287 295 292 20 154 117 173 244 99 203 60 127 138 187 71 174 132 199 162 281 190 274 133 26 266 227 139 256 169 257 176 171 50 194 182 63 116 40 47 290 91 177 14 107 62 300 233 153 298 61 125 53 285 286 160 111 232 178 52 150 135 205 189 100 78 12 216 129 67 41 17 145 128 27 239 122 74 252 34 92 243 73 87 297 273 175 143 191 32 37 1 188 172 131 211 137 258 168 130 151 263 268 51 85 113 108 24 136 134 42 214 288 29 217 56 10 234 291 28 157 240 198 75 13 95 294 259 123 163 267 209 4
287: 245 103 228 5 238 218 30 31 167 84 55 225 283 8 277 119 166 196 58 251 220 94 38 181 16 36 270 96 49 147 210 81 206 88 45 18 272 44 255 101 35 241 15 231 180 80 3 264 148 109 221 224 115 9 102 140 21 261 149 219 276 215 90 33 278 118 164 72 43 100 150 127 53 273 190 269 85 19 252 95 259 209 158 214 17 83 200 281 86 39 256 29 99 67 122 253 69 297 26 142 78 40 91 265 141 233 125 205 7 216 191 126 263 56 160 25 296 134 128 47 258 247 222 135 295 105 176 123 162 92 274 188 107 198 240 239 87 292 152 230 168 110 197 64 262 212 289 130 6 138 242 129 201 195 236 62 243 131 113 223 12 298 177 183 112 104 174 179 22 170 50 52 185 57 27 226 10 143 294 65 46 207 93 116 184 136 13 159 248 178 4 73 156 98 155 106 153 266 63 114 139 280 203 227 157 154 54 193 171 23 144 41 267 249 268 286 254 257 169 77 285 2 89 290 76 163 117 74 234 213 146 121 208 82 108 70 111 37 199 68 132 192 173 187 271 246 133 120 97 1 235 202 71 124 244 66 250 75 59 287 61 145 237 24 291 48 165 11 34 172 175 260 204 284 186 42 279 60 194 51 211 189 32 229 232 275 288 151 217 79 300 28 14 299 182 137 293 161 20 282
288: 15 36 31 44 147 16 80 81 18 196 181 255 21 215 149 84 38 220 166 33 278 251 30 238 90 101 206 261 245 164 43 72 270 210 140 241 94 55 102 180 35 118 3 264 9 8 283 225 228 276 96 219 5 277 115 49 45 119 103 231 218 167 272 58 148 109 221 224 88 160 60 185 290 163 171 299 93 273 146 212 296 204 179 132 13 54 199 86 157 195 73 32 189 62 252 120 97 154 284 208 1 217 6 24 162 40 77 153 230 168 243 297 187 71 134 89 298 260 11 52 269 266 47 229 235 150 67 139 110 83 176 182 288 123 294 70 287 295 151 130 75 61 205 240 59 85 66 200 293 28 207 191 37 274 175 190 222 133 136 291 197 285 107 184 39 170 173 186 256 188 27 135 244 159 25 92 46 177 232 42 122 69 56 145 121 79 300 126 178 169 100 254 281 202 106 68 183 142 50 209 82 29 48 41 14 161 112 247 138 233 137 22 74 129 4 53 226 282 248 125 116 289 128 34 172 51 2 249 234 10 105 250 165 193 113 271 114 98 152 108 265 242 286 143 155 87 192 268 99 131 23 262 78 127 259 20 194 19 156 280 104 12 26 258 111 65 239 17 203 292 216 91 63 174 223 214 237 158 211 257 263 64 57 198 76 253 279 7 267 213 201 124 227 95 236 144 275 246 117 141
289: 218 31 225 147 44 103 238 43 180 261 231 206 283 15 18 115 270 278 55 36 109 140 196 49 164 8 101 255 119 16 45 81 30 241 272 264 228 277 167 88 38 21 3 181 149 166 245 33 80 35 9 5 94 58 221 215 90 210 224 276 72 118 219 220 148 96 84 102 251 207 1 107 184 209 286 61 98 232 243 273 86 141 153 171 47 200 299 197 175 152 227 112 105 156 216 222 104 214 50 185 127 268 154 19 177 126 279 233 71 85 10 113 212 150 203 108 195 256 266 132 159 282 67 24 75 76 213 53 137 191 125 288 199 124 143 52 23 155 246 250 92 66 138 73 68 249 186 183 178 91 133 117 267 176 59 14 130 291 234 163 74 242 300 65 204 240 263 41 99 192 229 42 235 87 271 174 162 296 172 139 298 244 168 259 252 257 48 46 280 157 295 122 269 230 95 97 128 56 226 93 265 161 131 284 32 120 253 11 170 6 135 123 2 116 198 247 187 110 293 285 287 274 29 7 22 182 292 211 294 201 114 248 28 129 77 169 57 136 193 142 189 236 70 134 60 83 217 254 173 260 34 289 223 89 51 100 208 158 202 237 78 188 69 79 40 281 12 37 20 39 62 194 262 297 190 165 17 146 275 160 4 106 121 258 54 63 179 290 82 27 64 145 26 111 144 25 239 13 205 151
290: 181 218 31 220 3 251 30 88 180 241 147 164 43 210 277 72 36 221 81 261 119 255 5 264 21 96 49 15 283 9 166 228 90 276 102 33 225 231 270 109 140 115 219 103 245 272 94 8 38 55 84 44 278 224 196 206 238 149 18 101 215 16 148 45 118 35 58 167 80 178 146 1 295 85 37 252 32 4 211 242 232 189 47 271 281 117 29 179 182 122 145 171 296 254 25 162 185 151 48 73 41 202 292 198 129 135 282 83 297 291 280 108 289 246 100 64 131 243 260 56 144 50 170 71 19 13 57 290 273 92 265 137 247 59 300 275 66 199 176 51 269 191 87 284 274 187 34 82 194 112 6 188 40 236 203 168 294 78 106 222 10 287 226 154 63 156 125 186 173 67 177 97 158 190 79 165 208 279 266 53 127 27 197 253 293 70 17 61 214 153 258 42 249 12 237 227 235 244 288 2 77 60 113 240 143 248 193 298 200 75 159 110 89 7 233 24 142 299 91 11 69 23 201 116 223 175 105 212 107 183 126 22 98 136 152 155 174 160 157 132 86 229 195 141 205 262 150 68 239 139 74 285 111 28 172 93 286 259 39 65 216 120 121 99 104 213 114 217 20 76 263 163 46 234 26 130 133 207 257 62 256 14 54 169 161 134 123 204 128 52 138 250 268 184 192 209 95 124 267 230
291: 103 231 225 90 278 270 33 147 218 43 276 210 148 228 167 15 58 16 119 272 164 102 149 140 18 8 94 245 277 224 118 180 251 206 81 241 3 5 49 166 55 238 115 283 221 84 45 261 44 219 109 72 35 88 101 31 21 96 181 255 38 196 264 220 36 9 80 30 215 11 257 137 173 184 217 42 285 239 198 248 253 4 185 174 127 247 150 233 155 59 298 54 274 203 78 121 177 169 126 6 269 105 39 93 168 19 32 186 286 145 141 73 204 275 120 107 207 300 237 117 65 91 154 287 71 20 162 193 112 64 52 27 281 289 29 95 108 263 271 135 146 82 23 292 273 176 152 242 288 230 83 158 209 116 12 208 195 157 75 194 222 232 201 252 98 243 48 139 165 229 254 212 260 46 227 199 267 104 79 61 256 213 24 86 76 262 47 294 106 189 182 111 171 214 202 134 197 296 34 279 57 188 172 295 51 130 122 240 7 100 68 183 259 85 70 153 249 236 41 56 87 13 113 250 17 40 26 99 131 66 123 136 77 200 159 205 60 297 175 62 25 125 178 246 74 265 223 67 144 133 22 124 53 293 92 284 266 2 14 192 187 50 235 170 151 282 290 299 63 258 143 244 37 128 114 156 268 129 10 142 280 190 138 226 97 234 163 179 110 1 89 69 191 160 291 216 132 28 161 211
292: 167 58 149 43 55 206 245 221 181 148 94 215 16 220 277 228 72 166 103 219 101 210 30 102 118 251 180 283 44 115 276 21 196 119 261 81 31 270 140 8 109 15 272 33 147 45 96 164 84 80 241 18 231 3 9 90 255 35 38 218 88 36 278 225 5 224 238 49 264 191 250 13 68 207 233 153 258 235 286 53 113 152 135 26 130 281 175 170 280 97 268 275 282 260 93 266 190 291 4 294 61 50 209 179 29 112 299 129 195 143 76 52 211 51 157 239 202 189 83 151 240 160 14 139 230 70 174 19 77 198 156 73 173 123 42 227 2 17 274 75 289 234 205 229 290 124 222 116 20 10 41 203 154 163 145 133 59 128 136 216 265 226 131 232 248 87 155 122 57 162 269 187 292 201 99 284 142 285 165 40 137 249 89 243 263 172 54 141 188 176 158 236 146 138 271 78 82 65 104 74 28 6 192 62 197 184 132 273 194 183 110 257 47 185 193 63 66 134 85 200 262 244 253 186 108 252 25 259 169 178 223 22 114 171 69 39 217 27 32 121 199 92 23 168 98 48 296 182 300 95 159 161 214 212 242 60 237 125 120 247 11 287 213 106 288 64 7 86 91 117 56 126 46 111 34 267 24 105 177 37 12 279 127 293 150 256 107 297 208 100 71 204 295 254 298 1 246 144 67 79
293: 225 3 18 221 231 119 36 109 283 45 167 270 16 147 219 118 35 43 238 276 88 21 215 164 255 80 140 278 180 72 94 84 102 49 101 81 196 31 218 33 149 241 261 148 220 181 44 206 166 9 245 96 30 55 5 251 103 224 90 228 15 58 210 277 115 272 38 8 264 24 280 62 214 260 152 68 163 159 70 107 170 47 268 133 100 295 26 95 193 279 78 300 274 282 106 126 1 178 230 97 54 11 51 144 153 83 175 2 258 226 259 85 234 130 195 256 23 186 194 74 4 14 289 297 89 233 157 208 145 161 252 213 247 27 67 136 198 125 41 227 137 65 129 188 168 190 61 222 257 248 139 29 296 46 66 138 174 269 60 42 240 123 160 266 242 64 202 291 7 79 22 236 40 286 141 299 116 98 281 177 50 113 244 191 17 187 57 114 249 267 284 117 128 209 183 20 75 239 6 223 48 87 201 182 112 204 162 265 275 82 71 146 189 135 216 290 229 132 192 197 205 184 207 250 199 69 211 131 142 37 77 19 203 287 86 294 185 143 134 122 156 121 243 263 262 273 59 12 176 165 76 105 200 53 217 52 172 212 155 110 32 171 13 39 253 154 91 28 127 173 73 108 179 10 298 25 246 111 56 237 288 63 254 285 271 120 169 92 158 124 34 99 93 292 150 104 293 151 235 232
294: 231 58 21 245 264 43 115 109 220 94 277 148 225 35 45 9 166 80 164 180 218 103 278 224 219 88 16 228 81 241 119 118 196 72 5 276 31 167 149 238 272 30 215 38 55 101 33 102 15 18 181 147 84 8 90 261 96 210 206 44 36 3 255 49 283 221 270 251 140 106 108 27 13 100 112 223 14 260 54 114 40 188 257 263 22 105 29 150 211 170 89 70 120 268 98 240 273 197 213 137 64 24 11 123 244 203 111 229 146 204 242 296 71 298 274 200 234 172 129 271 63 250 247 232 209 207 134 23 12 254 236 177 246 67 191 249 153 288 235 194 227 198 87 66 299 7 300 289 212 78 74 127 69 138 279 190 107 10 284 183 202 159 195 51 230 60 176 193 1 132 252 248 86 216 77 182 214 76 239 174 143 173 34 20 68 217 93 17 201 91 124 286 266 237 25 53 280 41 95 269 4 116 259 157 47 92 281 110 32 160 28 185 85 141 179 175 121 125 133 139 178 57 293 154 186 19 187 104 208 2 192 50 52 62 48 199 294 243 131 126 282 262 61 155 226 73 258 297 171 152 275 222 287 128 205 122 37 26 99 113 97 6 145 265 144 189 75 158 39 59 184 290 162 46 292 79 65 83 136 161 233 117 163 42 253 169 256 156 285 82 168 130 135 295 142 151 291 56 165 267
295: 264 49 102 3 15 166 8 149 101 210 43 224 96 261 215 221 30 21 255 84 80 241 278 276 140 219 272 58 228 44 38 118 196 31 103 238 277 94 231 9 90 33 148 167 119 36 181 180 18 16 283 164 72 225 81 206 220 245 45 109 55 251 218 115 5 35 147 270 88 227 34 87 223 117 120 176 183 32 168 150 116 100 190 192 25 105 73 187 56 286 229 39 136 28 271 67 53 41 42 295 248 266 139 193 86 230 77 265 202 156 89 122 10 226 172 6 14 70 282 252 104 64 74 11 260 242 234 151 155 199 185 257 208 212 46 4 79 69 159 184 66 95 37 281 133 161 60 244 48 121 198 107 182 173 249 40 275 239 253 254 250 222 289 299 22 273 217 63 189 291 256 191 169 92 246 65 83 268 243 13 114 128 175 194 130 91 157 97 1 124 298 296 287 174 259 134 85 51 61 153 113 177 57 267 171 20 27 24 146 145 111 165 280 127 179 297 71 178 279 52 170 209 68 294 288 26 132 123 125 211 154 112 262 205 23 247 19 110 50 54 274 59 17 82 7 2 216 137 207 240 235 152 99 200 203 138 300 284 197 201 141 160 290 213 131 258 129 233 158 285 29 78 162 76 263 204 98 62 135 143 47 269 292 108 75 106 188 126 293 236 232 237 163 195 93 144 12 186 142 214
296: 166 149 270 16 228 225 119 96 90 272 35 45 88 5 218 31 167 210 231 58 33 221 94 164 238 80 72 118 261 215 181 18 3 84 219 36 148 109 241 251 44 81 220 49 140 276 103 264 21 38 102 283 8 277 206 245 9 43 115 101 224 278 147 196 55 30 15 180 255 214 239 128 159 89 41 293 222 110 185 248 10 203 107 243 95 24 133 54 285 92 176 300 156 299 126 28 216 13 124 297 233 114 27 77 29 154 136 23 37 91 212 144 132 265 236 57 179 53 197 232 275 290 153 71 187 105 288 76 108 65 201 106 240 134 175 199 186 87 93 135 230 121 111 207 75 295 163 296 61 120 20 129 178 78 223 125 246 282 259 137 47 242 226 195 279 298 73 66 194 26 281 284 211 267 263 191 204 97 25 150 50 213 235 157 113 177 145 252 172 86 138 122 160 227 143 158 169 237 155 63 69 40 127 257 289 19 70 253 131 48 116 142 1 260 269 6 83 68 104 202 205 42 280 274 171 292 198 139 229 7 22 287 79 112 12 247 165 85 56 141 39 52 266 100 209 17 182 130 162 174 200 123 146 170 151 67 11 173 74 217 268 286 82 294 244 188 34 183 117 184 271 208 249 64 4 59 192 46 262 51 254 168 161 152 14 2 32 99 291 250 273 189 256 193 234 190 60 98 62 258
297: 270 72 221 90 88 180 278 49 96 115 181 255 84 9 231 109 147 251 215 80 196 18 16 36 148 224 33 166 119 218 272 103 238 101 261 149 118 241 228 15 45 140 219 264 30 276 31 55 283 277 206 94 210 58 81 8 5 102 220 21 245 35 44 225 38 167 3 164 43 275 4 47 100 130 67 127 50 154 2 289 56 244 85 10 151 176 156 20 83 42 63 174 13 204 129 197 293 126 246 27 82 233 216 86 162 226 73 199 111 182 51 192 189 274 300 211 98 92 294 286 70 191 198 250 65 141 260 296 68 172 236 297 187 138 299 159 107 232 200 284 61 22 64 95 173 271 41 14 23 34 78 178 93 152 184 213 298 186 28 26 279 77 239 201 202 273 112 254 133 207 79 209 59 91 188 292 135 134 143 32 266 142 153 76 190 158 110 212 46 39 230 57 52 194 66 105 150 237 171 179 48 265 137 185 242 122 288 235 139 195 263 123 17 170 136 144 6 157 89 24 165 125 290 75 104 69 168 121 262 108 269 113 1 227 282 7 99 240 223 132 295 11 243 253 74 247 40 193 183 287 62 259 268 37 120 19 161 29 222 160 117 25 116 87 205 281 249 280 257 155 234 177 146 114 106 97 248 163 256 258 214 60 128 208 169 267 71 291 175 53 285 131 252 12 54 217 229 203 124 145
298: 5 278 94 72 196 224 238 84 283 8 147 119 81 33 140 90 261 225 16 102 149 35 166 218 210 18 219 167 109 220 80 36 276 215 15 245 30 221 58 148 115 101 3 49 164 55 45 241 228 270 181 9 264 103 118 277 44 251 43 180 231 96 88 272 31 255 206 38 21 57 265 275 232 111 95 171 190 268 41 203 133 300 120 233 117 25 131 86 182 50 280 144 297 212 286 142 11 85 235 159 254 284 256 10 291 60 145 158 267 161 201 269 47 184 92 294 177 271 156 170 87 39 12 37 136 67 132 114 195 73 243 296 299 19 127 13 229 194 226 66 29 174 63 165 282 295 112 97 121 248 223 122 222 188 198 74 83 260 125 46 110 32 17 7 4 163 135 236 28 141 183 20 259 244 64 258 197 274 76 71 247 179 192 24 176 249 105 250 199 230 106 137 168 160 75 107 173 155 298 242 77 54 48 129 273 202 172 214 70 26 130 123 139 252 239 2 6 22 208 61 124 263 175 187 52 266 191 69 154 42 98 99 292 186 53 246 200 59 68 151 138 157 152 62 65 128 207 227 79 253 185 240 51 237 34 257 290 56 285 262 40 162 293 104 209 143 146 216 1 91 113 189 204 150 234 100 193 211 287 93 178 126 288 205 23 134 78 153 116 14 217 82 279 213 281 89 108 27 289 169
299: 88 21 220 84 272 147 103 18 261 255 221 8 270 81 245 180 119 94 44 43 164 149 225 278 238 264 55 30 251 140 167 231 58 115 15 38 196 206 72 277 96 118 3 45 90 148 80 101 109 36 276 210 9 215 35 224 31 166 102 33 283 49 241 5 228 219 181 218 16 155 121 78 122 223 232 73 197 235 137 112 2 113 178 27 185 71 135 205 184 39 233 126 248 286 132 239 262 87 300 240 29 59 111 54 246 266 279 127 64 51 42 226 163 179 171 194 195 297 97 7 99 68 182 13 209 128 271 20 141 183 107 136 153 244 28 265 208 104 106 287 4 193 6 234 75 130 116 138 152 161 260 250 1 187 74 201 32 259 253 292 281 176 169 160 298 82 144 230 98 162 134 57 22 263 186 207 114 79 200 293 124 288 66 237 258 129 110 284 273 280 158 67 267 299 146 257 156 62 274 48 145 93 275 86 173 143 190 17 25 92 222 243 172 123 105 229 142 242 211 131 189 50 203 117 175 125 47 256 56 69 268 151 154 14 133 165 168 83 269 91 289 60 217 199 65 295 214 63 24 150 282 52 291 12 191 46 285 294 77 70 213 192 41 95 236 76 249 89 23 212 252 19 11 177 40 139 216 227 26 254 204 120 53 34 85 198 202 37 174 188 247 170 296 61 10 290 157 100 108 159
300: 245 215 109 72 96 43 276 38 225 219 90 9 35 166 270 221 241 31 149 210 164 255 220 94 231 103 148 181 206 49 3 218 140 118 251 15 21 119 5 18 55 180 101 238 58 278 45 115 8 167 80 224 264 16 147 228 277 102 36 272 30 84 33 283 196 81 261 88 44 252 7 263 129 291 93 122 242 279 50 65 227 297 268 161 258 256 110 125 74 286 165 23 146 11 124 185 116 175 178 280 68 20 171 169 39 10 22 248 52 257 105 250 186 267 111 104 163 197 253 66 47 92 95 235 190 123 260 2 213 274 209 275 182 290 141 61 64 79 208 189 234 154 128 160 86 70 138 287 198 293 211 25 76 152 284 229 296 271 216 222 87 265 131 299 289 243 98 127 107 240 34 193 26 273 59 150 12 63 236 170 117 133 69 259 17 294 176 97 177 157 120 137 29 295 82 172 254 54 205 89 226 200 114 121 142 24 156 153 13 130 247 6 53 99 173 135 56 187 28 134 126 32 42 73 237 285 244 191 48 202 239 282 4 71 57 113 203 246 67 192 37 19 179 60 151 300 27 51 184 214 40 75 201 174 217 85 194 112 77 145 262 269 83 144 159 162 281 106 1 212 158 204 249 232 298 188 143 233 155 46 266 230 132 100 292 136 139 207 223 288 91 168 183 199 195 41 108 62 14 78

Y side (reviewers indices) preferences over X (papers indices):
1: 193 187 120 143 153 169 136 130 127 117 135 170 112 146 122 121 180 160 156 118 149 182 141 186 159 190 147 154 166 168 152 176 174 139 172 195 124 163 114 183 181 171 129 157 125 196 151 144 162 113 161 134 128 145 132 179 164 165 155 192 126 142 189 115 116 177 194 131 191 140 123 148 119 167 188 178 137 197 138 175 158 173 150 184 133 185 5 203 27 7 261 1 251 15 99 260 269 248 81 75 38 253 105 64 16 21 227 42 60 58 252 23 240 272 283 47 268 294 299 36 297 232 91 200 257 50 295 282 288 254 29 66 46 90 228 25 271 18 259 221 32 265 103 80 76 233 102 267 48 245 45 57 209 14 96 255 94 59 85 71 13 19 33 63 20 234 277 284 291 61 285 106 241 220 256 212 230 264 62 30 41 250 205 6 204 77 215 274 280 49 214 12 289 276 97 107 93 109 17 110 79 108 243 95 199 72 263 290 292 35 52 11 51 78 9 10 258 54 222 89 101 217 298 2 201 24 39 210 198 238 247 74 40 31 26 55 281 83 207 244 218 82 224 231 68 242 286 43 236 273 211 104 53 92 287 70 239 28 88 223 3 237 216 56 296 246 69 262 65 111 73 4 208 8 86 278 22 87 206 226 84 270 37 229 235 275 98 300 279 225 249 44 293 219 67 100 266 202 213 34
2: 45 28 102 5 74 11 63 99 16 54 82 90 34 26 72 76 47 68 42 6 44 24 52 69 79 30 43 77 13 32 12 96 62 38 89 1 86 35 111 81 61 109 49 88 17 67 41 104 53 33 29 14 103 2 83 23 101 73 21 36 92 95 85 27 107 18 39 31 98 50 94 56 10 71 25 110 108 70 106 58 75 22 3 60 80 93 87 66 57 48 7 55 100 46 51 78 59 91 15 9 105 20 65 37 19 64 97 40 8 84 4 154 125 136 288 186 123 169 227 247 254 226 269 228 217 233 194 127 183 243 193 264 118 198 187 279 276 266 151 161 252 270 200 184 257 209 147 168 224 262 162 234 258 238 202 229 289 167 272 256 115 294 242 197 210 244 215 246 260 214 207 281 142 189 163 196 240 295 284 122 139 205 293 129 271 195 290 263 155 221 245 232 241 291 126 261 138 120 273 157 218 179 170 208 173 230 255 140 114 222 216 156 274 259 235 219 166 267 231 286 137 143 192 188 239 158 287 119 300 141 275 146 206 211 298 124 175 237 182 204 131 152 160 220 251 278 201 225 159 121 223 130 117 180 199 213 164 116 268 292 178 212 150 296 172 148 145 190 191 297 176 265 280 181 165 153 277 133 299 250 248 171 113 134 283 177 285 132 174 144 249 128 112 236 253 185 282 203 135 149
3: 248 276 296 261 240 287 229 281 198 256 243 257 282 273 291 283 211 242 199 244 298 231 295 293 277 284 202 268 238 259 203 249 289 209 246 230 254 207 269 260 253 225 224 297 212 262 222 245 263 236 239 270 267 275 258 208 232 241 235 280 220 264 217 228 215 210 200 237 299 234 219 288 251 213 227 204 300 205 271 274 226 290 265 216 223 294 252 218 285 201 292 255 279 247 206 266 278 286 221 272 214 250 233 175 66 102 19 131 76 134 37 29 185 14 192 179 115 172 58 155 41 170 99 94 188 67 150 146 31 8 59 103 169 136 27 194 43 57 96 78 60 130 196 89 68 153 42 161 152 116 16 38 4 65 91 15 46 9 127 111 182 6 83 33 160 10 166 90 159 74 149 104 176 23 70 113 105 126 124 64 120 12 107 178 95 123 193 98 108 86 140 77 145 151 88 142 18 118 147 93 122 87 24 137 190 5 1 183 144 101 56 117 92 35 165 143 164 173 156 20 121 48 50 11 197 53 85 189 51 82 36 186 69 17 25 174 154 49 158 72 52 30 133 180 163 26 84 168 128 157 109 63 119 47 81 7 39 148 45 114 21 3 100 177 71 106 79 129 171 139 97 138 40 61 181 187 125 135 112 184 28 167 132 75 22 162 32 191 34 44 195 2 73 13 62 55 80 141 110 54
4: 193 192 152 132 197 113 117 140 119 186 150 194 134 166 182 195 129 176 181 158 185 128 159 137 154 161 147 165 164 151 160 174 180 188 177 142 125 189 191 121 144 175 149 124 112 148 178 131 114 162 171 123 168 183 136 126 130 146 145 170 139 120 115 187 156 167 153 135 141 190 163 172 127 184 173 155 122 143 138 196 157 116 179 133 169 118 95 16 234 57 198 49 253 288 231 271 85 9 220 254 94 10 98 65 274 239 104 60 82 260 32 28 279 62 72 13 287 83 200 257 3 15 224 35 78 208 59 48 109 202 295 269 90 17 259 101 1 75 225 216 18 289 71 66 53 277 258 219 105 6 88 294 11 103 284 228 30 209 55 81 93 268 70 232 41 292 43 264 67 265 76 61 291 40 2 73 276 34 26 107 250 52 201 64 238 280 33 54 42 14 226 108 212 245 240 275 281 255 97 229 25 278 92 237 256 46 87 12 270 203 246 7 8 227 296 263 58 51 236 290 230 218 233 205 110 4 23 79 74 214 20 102 206 285 5 266 243 50 111 96 199 36 283 91 86 297 80 248 235 56 45 222 44 242 106 21 262 29 221 282 273 267 241 204 77 213 47 300 89 247 39 249 299 286 211 22 19 24 217 27 31 298 68 272 223 251 69 207 252 63 244 99 38 210 215 84 261 37 293 100
5: 253 221 204 205 250 299 279 264 275 199 276 239 230 285 256 224 211 217 283 202 212 213 240 219 296 237 225 267 255 243 244 258 294 206 222 261 220 295 260 259 251 201 282 281 229 247 235 248 228 238 236 232 271 270 231 272 288 208 203 290 227 280 262 289 216 266 291 254 210 257 245 252 207 200 246 269 215 263 300 284 209 218 234 265 297 292 233 242 214 273 278 287 226 241 198 223 277 274 249 286 298 293 268 39 94 158 71 130 61 33 5 78 34 79 167 4 126 88 25 110 13 132 177 172 96 195 46 93 65 6 127 113 192 105 28 104 171 8 120 11 103 92 185 145 85 129 80 193 122 166 19 40 137 150 54 188 156 159 36 44 51 45 142 123 108 124 70 68 89 12 106 14 128 140 107 1 117 47 22 73 17 35 72 153 197 63 149 29 90 31 98 99 43 52 20 146 91 23 135 83 116 131 69 97 86 18 50 181 2 190 32 170 187 10 64 196 136 169 57 27 21 82 182 165 48 37 174 114 119 175 155 75 42 67 176 7 163 38 157 134 74 133 162 143 152 16 41 15 115 84 161 186 59 95 76 58 53 144 102 60 148 173 138 141 164 189 151 178 118 125 111 184 121 26 139 179 55 87 9 62 77 154 101 180 30 56 3 112 49 109 194 100 168 66 191 147 183 160 24 81
6: 242 78 195 280 9 260 231 289 87 179 80 192 55 26 72 94 32 266 284 250 60 123 296 71 203 61 244 51 39 162 278 262 90 135 209 23 53 180 239 197 29 300 212 104 230 27 275 19 115 237 102 220 206 3 177 18 57 233 168 285 276 223 76 73 219 133 15 50 66 198 81 235 48 37 142 221 24 92 159 199 119 49 124 65 106 117 118 1 56 205 263 68 12 247 167 77 257 154 99 47 63 246 126 279 184 83 174 236 245 251 297 158 202 59 298 228 271 274 155 176 190 181 31 207 21 5 183 161 169 67 111 145 129 84 290 269 17 10 74 196 125 163 157 258 201 144 238 54 116 40 110 160 227 20 288 193 254 268 22 93 252 282 137 267 248 69 143 294 217 91 42 225 224 265 283 13 208 216 101 292 100 186 172 173 108 281 96 95 11 299 166 287 147 149 151 234 261 153 86 141 270 232 185 256 131 97 277 41 121 4 241 134 211 249 130 189 44 165 64 255 295 109 2 229 128 98 25 213 178 146 140 188 182 171 253 8 52 215 222 38 293 89 58 226 204 264 136 170 150 43 127 120 218 75 187 28 152 194 107 200 113 132 273 36 122 138 85 35 46 79 14 7 70 210 88 286 272 148 139 164 33 16 105 259 156 30 191 45 34 103 243 214 240 175 62 291 114 6 82 112
7: 169 116 134 118 177 179 130 162 176 153 117 141 133 175 123 142 165 121 168 128 154 135 148 150 187 172 115 185 143 186 181 152 136 146 163 119 182 112 155 194 192 184 166 164 113 114 138 151 183 167 149 144 160 189 129 125 122 147 171 137 139 191 188 193 190 178 197 127 195 120 126 140 157 173 170 161 159 124 156 180 131 174 132 145 158 196 68 295 93 102 3 43 96 11 227 215 19 103 220 265 79 283 279 46 72 15 228 229 51 239 257 89 49 241 4 84 212 260 276 198 22 60 91 52 207 286 273 206 238 101 58 248 291 70 247 33 223 25 76 224 240 217 57 86 253 21 88 287 254 31 42 12 272 53 85 201 109 61 300 205 263 67 36 199 92 97 80 235 35 24 47 32 27 75 69 209 237 288 231 264 6 262 252 98 73 38 95 277 268 261 44 299 45 34 108 284 23 63 54 39 282 106 8 48 29 40 99 244 81 87 255 105 2 266 296 251 203 30 9 55 218 298 56 26 297 293 234 292 242 233 269 41 82 1 289 17 219 77 7 10 274 221 28 271 294 94 208 20 64 222 259 107 216 250 213 232 270 210 18 59 275 65 37 83 281 66 111 290 226 90 104 236 202 100 78 204 14 200 225 246 62 211 74 267 278 258 249 230 256 245 243 5 280 16 71 110 13 50 214 285
8: 279 278 295 214 208 209 257 252 227 244 297 283 294 254 212 300 207 243 259 224 222 236 290 298 265 235 226 218 286 261 271 255 276 280 291 249 253 264 200 268 199 223 246 245 220 203 251 258 256 289 217 275 228 211 247 206 221 238 262 202 250 269 293 229 277 263 239 292 274 198 201 219 234 284 205 287 213 288 215 281 230 216 225 282 248 296 240 266 204 272 237 232 299 242 267 231 285 270 273 241 210 260 233 128 153 9 29 114 125 69 100 53 95 7 135 175 147 15 111 184 154 162 56 54 129 73 156 68 58 188 88 67 72 33 34 91 183 193 39 24 89 166 112 139 121 118 83 173 99 159 64 107 98 61 55 17 146 123 63 124 78 149 174 155 115 182 52 120 143 127 22 36 190 93 20 96 3 87 168 136 23 189 138 37 116 47 19 71 151 161 181 108 60 171 26 1 148 150 92 194 133 169 187 74 90 180 30 196 130 21 48 134 170 76 79 6 192 85 186 40 28 66 195 178 176 141 105 62 27 5 179 132 65 80 106 51 59 191 32 41 102 177 145 45 117 14 12 38 4 13 152 81 158 137 86 16 101 75 103 113 165 46 119 110 2 185 104 164 10 122 82 25 18 97 84 77 50 43 126 44 167 35 160 94 172 57 11 42 142 197 31 140 8 131 109 70 163 157 49 144
9: 294 260 206 245 290 271 230 225 293 241 205 252 214 204 220 249 223 240 231 270 250 234 221 273 281 276 291 288 235 275 239 280 292 263 216 218 201 259 254 256 296 226 200 236 224 246 238 228 265 269 202 262 285 295 268 266 242 203 278 248 215 217 258 274 286 284 243 287 289 277 264 198 209 272 212 255 251 299 199 257 208 297 207 279 211 261 283 210 237 282 253 229 232 298 247 219 300 213 227 222 244 233 267 165 121 117 45 182 6 32 10 2 22 157 1 18 33 176 186 95 139 187 36 131 185 79 4 127 86 100 197 85 112 108 194 46 40 75 178 124 146 82 13 148 119 96 90 67 180 166 93 192 183 151 188 158 140 23 97 89 175 98 7 164 101 71 42 181 48 99 74 149 51 77 125 70 126 80 154 57 21 172 189 162 84 179 113 136 130 56 64 120 31 195 142 92 106 115 104 53 91 114 28 87 150 196 161 133 128 137 63 8 143 159 38 65 14 191 19 24 193 26 37 41 81 50 129 9 118 72 141 111 107 102 17 60 39 167 174 52 94 109 190 76 62 20 173 168 30 135 170 15 153 103 160 163 58 105 54 152 27 61 171 110 156 43 134 16 138 177 59 116 12 5 88 144 55 169 78 34 68 35 66 83 3 29 132 122 123 155 49 25 145 69 184 11 47 73 147 44
10: 116 68 151 195 81 4 214 24 107 37 80 83 31 234 261 88 253 156 97 299 119 189 222 104 229 166 269 278 289 249 160 200 277 78 191 225 137 251 208 232 139 169 101 276 154 295 202 57 118 247 89 268 250 50 292 79 204 293 273 65 223 38 297 22 210 267 58 114 74 281 47 143 171 201 161 131 230 150 221 205 179 102 141 30 245 164 72 246 266 52 219 66 8 190 180 199 112 64 67 34 48 28 282 128 241 62 224 288 9 148 54 106 152 63 5 226 127 174 51 236 134 133 238 23 103 279 257 209 149 16 100 75 132 42 61 55 162 95 271 291 196 193 244 280 286 87 123 6 69 254 159 121 44 94 285 258 25 11 240 99 18 211 108 287 105 213 138 283 140 86 198 53 173 235 17 145 142 117 27 260 256 172 294 158 122 35 186 259 165 96 181 207 92 243 206 192 203 184 1 12 82 215 155 136 185 2 7 237 178 130 36 15 39 91 284 298 270 300 157 176 29 33 85 76 265 218 84 26 290 231 272 90 43 274 113 163 194 59 252 197 124 239 46 175 125 110 98 41 115 248 177 20 188 146 120 73 216 126 45 168 49 71 262 153 255 13 167 275 220 233 109 14 296 183 56 147 135 217 10 212 32 264 170 242 3 19 40 228 70 93 144 77 263 182 21 227 60 111 187 129
11: 154 189 194 127 184 180 178 130 173 115 152 161 176 118 145 112 132 166 138 133 140 137 149 195 129 126 153 168 134 167 119 150 190 125 164 143 165 183 156 151 174 160 141 171 144 128 147 186 159 131 193 113 179 197 177 116 185 163 146 139 182 181 155 187 121 124 196 120 135 169 148 142 172 158 114 191 123 157 188 162 192 117 175 136 122 170 48 285 33 251 10 111 222 52 80 71 268 97 8 234 103 280 105 298 266 32 51 287 57 7 16 296 248 275 288 37 223 12 90 56 47 294 53 238 101 272 89 104 66 9 92 200 297 205 215 77 2 209 41 76 55 236 218 38 278 108 199 262 246 245 221 93 78 6 100 70 233 88 107 243 252 106 50 201 225 29 255 241 212 293 213 202 102 63 217 4 289 49 291 256 244 277 13 96 81 247 264 231 67 98 242 279 220 239 69 31 22 14 43 230 46 263 60 282 40 265 292 198 30 281 39 267 269 59 26 283 82 290 235 62 61 17 42 257 28 94 36 226 99 75 3 23 84 300 68 27 250 216 35 1 15 73 74 254 276 253 274 58 273 206 207 286 259 72 95 11 227 20 208 258 229 249 24 204 79 87 261 91 83 25 214 65 232 109 54 5 44 18 110 237 224 270 240 34 299 64 21 203 284 85 219 295 260 86 210 211 228 45 19 271
12: 113 155 259 273 19 166 124 18 123 85 217 65 156 270 138 221 224 210 236 94 238 160 39 82 245 47 49 290 184 258 179 7 118 281 115 252 154 112 140 196 93 199 64 31 90 42 57 169 60 151 192 292 55 22 276 98 241 77 285 79 181 96 251 66 175 291 219 277 107 125 226 26 84 9 86 1 73 254 122 11 3 103 178 136 28 244 95 40 164 152 269 282 143 231 297 62 180 21 257 279 52 157 198 30 88 216 8 230 207 239 83 234 215 81 186 220 162 133 142 59 174 287 43 16 15 134 132 38 110 250 194 27 165 78 135 248 267 99 212 195 5 188 128 197 170 189 299 101 272 240 129 237 261 146 214 294 4 268 33 246 218 106 109 202 20 69 100 35 24 163 29 58 80 131 190 67 14 63 223 137 286 17 235 111 172 13 41 225 92 70 206 300 187 75 182 12 298 147 46 274 177 45 288 271 222 105 191 158 253 102 104 176 10 229 293 260 283 108 32 263 255 25 265 296 121 153 61 116 227 56 173 266 68 37 150 76 117 148 6 145 295 130 161 114 144 256 51 119 289 48 264 200 183 262 139 284 275 168 205 97 243 34 213 120 211 280 89 141 36 91 2 159 209 149 127 50 23 278 208 204 53 171 233 203 167 54 87 228 72 242 193 44 74 201 71 232 126 249 185 247
13: 168 187 192 178 112 120 182 176 149 138 162 123 174 135 128 147 171 152 142 146 173 139 115 194 172 163 164 179 133 185 166 113 154 169 143 118 119 124 126 140 191 125 188 127 193 148 180 184 134 159 114 181 129 165 131 150 141 195 122 189 175 153 137 155 186 156 197 130 116 132 151 190 161 183 136 157 170 145 144 196 117 167 177 160 121 158 62 41 267 79 56 242 45 93 296 18 66 229 295 215 11 86 105 44 210 266 30 26 246 70 104 3 109 101 270 14 72 76 52 237 293 83 7 63 255 51 48 90 280 218 239 300 100 279 49 261 38 234 271 222 13 2 55 232 257 39 214 244 20 8 227 212 272 250 230 107 24 298 61 290 89 286 54 233 262 110 34 260 251 201 207 225 64 73 249 252 69 277 35 106 65 258 50 91 95 87 297 299 288 275 58 74 256 43 274 269 204 221 198 268 247 15 5 199 84 97 282 231 248 40 253 4 6 211 108 98 213 265 235 1 53 208 238 31 71 226 209 9 219 59 37 287 203 243 12 111 240 283 68 16 78 259 22 223 102 47 81 264 291 254 220 67 25 103 206 278 21 216 263 92 217 94 205 99 75 245 36 46 77 292 28 85 281 19 17 82 276 285 33 236 228 284 80 27 289 23 42 241 200 29 224 202 10 294 88 57 32 96 60 273
14: 113 80 54 4 254 165 153 115 118 241 239 227 173 63 161 215 95 86 228 158 190 19 23 6 134 231 263 61 116 14 272 169 125 11 152 279 219 204 107 74 67 90 273 294 154 69 187 267 51 68 109 9 289 132 179 59 160 171 131 98 8 39 185 180 178 280 66 260 297 56 232 265 126 119 198 257 249 139 26 233 60 266 226 30 20 41 248 181 218 199 81 276 96 201 208 162 141 188 259 7 164 37 145 151 202 284 122 238 70 117 236 293 55 159 140 75 35 25 191 278 78 106 21 144 105 94 50 253 40 76 42 168 285 264 174 2 128 194 100 58 234 184 193 136 18 207 28 212 200 127 120 147 299 275 101 258 221 1 287 197 163 217 110 79 44 149 205 121 17 104 48 222 88 150 72 244 182 133 237 13 130 288 5 155 247 53 32 91 186 71 245 157 183 172 290 274 93 111 64 123 189 295 43 268 24 281 235 138 256 224 223 167 15 16 73 175 246 31 213 282 65 12 45 283 36 242 85 230 46 196 170 108 277 102 250 89 300 146 38 114 83 82 269 251 97 252 156 206 99 33 210 298 255 166 52 124 148 195 240 29 291 137 214 22 87 296 34 220 225 77 261 209 62 243 129 262 142 84 47 143 229 192 216 211 112 177 292 203 57 286 135 271 10 176 92 49 103 27 3 270
15: 203 243 276 231 224 284 265 199 264 232 254 268 279 241 233 278 262 206 229 289 273 300 217 216 248 198 280 211 286 212 236 209 272 277 297 239 246 295 208 260 218 247 296 227 270 282 237 210 235 269 281 266 220 205 263 222 252 298 250 261 271 258 244 226 267 215 293 253 274 256 204 230 291 200 285 283 214 234 259 223 201 249 290 251 257 221 240 219 213 225 288 202 275 294 238 299 255 292 287 245 242 207 228 47 155 141 189 108 15 169 26 49 150 166 57 161 94 45 24 173 128 123 158 175 168 144 143 172 186 3 68 122 136 69 13 102 197 38 184 181 91 83 139 105 127 115 109 96 190 180 50 78 80 87 106 56 51 113 2 133 103 99 152 12 14 185 31 95 178 114 90 148 35 153 116 107 22 126 100 48 125 77 9 1 42 183 82 177 104 64 33 55 151 176 156 53 34 11 188 196 81 44 163 59 76 19 62 132 111 119 75 135 149 162 140 28 52 21 138 60 112 88 32 120 145 89 23 137 118 110 27 10 6 20 146 79 195 85 130 67 40 58 65 124 164 154 7 167 72 73 74 43 131 63 37 97 16 191 18 39 171 36 157 160 129 66 29 41 61 194 134 84 5 170 142 101 17 30 93 70 8 147 174 182 117 71 98 165 121 187 159 4 46 192 193 179 86 92 25 54
16: 225 258 270 214 290 213 208 272 296 233 200 275 239 219 278 209 243 251 286 204 280 263 244 300 268 289 232 202 229 205 241 266 282 260 294 274 255 221 236 217 248 207 277 245 281 253 199 240 218 293 230 262 210 228 231 299 291 295 261 227 238 259 242 247 265 234 254 203 285 273 216 257 279 215 206 297 269 211 235 284 292 271 220 264 224 298 267 246 249 222 201 198 237 252 250 212 287 256 288 283 226 223 276 7 120 53 190 97 77 9 80 176 84 138 141 177 152 170 17 31 94 44 175 66 163 10 192 131 110 95 68 162 168 165 135 50 195 43 83 183 126 26 102 148 137 74 134 124 193 20 6 45 24 93 92 111 167 108 69 169 4 155 61 99 117 60 46 96 136 49 42 36 79 194 41 103 98 90 91 75 51 28 164 132 153 59 113 8 47 158 87 172 109 81 39 89 82 147 154 157 30 128 23 12 151 88 65 166 150 27 15 25 101 160 180 13 188 145 37 115 143 54 73 187 156 129 16 121 125 63 48 112 105 11 186 3 76 18 191 56 22 119 142 5 14 184 21 114 178 40 29 52 70 189 67 2 161 130 196 185 133 173 85 149 58 179 19 72 116 38 71 64 55 146 181 140 62 122 159 34 107 33 127 32 104 1 182 86 100 197 144 57 171 118 35 78 106 174 139 123
17: 145 228 275 1 216 92 76 244 137 164 4 274 246 105 21 208 6 204 138 210 44 180 144 38 239 111 100 195 242 182 40 264 271 133 288 109 290 56 95 135 7 71 120 296 298 268 58 121 112 12 267 2 132 73 187 234 131 272 106 220 300 227 260 279 151 39 86 222 60 63 294 20 162 213 199 67 266 37 96 161 36 173 284 57 97 99 255 79 83 251 280 217 55 45 128 88 14 26 209 65 104 28 72 52 183 276 157 41 78 250 82 47 16 178 70 168 80 85 258 232 253 27 140 18 167 81 15 74 156 75 230 223 89 262 149 8 261 289 256 142 184 64 154 19 219 159 84 249 107 175 190 269 3 166 146 46 141 295 101 257 98 283 155 127 33 188 192 123 206 130 171 139 238 202 9 29 240 48 252 174 147 207 265 153 200 196 110 235 118 35 179 31 30 297 116 224 51 293 117 34 212 50 124 163 59 134 221 229 152 205 143 185 172 32 11 115 233 23 53 90 24 113 281 186 103 22 122 237 285 61 197 270 273 66 231 194 225 43 245 17 193 211 42 62 215 259 181 278 247 189 201 150 49 214 77 169 226 91 243 136 191 277 25 148 158 94 125 165 282 241 286 218 68 170 10 93 176 108 287 160 291 5 54 263 292 254 87 129 248 177 299 126 198 114 236 119 13 102 203 69
18: 267 220 266 293 273 283 237 243 231 275 286 228 277 281 200 208 251 279 298 212 199 207 294 295 249 248 260 271 240 297 214 224 242 280 210 269 226 255 221 198 296 292 233 206 288 238 204 278 299 232 247 211 201 225 253 268 270 223 289 209 265 217 205 227 259 291 263 262 287 230 264 252 216 258 218 245 284 254 234 246 239 229 219 285 250 236 222 261 235 290 202 282 272 244 213 215 241 203 300 274 276 256 257 120 135 121 81 194 118 132 38 42 44 136 174 155 144 106 96 91 14 151 24 170 64 183 95 87 2 100 123 85 124 140 76 35 107 157 189 29 129 169 163 80 125 40 188 117 148 62 51 37 141 159 112 184 45 89 33 39 84 90 5 113 162 104 128 119 18 153 175 73 149 134 178 166 126 187 65 68 97 74 77 116 143 48 133 98 88 19 109 122 192 46 17 164 23 158 176 41 94 36 181 114 22 185 71 47 70 102 49 1 179 61 21 191 27 58 139 127 161 4 32 173 138 55 115 152 20 195 53 142 83 9 131 8 31 182 72 52 130 59 180 82 12 150 60 93 165 146 154 196 86 168 193 156 7 34 101 79 10 30 108 160 103 57 6 137 56 69 78 16 50 197 66 186 172 13 11 75 177 99 111 63 105 3 110 54 67 26 171 190 15 92 43 147 25 28 167 145
19: 140 135 186 97 74 173 57 101 48 158 296 205 110 146 234 228 19 4 272 11 168 210 214 217 215 156 298 248 239 129 23 249 70 118 79 189 96 286 58 28 295 152 211 91 65 259 209 40 117 83 230 235 260 268 276 258 274 170 174 240 233 107 181 178 100 254 179 200 279 190 151 243 144 17 66 171 21 125 193 89 6 60 121 175 271 270 292 224 22 81 241 113 111 130 102 87 37 277 142 281 124 94 141 222 180 15 247 163 137 176 285 293 218 10 1 188 25 236 251 256 39 77 157 18 109 212 266 172 221 213 138 84 49 88 252 237 99 269 191 246 47 24 46 155 27 153 275 166 133 284 164 143 226 182 86 160 80 139 75 229 136 154 204 195 183 145 112 36 59 45 64 123 192 177 261 299 42 194 150 242 263 34 108 227 262 185 76 50 41 207 85 300 265 38 250 273 7 216 283 220 31 132 159 199 162 33 290 103 198 196 267 115 149 167 134 114 297 187 264 282 106 62 2 8 278 90 287 67 5 72 61 3 184 52 294 56 131 257 14 122 13 63 289 197 43 82 201 225 238 169 206 208 127 148 244 69 93 255 161 20 54 12 105 104 44 26 95 232 202 29 119 280 98 51 35 253 126 288 147 92 55 116 16 78 223 219 30 291 73 245 231 32 128 203 71 53 9 165 68 120
20: 290 92 188 191 51 174 55 72 111 76 152 234 124 84 118 100 59 126 247 109 108 43 46 70 227 180 283 93 136 261 2 192 5 208 11 78 228 137 171 56 99 115 19 210 12 74 82 237 53 89 199 44 123 221 47 249 186 233 172 260 106 160 132 66 144 25 164 40 81 274 182 204 67 39 209 198 289 107 211 85 117 134 4 97 193 58 105 203 68 79 52 31 194 69 73 13 15 251 190 258 189 217 239 150 293 103 143 28 220 41 62 24 26 141 238 275 252 87 127 250 229 214 37 20 195 80 287 64 277 286 230 49 202 246 90 241 243 270 125 122 298 185 42 16 201 288 21 114 95 113 226 264 278 284 257 129 148 146 145 1 263 139 212 213 173 86 157 285 183 71 196 244 3 276 7 166 36 102 8 119 29 272 151 77 254 140 162 222 98 169 235 138 197 9 147 6 296 61 23 101 65 110 133 10 128 14 178 262 206 116 18 159 135 219 154 94 170 60 300 32 223 96 149 253 27 266 45 33 57 54 48 91 38 207 281 112 75 231 292 248 280 165 167 131 218 130 104 181 273 120 242 299 297 63 187 161 240 236 200 279 34 291 282 271 245 179 259 267 184 225 156 176 142 83 224 215 30 50 232 294 175 295 163 177 121 265 205 155 158 216 88 268 168 22 269 35 256 17 153 255
21: 267 226 270 280 230 224 245 276 248 282 218 291 206 231 201 298 205 244 217 285 277 260 236 299 290 292 288 293 247 216 249 257 240 203 198 253 222 223 300 297 228 199 229 213 265 287 275 252 284 215 202 278 289 221 208 243 225 254 273 268 256 227 207 212 242 237 258 251 232 235 262 279 220 269 295 219 200 283 204 266 271 263 264 210 294 286 296 246 259 211 281 241 238 255 209 274 272 234 261 214 233 239 250 92 177 78 43 125 19 106 72 164 42 155 65 59 167 112 47 38 1 136 165 121 48 118 79 105 32 62 57 69 184 16 183 81 171 4 86 142 154 83 67 36 30 13 194 2 102 89 126 82 12 186 152 179 15 159 99 96 25 168 137 166 35 197 71 176 113 161 188 3 76 119 88 122 138 70 103 66 49 153 131 63 37 158 175 94 55 143 93 17 45 29 181 61 73 11 31 148 14 52 18 115 7 108 192 20 6 84 114 90 170 51 144 134 150 5 185 10 182 53 8 139 172 193 163 44 187 191 111 149 107 141 180 77 190 132 34 140 50 146 23 174 24 41 116 127 110 33 101 173 157 145 129 97 40 120 60 95 156 26 169 68 9 123 189 160 75 109 87 196 39 151 74 100 21 128 85 98 104 22 91 124 56 133 80 162 135 147 64 58 130 28 54 178 195 27 46 117
22: 161 192 135 174 152 143 140 127 117 125 144 132 177 141 122 148 145 155 171 123 182 191 196 168 189 176 167 119 126 166 150 121 130 131 164 113 160 162 169 149 170 195 138 115 194 159 124 180 172 157 183 188 187 118 136 120 178 165 128 158 146 154 137 186 112 129 133 147 179 193 163 142 116 181 184 139 190 175 185 134 114 197 173 153 151 156 36 251 78 89 276 106 91 59 22 267 223 295 103 235 258 102 58 217 242 218 99 46 24 85 19 109 222 249 228 230 55 30 70 265 220 7 259 32 247 96 216 243 54 38 292 17 13 11 69 80 246 215 21 82 41 212 111 86 50 104 244 206 263 233 287 214 40 81 56 290 300 257 266 236 231 262 226 31 277 16 97 253 225 273 294 35 298 227 53 63 264 270 12 203 280 268 28 271 64 297 211 204 275 284 73 10 39 14 61 241 23 209 72 49 238 29 274 201 93 100 202 33 74 6 8 52 5 95 1 110 3 66 250 240 252 34 26 260 90 87 15 18 219 198 221 4 261 48 279 9 65 75 20 281 51 84 224 62 208 291 25 286 232 239 42 44 77 283 213 245 2 98 289 288 37 269 71 199 76 27 282 57 60 108 299 47 210 105 88 205 256 237 255 68 45 278 67 293 94 285 79 296 248 43 229 207 101 272 107 200 234 92 254 83
23: 5 124 248 297 283 115 29 181 112 223 77 4 175 290 58 266 171 76 195 261 51 172 208 13 189 140 12 298 237 257 52 260 242 222 75 78 41 169 177 55 103 39 47 8 24 132 214 118 272 119 10 100 48 247 155 38 295 193 246 152 168 28 179 133 284 235 148 252 232 87 1 63 207 157 153 37 259 104 21 9 144 123 116 95 188 216 110 66 178 85 280 180 200 136 198 277 194 215 229 166 3 292 26 251 102 221 6 289 156 97 27 273 253 282 278 42 30 190 149 137 271 68 67 234 34 86 243 275 117 256 286 160 80 142 199 230 126 7 227 32 220 91 213 121 150 109 263 241 92 49 186 224 165 2 285 57 90 197 228 81 196 174 15 209 226 164 130 128 36 70 94 139 83 192 134 204 161 43 244 173 53 154 11 184 268 135 111 250 74 16 138 254 145 151 125 56 73 239 33 191 114 44 129 72 19 46 59 299 203 141 17 170 82 267 54 255 159 89 217 107 291 276 79 162 62 163 202 98 279 122 147 183 264 60 218 99 176 211 182 205 18 262 101 35 23 84 120 269 212 113 288 296 64 14 274 287 238 270 25 88 158 31 219 236 105 93 127 206 231 40 185 50 245 20 293 65 294 249 210 258 233 225 201 69 300 61 45 71 96 108 106 187 167 143 131 281 22 265 146 240
24: 112 142 121 64 271 240 156 72 198 266 235 3 163 128 125 85 39 34 13 75 231 16 134 187 238 44 184 218 138 29 15 279 204 58 33 82 225 201 250 153 135 154 2 144 42 244 188 177 264 103 70 26 84 219 8 96 149 175 295 167 19 63 157 280 160 181 118 222 166 190 50 294 28 273 141 76 151 288 117 243 53 220 155 171 179 232 74 230 241 182 158 51 209 38 192 152 109 298 92 20 137 119 71 258 49 289 165 247 261 6 239 116 185 283 130 12 66 98 43 174 189 215 293 212 170 180 210 194 99 277 21 216 206 104 228 69 47 186 256 65 114 41 246 150 91 105 205 107 173 299 287 237 197 233 94 296 31 203 145 274 115 172 213 136 199 18 129 251 272 236 57 252 193 123 7 59 291 242 22 147 227 62 108 4 211 284 48 100 122 132 60 120 195 45 286 5 1 79 87 253 27 81 133 25 191 95 56 290 111 229 9 77 202 73 254 127 259 88 297 260 282 226 124 143 161 265 300 267 86 139 10 93 178 54 176 11 55 248 68 159 78 89 30 140 131 36 162 23 61 14 113 217 148 106 46 234 221 269 263 207 196 183 168 200 223 80 52 262 255 97 214 208 37 275 102 90 270 245 169 249 292 67 285 164 268 110 281 17 40 126 101 257 278 276 35 32 224 24 83 146
25: 108 268 198 8 289 1 6 126 164 66 38 159 142 106 156 173 255 297 147 202 226 99 272 227 262 145 132 124 280 141 74 247 3 18 260 58 63 216 185 20 17 96 121 122 295 228 113 237 75 136 68 241 26 246 60 53 258 203 98 77 182 292 22 271 93 114 11 67 157 223 243 10 78 200 231 267 293 184 82 30 273 176 151 95 7 152 192 133 150 221 188 204 195 36 34 23 165 128 5 171 51 238 85 257 48 64 186 135 299 143 111 140 277 213 276 45 287 80 29 172 175 90 248 109 211 219 212 264 92 72 259 27 158 298 79 49 107 70 249 21 110 296 225 250 155 256 218 166 83 19 65 89 163 69 130 240 210 180 288 61 281 84 9 120 44 134 137 146 101 265 162 254 102 183 214 81 199 283 24 94 33 116 208 42 177 266 169 37 206 278 263 220 242 179 167 153 100 12 117 39 14 300 76 201 97 118 217 16 284 73 56 253 193 170 285 251 87 71 32 160 232 269 224 207 144 244 55 291 40 52 290 88 174 149 105 252 103 209 112 54 50 236 168 215 294 148 31 230 190 274 25 229 13 15 197 86 239 279 222 43 245 154 41 187 125 4 261 139 191 131 127 205 178 282 123 59 62 91 57 47 189 28 119 46 115 270 234 235 196 138 275 233 129 2 104 194 161 286 181 35
26: 141 257 238 258 90 59 16 128 233 95 80 71 70 167 33 203 139 261 136 40 135 187 74 154 21 206 56 298 170 259 88 174 225 159 239 283 125 45 98 156 73 160 68 119 36 32 274 84 120 148 78 124 89 208 263 117 152 231 240 230 232 91 123 113 275 202 62 292 87 155 171 235 4 227 46 205 69 49 241 207 289 157 196 143 81 296 219 15 30 151 48 188 7 6 162 96 168 35 108 280 54 163 175 20 41 272 198 260 294 252 277 178 246 211 220 197 149 82 132 269 11 53 253 110 118 131 112 287 215 214 201 247 83 245 61 293 114 63 166 228 122 121 226 179 14 64 129 106 5 265 288 264 254 97 26 25 248 161 13 271 9 109 276 266 44 147 77 107 172 273 65 50 153 285 27 134 111 244 250 255 186 24 144 210 29 79 102 103 18 75 182 181 183 176 192 185 38 286 100 58 218 256 268 234 86 105 12 1 17 57 23 2 22 42 10 290 130 295 55 200 169 221 72 93 140 204 262 299 126 191 115 142 165 133 150 43 213 3 31 237 242 212 145 184 249 189 104 199 85 34 229 243 28 216 173 76 37 158 92 99 101 222 66 209 236 127 267 138 39 19 194 223 94 8 60 193 279 297 281 300 67 282 278 270 116 146 180 52 137 47 190 224 284 195 251 164 51 291 177 217
27: 145 170 137 156 155 182 122 197 179 132 126 147 185 153 180 143 174 119 164 194 120 196 191 181 140 142 117 150 125 160 187 161 151 134 167 189 113 112 175 186 127 114 115 116 190 118 177 165 154 159 121 173 172 138 192 184 131 128 123 135 169 163 133 183 146 144 124 130 148 129 139 149 157 152 195 162 136 188 193 158 176 178 141 166 171 168 216 198 264 79 110 229 31 211 105 262 7 30 250 2 254 230 258 206 39 294 220 68 98 34 213 277 96 18 19 278 48 247 300 94 45 72 235 67 97 23 10 8 69 50 88 14 282 106 27 66 33 291 46 237 52 25 281 201 36 32 210 232 248 253 280 244 204 225 59 17 257 209 299 200 37 241 267 222 35 86 212 271 290 26 202 255 217 251 223 24 93 80 228 4 77 218 43 20 51 273 284 263 239 272 289 100 275 3 219 103 269 55 242 13 296 293 109 15 108 57 83 234 76 233 292 295 249 44 286 53 207 41 276 90 245 240 75 104 73 62 246 288 279 64 238 71 40 74 70 49 214 260 231 283 11 29 297 54 42 274 61 227 298 107 85 82 208 6 215 38 28 84 9 259 89 199 261 47 236 243 91 256 78 266 87 203 21 111 12 60 265 92 270 65 99 101 226 5 56 205 22 285 221 268 58 224 102 16 252 1 287 81 95 63
28: 81 102 161 300 169 223 26 193 239 63 125 33 112 253 234 62 157 44 123 202 289 92 212 207 134 228 214 187 277 296 98 117 59 276 55 22 42 235 162 25 292 175 219 186 96 5 209 220 75 131 30 79 142 10 156 105 286 270 27 150 115 206 46 94 133 288 95 143 241 210 39 263 268 191 71 257 51 130 297 272 50 254 53 165 118 163 4 264 248 173 121 78 91 283 89 135 194 85 82 201 61 93 221 83 216 238 233 197 177 57 284 170 86 290 208 19 106 249 65 139 203 247 11 13 31 148 144 244 29 49 90 80 73 245 70 243 179 36 32 281 145 17 192 217 282 176 48 6 222 195 164 116 181 166 230 185 215 168 68 18 180 28 88 52 54 110 72 273 265 279 256 262 104 184 87 198 189 97 7 124 147 252 291 140 298 182 188 56 15 266 285 280 232 21 8 167 58 172 146 14 227 269 237 231 136 84 3 218 153 16 12 114 293 213 107 250 158 183 100 120 155 226 111 204 122 128 178 126 64 151 127 1 113 45 242 152 229 35 77 67 225 137 236 74 196 274 141 275 299 132 294 119 154 20 240 109 34 224 2 101 103 255 138 41 271 258 211 251 246 37 278 40 23 287 9 108 24 199 38 259 99 171 205 43 174 260 190 47 261 160 76 69 267 295 60 149 159 129 66 200
29: 190 168 140 177 145 153 156 162 167 178 130 165 141 144 180 123 122 179 127 126 171 191 189 196 149 115 159 151 120 192 121 132 182 174 117 158 164 194 169 147 163 188 136 197 146 157 129 114 160 183 113 184 181 161 170 148 139 128 135 133 125 138 137 175 172 193 154 134 155 195 176 143 166 119 124 112 142 152 131 185 187 116 118 186 173 150 291 244 49 293 243 231 88 40 268 95 45 277 78 222 219 36 81 111 63 218 3 48 46 198 282 261 86 299 37 42 221 34 97 47 64 253 19 87 44 220 62 230 53 14 247 21 288 245 67 250 107 60 73 208 6 29 24 200 213 239 237 225 270 242 4 294 215 80 17 101 226 229 35 281 265 259 43 32 212 96 31 85 16 106 290 5 262 83 41 210 272 223 11 209 248 18 254 103 7 236 217 51 264 279 257 102 228 292 284 76 1 75 227 2 57 233 240 252 206 234 267 109 276 104 13 68 74 38 90 280 25 108 275 241 260 92 93 273 199 72 201 204 287 99 256 98 15 271 8 10 286 52 269 205 258 266 28 295 82 202 55 22 54 298 100 255 89 289 70 79 26 232 216 285 297 274 224 39 33 56 263 94 30 91 9 249 71 238 110 203 65 235 59 246 283 61 27 211 105 20 69 278 207 77 58 50 296 251 23 300 66 214 12 84
30: 210 205 219 246 224 272 204 252 264 228 282 249 220 245 296 236 244 276 250 207 297 274 259 229 258 214 206 275 273 298 222 209 284 237 262 280 267 281 202 251 289 238 271 286 270 248 230 285 240 226 212 263 199 239 208 215 243 268 260 235 232 265 211 247 294 216 234 292 277 256 198 203 293 266 241 213 291 278 227 218 295 287 290 231 254 257 299 269 217 201 225 253 261 255 283 221 242 233 288 300 200 279 223 173 186 86 115 98 45 117 82 140 146 181 3 165 195 116 9 91 76 122 44 61 154 6 119 19 161 13 189 179 136 125 87 32 68 170 60 167 120 144 166 54 51 164 151 162 17 126 141 64 95 89 130 185 49 171 70 38 159 105 67 72 194 152 137 66 75 103 36 34 12 59 2 28 112 62 150 163 79 85 129 92 74 131 55 138 124 99 139 80 157 148 37 184 128 183 46 88 50 33 188 191 96 26 197 63 174 52 177 40 20 4 169 113 23 14 81 114 78 57 104 42 106 182 97 41 172 102 58 84 30 176 24 43 1 69 100 149 39 133 180 190 127 77 153 196 93 192 73 35 111 47 7 21 83 107 178 145 90 18 187 101 109 110 135 132 48 94 8 121 65 156 168 134 143 29 155 53 56 175 15 27 160 147 118 142 10 5 158 123 16 22 71 31 11 193 25 108
31: 283 247 249 199 212 250 267 241 289 219 205 216 227 292 232 295 273 214 254 237 290 272 265 277 284 298 279 208 217 235 220 242 226 215 280 257 297 234 271 282 255 268 213 239 291 222 223 286 270 233 240 266 261 218 204 238 236 275 251 244 225 252 248 278 300 211 230 274 201 231 287 224 294 200 243 229 288 202 207 293 258 198 264 203 256 296 299 246 221 245 269 209 285 262 253 228 260 210 281 259 276 263 206 142 121 127 50 53 159 184 167 45 183 66 104 34 170 105 75 93 56 51 39 150 74 145 149 10 73 103 76 112 92 148 129 25 23 78 26 173 158 18 98 2 63 141 111 144 49 72 175 90 38 83 109 138 118 152 119 135 116 195 172 68 168 40 190 69 191 115 15 79 171 136 17 95 14 24 12 9 134 3 91 128 147 146 87 65 43 11 57 89 178 192 187 181 47 117 44 96 22 55 143 33 157 52 113 126 106 99 8 102 85 165 156 185 130 161 151 133 197 124 86 61 123 4 16 163 94 67 1 36 32 81 6 137 180 82 29 122 196 176 101 164 132 5 174 139 58 162 114 88 31 120 194 62 154 80 182 46 107 166 84 70 108 71 21 28 186 131 59 189 48 188 41 125 97 60 160 110 179 35 77 37 155 54 42 20 169 100 19 193 177 13 30 27 140 64 7 153
32: 214 113 149 69 212 47 223 156 155 142 191 73 176 24 169 167 92 135 218 250 251 173 295 298 247 125 66 111 137 280 4 213 278 180 236 43 62 291 165 146 197 133 195 248 52 188 157 147 123 279 283 290 267 201 182 11 196 192 120 141 235 104 131 103 98 30 31 19 76 202 87 91 7 112 233 59 158 107 57 204 287 96 294 259 243 114 219 221 297 93 2 293 78 15 179 106 244 281 49 51 116 128 97 206 190 198 38 187 86 71 10 269 68 185 6 217 60 300 5 159 143 32 37 14 53 139 172 184 42 230 100 252 181 55 117 54 220 163 177 253 140 292 80 186 94 109 258 234 101 232 168 274 84 134 272 189 199 40 286 154 261 122 285 9 216 276 256 17 210 124 61 224 50 194 277 166 265 39 46 161 41 266 153 296 99 110 171 152 121 183 211 74 170 226 45 77 229 282 260 35 118 13 148 138 67 238 245 44 1 8 132 58 56 145 136 88 115 249 102 262 254 16 105 151 271 284 25 27 48 205 178 22 20 95 82 273 270 203 288 200 242 264 246 83 130 160 207 275 23 85 263 237 65 175 215 268 239 162 144 299 3 255 119 209 231 289 208 150 174 241 228 127 126 70 75 129 108 34 79 164 36 18 225 227 21 81 64 63 26 257 12 28 240 89 222 72 90 33 193 29
33: 293 246 256 274 211 242 232 216 236 200 265 269 260 257 210 251 299 201 298 285 283 240 270 245 206 208 224 292 204 237 268 255 278 202 238 231 241 263 281 276 234 223 295 221 199 300 213 254 235 203 247 229 219 207 271 239 297 277 249 294 252 284 279 259 258 275 264 205 280 230 218 212 262 286 243 267 209 215 227 261 233 273 250 287 272 225 226 282 288 266 214 198 289 291 217 222 244 228 290 220 248 296 253 170 157 143 190 42 60 22 20 63 118 142 133 12 112 106 114 90 186 9 120 189 181 50 95 128 30 1 137 77 34 188 18 61 10 116 165 7 81 126 47 129 2 195 91 70 177 75 44 43 73 104 57 4 94 6 108 19 79 39 121 53 102 59 45 36 160 80 31 21 164 56 156 172 147 88 175 162 103 169 23 151 68 178 167 144 141 52 194 49 82 185 149 182 37 173 55 78 152 96 69 46 197 64 100 174 8 33 93 71 127 86 115 38 136 158 159 176 26 125 192 148 41 139 27 105 67 171 123 131 191 140 15 5 196 111 130 76 113 161 92 32 155 145 72 17 11 153 150 187 87 183 124 14 135 85 40 119 65 29 13 84 99 24 16 83 48 89 146 138 163 193 98 179 109 97 101 51 168 58 184 166 107 25 122 62 180 3 117 66 28 110 134 74 54 132 154 35
34: 264 41 241 181 153 132 130 68 80 121 60 183 237 45 239 288 116 174 67 23 19 10 46 191 104 77 226 275 160 291 124 298 155 82 86 11 173 292 170 71 85 107 108 163 26 54 25 164 213 128 293 144 232 38 120 66 300 16 70 193 89 8 166 199 229 27 52 53 118 2 169 238 227 30 233 34 65 263 14 36 230 9 296 189 135 56 222 42 204 175 294 94 271 205 119 63 261 72 137 284 150 114 203 171 4 131 61 48 96 47 168 161 281 262 50 221 83 100 186 270 101 103 12 196 81 201 95 43 22 154 200 176 113 75 18 256 249 102 13 219 172 78 58 250 276 141 156 242 272 211 93 236 210 279 125 265 157 277 297 243 76 87 147 228 158 248 49 64 274 98 252 280 152 258 254 140 69 244 79 187 33 165 223 151 142 59 110 32 231 266 194 257 286 7 138 267 106 167 127 197 20 133 278 159 235 190 192 208 202 90 15 28 282 3 146 73 184 299 51 126 109 273 5 105 139 31 39 115 234 188 251 88 253 206 21 29 24 245 215 57 177 117 209 285 122 259 6 178 268 129 74 289 182 99 35 185 240 149 220 216 136 217 112 198 92 212 97 84 123 290 255 179 143 207 246 218 37 295 162 55 62 260 148 17 40 111 224 283 247 269 287 91 180 145 195 134 225 1 44 214
35: 282 238 280 260 245 254 210 244 250 264 215 298 253 279 252 299 219 224 277 226 268 259 223 221 201 211 231 285 286 247 255 251 293 234 288 283 284 243 237 265 209 204 199 291 281 229 242 202 217 216 230 267 278 240 295 222 266 198 233 206 262 261 276 258 290 227 256 228 208 232 270 248 207 239 269 272 287 297 275 292 235 213 271 200 263 212 294 236 300 296 241 249 273 289 257 218 205 203 214 274 246 225 220 109 125 144 46 120 168 77 69 146 139 102 192 191 107 1 39 38 194 141 178 154 28 16 89 119 32 130 19 34 117 51 173 136 132 13 113 129 142 6 36 171 70 84 190 115 65 23 63 33 128 95 137 67 196 14 72 133 166 148 8 195 177 116 188 145 152 127 170 88 52 153 150 86 104 71 138 64 24 94 75 156 7 164 73 18 2 179 167 101 92 121 186 59 162 57 111 30 158 183 45 27 161 108 12 10 163 49 74 122 60 172 187 98 160 90 143 103 157 22 87 26 131 169 135 3 81 15 180 185 197 85 100 41 112 58 82 5 176 106 25 47 35 68 118 91 56 40 83 44 126 147 79 93 48 42 80 31 43 124 96 155 76 61 134 159 20 175 193 4 29 53 66 62 55 165 78 140 151 54 97 189 37 99 149 184 105 123 50 114 11 21 181 110 174 17 9 182
36: 262 265 213 199 254 203 218 295 289 279 274 269 244 281 222 228 233 215 290 282 229 212 249 291 252 296 220 216 255 243 239 221 267 225 280 209 298 277 246 299 231 288 205 287 261 273 214 230 297 235 253 283 263 264 234 293 268 201 240 266 256 204 285 236 219 200 223 210 237 227 292 207 232 247 208 224 206 286 245 272 259 211 242 260 217 275 270 241 257 284 202 271 226 238 278 248 294 198 251 258 300 250 276 118 180 45 165 123 103 15 14 172 115 174 154 169 152 101 125 22 71 160 144 95 34 142 136 189 21 162 56 146 79 163 74 67 26 16 12 80 1 94 92 69 132 6 157 193 161 159 117 8 53 62 124 58 164 91 30 192 167 87 29 86 177 96 52 17 72 105 111 139 83 153 135 121 185 81 191 27 151 65 4 89 168 187 23 106 5 109 100 35 149 82 2 31 40 99 156 196 54 143 59 137 60 182 51 88 90 112 18 126 175 7 76 75 98 148 24 195 197 37 11 66 129 141 10 130 181 190 68 114 63 186 50 48 36 43 171 41 194 184 127 178 176 85 116 97 13 113 20 93 134 150 9 38 155 133 138 73 173 166 39 158 47 64 131 104 110 25 140 46 19 44 3 77 49 70 55 32 147 61 33 84 120 170 78 179 128 102 108 183 28 107 188 122 119 42 57 145
37: 68 108 84 80 38 88 7 109 43 107 89 58 56 91 98 23 72 54 26 75 20 42 40 104 78 67 106 77 100 79 66 34 81 25 76 93 99 53 10 105 5 19 74 15 27 17 70 87 50 95 103 16 36 96 3 37 111 41 22 14 35 69 51 32 48 6 30 83 59 29 61 13 64 8 101 9 110 4 90 65 71 31 21 33 82 46 62 94 45 55 2 12 39 1 57 63 44 24 49 60 86 47 18 102 28 92 52 73 11 85 97 237 279 300 258 228 289 162 280 158 148 260 250 222 120 267 193 145 185 276 192 264 142 247 284 243 187 231 178 168 150 113 251 125 195 249 213 224 147 259 169 138 295 118 262 272 274 171 235 196 121 219 217 281 128 154 170 218 241 271 230 165 200 127 232 143 278 226 211 172 180 155 256 233 163 114 141 188 201 214 242 225 203 161 179 183 257 135 189 255 282 254 199 186 236 273 122 239 269 296 175 119 210 293 149 167 191 298 137 220 144 153 198 287 117 131 215 263 140 112 212 159 124 294 207 182 252 152 253 139 275 246 268 297 132 299 157 244 123 134 234 208 277 115 216 184 164 221 283 227 266 206 240 229 205 261 290 177 156 202 245 166 129 174 194 265 197 136 181 270 223 151 126 146 116 160 204 173 238 285 130 209 291 190 292 176 133 248 288 286
38: 299 201 287 255 244 276 203 199 282 239 238 284 232 220 277 233 219 258 216 237 240 234 207 228 281 289 291 200 253 249 272 222 245 241 262 212 214 257 280 295 209 246 202 292 236 204 229 217 230 247 296 231 215 223 242 300 198 221 211 274 206 210 250 243 266 260 256 261 208 218 205 290 213 288 268 224 254 286 294 267 225 259 278 285 235 273 252 271 279 297 226 298 248 270 264 227 293 265 263 275 251 269 283 165 69 30 147 137 121 91 117 189 92 160 179 116 193 172 98 43 102 55 73 13 136 157 113 145 4 155 74 3 184 87 166 65 111 132 167 39 143 146 26 63 15 156 125 131 25 5 83 54 188 56 68 150 133 31 126 107 177 88 159 158 77 16 7 105 89 97 37 57 50 67 120 130 118 181 163 17 100 40 24 183 135 29 20 187 58 64 162 60 85 42 75 140 71 191 23 76 119 161 6 141 82 176 95 32 175 70 173 12 104 90 134 33 109 66 72 8 2 9 108 186 144 174 138 110 114 180 94 14 93 128 148 45 49 178 96 122 171 34 149 124 197 19 127 151 195 123 1 103 84 38 36 51 139 46 78 154 194 101 115 53 182 10 41 192 79 35 153 170 129 142 80 27 59 18 99 86 169 22 106 47 52 185 81 21 168 152 112 164 44 28 11 48 190 61 196 62
39: 183 82 33 249 241 101 58 187 107 300 248 93 228 143 51 246 109 227 273 147 270 16 290 123 189 222 29 54 4 276 20 198 206 288 57 77 61 298 216 261 62 124 84 141 168 169 254 233 272 213 99 53 218 128 42 104 243 211 36 35 260 284 55 34 17 262 145 295 98 69 251 253 271 90 70 231 78 72 11 293 47 215 91 297 167 186 5 176 129 229 100 31 280 296 208 138 139 158 133 46 121 134 265 197 163 281 65 236 27 126 64 294 76 285 44 45 116 201 161 28 257 152 48 275 18 282 178 214 182 25 23 234 110 155 162 108 256 175 89 237 159 67 96 190 132 250 166 156 232 274 225 3 68 32 205 238 199 73 173 83 170 203 226 196 223 1 258 26 200 30 157 195 114 43 153 88 164 150 255 192 117 119 8 79 106 102 210 252 115 191 160 263 264 180 40 240 7 220 179 235 239 85 268 174 60 63 15 188 12 221 247 113 184 242 149 49 146 14 41 289 97 245 217 137 283 39 130 148 286 142 9 212 291 269 181 202 140 111 266 71 59 244 103 74 171 135 144 185 87 125 38 81 151 207 292 80 127 120 122 279 112 172 277 177 154 204 6 194 21 92 209 66 37 193 13 19 259 165 86 75 278 267 94 219 10 287 131 299 24 136 224 105 56 22 95 230 52 50 2 118
40: 102 10 73 86 74 54 57 53 98 48 17 38 66 111 109 51 100 110 7 20 88 99 50 43 61 9 49 35 82 30 12 52 75 28 45 81 103 13 65 25 41 107 89 5 4 56 68 44 62 34 70 96 77 60 64 29 19 87 24 15 36 59 47 21 108 71 23 40 55 106 8 83 104 46 14 37 58 27 69 72 22 39 18 63 2 1 79 33 11 3 91 31 85 67 32 78 16 26 97 94 6 105 95 101 76 92 42 90 93 80 84 230 178 138 154 133 288 249 184 196 201 222 243 165 131 122 128 221 167 164 234 118 155 210 150 290 220 166 276 293 225 298 205 215 139 204 246 244 292 161 175 179 180 208 112 253 286 271 143 217 207 268 264 251 123 228 114 229 157 261 145 168 189 151 198 218 300 278 199 267 159 172 124 280 236 202 247 176 162 235 233 266 274 238 171 239 147 115 254 213 299 134 224 277 272 182 285 242 148 160 127 170 226 291 113 248 156 146 137 281 227 153 289 174 255 140 125 214 136 232 273 240 231 203 120 209 188 284 142 296 144 252 257 185 181 270 190 265 187 152 241 297 186 269 116 216 132 141 126 119 183 219 197 256 135 282 193 158 295 200 262 191 212 117 237 130 245 211 263 121 294 195 194 206 129 275 250 177 287 173 163 258 283 279 223 259 192 149 169 260
41: 199 185 219 263 119 38 288 290 274 2 55 220 1 286 211 96 276 28 29 275 283 47 112 76 20 64 154 48 253 124 180 176 3 170 165 31 79 167 228 153 113 226 123 281 46 148 98 169 110 221 191 246 17 277 273 78 168 261 208 102 158 240 204 24 133 171 85 146 252 51 189 142 163 94 30 116 32 293 295 203 73 233 269 82 150 247 8 132 173 10 172 101 187 117 242 280 260 164 89 197 62 230 81 58 193 140 214 135 215 270 272 238 258 183 34 43 152 139 255 129 92 25 126 147 229 200 108 143 155 178 232 121 212 243 4 111 9 70 54 259 42 67 115 207 179 213 250 66 264 234 241 11 182 134 205 23 69 19 279 14 188 56 71 22 174 162 292 83 224 65 7 299 285 289 131 80 291 95 210 118 237 87 122 225 145 245 206 159 300 251 257 248 184 16 128 72 201 114 268 192 45 75 39 61 254 190 103 84 15 160 26 57 90 52 216 109 267 37 271 127 107 166 186 86 93 209 33 181 125 157 41 151 266 77 244 141 227 218 235 144 231 177 236 222 278 63 198 282 161 44 74 105 99 137 136 27 130 294 296 21 6 104 59 36 175 196 49 298 35 97 265 195 53 256 223 194 13 239 217 100 297 12 287 284 68 120 18 249 149 91 50 106 262 60 40 138 5 156 88 202
42: 238 169 103 102 279 241 10 225 251 182 66 274 165 261 41 71 252 125 203 282 207 68 27 233 243 144 4 147 138 160 24 195 253 293 181 119 89 206 84 16 194 164 74 122 151 77 176 51 126 297 90 78 63 93 170 149 72 21 133 221 172 23 197 98 150 141 52 43 35 173 299 276 154 248 127 200 87 258 227 25 67 239 180 70 292 215 222 219 191 186 8 204 60 285 155 175 143 111 15 120 284 236 96 270 229 14 48 50 137 145 124 178 79 42 83 244 97 249 33 266 128 255 20 11 158 168 81 185 280 159 80 64 250 6 246 57 58 61 22 94 224 106 188 245 240 287 202 113 76 36 257 116 205 99 110 28 148 54 198 167 271 277 161 273 211 183 65 134 192 39 9 140 32 104 95 109 256 201 2 47 85 101 5 53 129 112 88 40 291 91 152 267 139 115 117 163 162 264 189 157 210 208 213 290 272 13 209 156 114 17 105 177 254 18 56 171 218 231 294 237 286 55 232 223 86 26 234 220 230 296 275 62 7 29 123 31 214 118 30 242 49 179 247 153 283 196 132 184 69 108 300 142 190 193 295 265 121 38 235 217 59 187 45 75 136 92 289 281 174 19 263 130 228 82 44 166 107 260 34 216 131 278 259 135 46 269 100 1 298 199 146 12 37 73 3 212 268 226 288 262
43: 289 283 295 220 211 203 248 252 297 287 268 230 218 237 275 282 239 236 217 267 222 290 253 208 274 246 245 241 281 226 284 213 227 243 273 233 229 200 235 204 214 260 272 225 269 219 242 247 280 238 212 228 254 255 291 216 271 277 276 256 278 259 223 207 198 240 231 293 262 205 258 244 270 251 298 209 202 234 286 224 294 257 201 261 199 265 292 299 263 296 300 288 210 250 264 221 266 249 279 215 232 206 285 76 93 131 88 81 18 109 118 97 39 150 133 98 4 44 53 59 96 71 57 84 42 153 8 3 193 164 83 185 127 61 151 169 90 23 60 154 99 123 166 152 95 11 167 148 192 9 158 163 124 145 135 82 35 175 67 116 65 179 171 31 51 52 165 70 140 122 162 184 56 43 104 142 66 2 144 139 117 156 62 5 177 16 14 47 80 55 32 77 13 170 50 195 102 54 27 160 7 21 176 30 155 38 94 115 92 186 168 180 34 194 125 188 68 146 147 178 190 110 41 36 78 19 37 58 75 126 100 187 134 183 86 196 85 25 105 132 111 136 157 74 91 15 89 17 33 141 10 106 73 63 143 12 121 29 1 174 119 103 26 173 130 87 128 107 181 172 112 197 161 69 138 113 114 149 137 182 129 40 48 79 46 64 72 120 191 159 6 22 189 49 45 108 24 101 20 28
44: 281 222 226 291 239 251 199 253 288 263 297 238 266 296 211 208 256 272 282 258 235 228 212 218 284 268 240 246 217 279 201 261 274 270 276 292 287 209 241 285 294 215 221 210 203 283 250 236 223 260 204 202 290 249 277 200 278 286 234 220 230 243 293 271 255 257 280 265 259 252 267 225 233 219 273 245 232 213 247 300 254 229 269 205 224 295 289 207 206 298 244 231 214 242 248 264 216 262 237 227 299 198 275 53 15 102 38 179 188 196 189 24 56 17 117 176 8 167 19 129 95 89 23 170 67 60 29 13 180 82 39 144 110 191 164 70 166 75 54 46 137 138 154 195 192 59 93 121 161 36 147 85 28 79 174 178 103 127 68 162 157 77 80 27 20 133 87 160 33 175 115 74 124 197 132 63 171 153 41 35 2 105 194 141 193 96 5 135 25 143 151 88 48 149 184 52 187 43 81 98 140 50 42 83 113 91 84 73 66 119 134 6 44 101 3 131 165 112 130 26 22 58 12 10 155 181 182 156 120 9 78 34 72 104 177 172 14 173 64 49 142 94 21 99 92 65 186 108 86 128 30 136 145 116 158 100 16 18 106 159 61 4 122 139 183 62 32 37 185 51 109 111 107 45 31 146 47 148 76 118 57 168 97 90 152 55 125 71 69 126 169 7 1 11 190 40 163 150 114 123
45: 256 272 203 279 288 222 219 283 300 235 257 282 224 205 230 255 215 290 209 253 241 297 229 280 234 291 260 201 273 277 263 242 268 214 240 207 299 281 294 266 200 232 276 248 287 244 247 270 220 211 254 298 238 204 289 198 199 286 208 236 285 223 265 267 261 216 269 250 245 221 271 206 228 264 275 284 259 296 226 212 218 225 252 210 292 293 243 231 274 278 295 251 237 202 213 246 262 258 233 227 249 239 217 91 20 136 121 55 34 189 64 104 79 13 114 107 7 140 97 145 158 195 16 184 187 110 83 45 29 191 26 112 92 35 67 146 196 115 179 116 69 157 194 30 192 81 21 156 117 159 138 40 80 163 134 162 73 172 127 51 170 3 141 54 14 131 180 37 142 87 6 32 167 15 75 165 135 46 56 61 188 31 98 105 8 49 2 101 129 60 39 89 126 183 190 41 128 96 84 33 168 9 149 95 5 58 164 161 17 178 151 19 118 119 174 23 103 147 1 11 132 102 99 155 181 122 144 42 70 59 175 63 130 100 88 71 28 173 57 62 153 111 152 52 123 139 125 176 143 25 124 48 148 150 44 120 133 197 182 77 68 74 38 24 166 169 12 85 108 10 76 53 27 66 50 4 36 18 177 154 47 65 90 93 22 78 82 72 193 185 160 171 43 137 94 106 186 113 109 86
46: 193 113 187 152 118 130 159 169 140 176 147 191 136 142 163 166 156 178 184 115 135 127 196 192 155 172 149 174 175 188 137 186 144 125 148 170 189 120 157 141 168 160 123 177 139 195 124 119 153 162 143 145 165 179 121 194 116 138 122 132 154 158 117 197 180 182 185 161 150 164 128 146 126 129 183 131 134 171 181 167 173 112 133 151 190 114 223 212 206 286 80 264 277 76 55 208 89 252 229 83 51 213 211 77 65 69 60 32 27 86 105 108 92 258 242 4 96 210 85 270 293 276 262 287 233 23 94 2 47 224 298 7 100 25 219 42 198 228 19 260 280 78 216 259 281 15 266 63 107 59 93 81 231 34 269 67 205 84 10 221 257 289 249 232 267 244 21 246 58 237 285 263 236 48 256 295 28 37 43 265 3 209 74 36 282 57 215 292 273 300 72 268 225 14 283 110 54 250 102 31 61 52 230 91 38 44 203 88 20 70 68 240 220 274 41 22 50 87 226 255 271 235 46 218 73 79 227 16 207 243 106 297 272 299 95 11 1 284 64 45 90 13 279 53 18 82 296 248 275 261 98 103 199 26 66 75 109 290 294 288 234 202 17 49 238 97 71 56 40 253 251 200 99 33 35 6 291 24 12 104 241 222 5 278 247 9 101 30 201 204 29 39 111 239 8 214 217 62 245 254
47: 82 91 19 94 69 217 265 220 120 167 138 264 104 62 115 10 239 27 218 47 240 293 142 280 245 18 234 290 224 88 134 117 221 140 181 31 14 35 291 281 49 40 194 71 48 43 157 267 219 74 59 296 255 285 297 111 214 52 22 2 232 103 32 102 125 226 241 38 90 279 197 225 256 131 198 180 67 89 192 193 260 243 46 165 248 216 8 112 196 121 116 98 12 29 21 236 258 164 300 277 26 7 211 254 150 223 126 100 175 61 213 201 3 105 30 185 205 195 118 215 101 145 66 96 23 170 202 135 184 183 235 76 242 159 36 231 272 249 92 6 97 80 149 266 161 230 155 146 147 9 13 57 286 247 136 298 294 15 28 179 168 113 154 156 188 20 55 75 284 95 282 152 262 160 73 238 54 209 133 109 99 271 166 137 261 45 227 78 124 60 114 122 206 108 24 186 203 174 53 148 270 110 182 39 228 123 289 292 233 44 259 269 251 299 4 151 50 263 132 222 275 81 190 162 169 283 212 33 34 139 246 11 171 257 158 16 128 83 208 207 143 51 253 72 68 288 200 85 42 268 1 130 25 187 274 172 191 178 77 204 237 87 64 5 79 106 41 37 84 107 176 173 17 153 163 58 252 250 229 189 244 70 129 86 276 119 63 177 56 127 295 93 287 273 141 144 278 65 210 199
48: 221 173 176 219 169 135 65 242 245 170 102 223 31 100 59 236 244 258 39 106 248 114 227 152 283 9 156 1 158 95 26 209 130 298 292 188 241 33 220 185 124 20 231 273 193 123 89 56 118 27 155 162 293 178 64 116 269 32 232 107 92 61 275 218 199 198 101 279 119 139 11 17 62 251 88 21 10 30 24 141 50 196 207 294 191 160 247 230 215 222 164 186 46 63 267 266 252 76 109 98 250 192 93 261 280 58 180 13 110 121 57 54 117 183 14 73 253 34 112 41 202 197 299 240 249 172 146 234 51 140 12 40 179 77 84 260 264 71 243 18 213 80 237 171 270 111 137 134 99 104 145 203 300 113 235 53 181 200 60 126 7 15 122 187 86 45 214 205 142 70 211 282 204 29 125 38 157 175 184 25 87 97 82 120 277 129 85 288 42 285 254 52 287 212 238 90 182 4 255 281 208 259 228 3 96 48 278 23 94 68 150 154 49 144 291 167 47 44 276 256 128 115 195 297 81 91 83 66 206 6 131 22 74 262 136 35 79 177 163 216 265 289 147 75 226 159 132 257 43 161 284 78 143 37 268 168 272 108 224 286 148 69 67 194 233 246 138 16 133 239 103 263 55 28 72 19 201 296 166 174 127 189 274 8 153 290 36 225 5 2 165 229 271 217 151 149 105 190 210 295
49: 200 297 245 270 255 249 236 283 278 219 299 280 223 229 203 287 250 254 201 259 263 240 242 275 264 220 216 204 218 199 276 239 230 252 227 210 265 293 237 279 212 207 295 235 215 256 202 291 300 274 228 224 266 238 267 246 262 231 226 225 281 296 260 211 241 251 282 290 213 206 205 261 198 244 286 248 233 221 272 247 298 268 277 292 208 269 289 234 285 284 214 243 258 257 253 217 222 271 209 294 232 288 273 29 134 8 119 14 137 13 156 101 131 189 169 172 25 87 141 36 190 48 178 86 97 96 27 32 127 24 21 33 150 157 9 102 53 61 38 147 88 194 79 82 28 146 129 174 126 57 166 58 191 125 94 186 59 110 74 7 47 78 4 144 182 152 167 143 135 11 112 45 73 69 52 113 184 185 128 151 181 72 10 46 176 50 68 49 77 123 64 93 75 67 159 120 37 149 55 183 41 115 5 83 118 153 26 81 109 39 16 171 105 6 103 34 107 80 140 43 91 71 60 196 95 44 124 122 168 114 90 132 98 155 177 3 89 23 62 195 12 31 17 138 76 15 193 99 145 70 170 63 158 111 100 139 180 136 30 163 117 66 18 20 121 162 19 160 35 65 1 188 2 22 179 42 130 165 161 40 148 54 92 197 192 154 84 133 116 164 108 187 173 104 142 51 56 85 106 175
50: 86 31 59 39 91 74 1 18 103 62 54 37 64 108 88 111 56 7 4 10 68 98 90 11 66 96 106 14 95 110 45 48 52 83 51 36 16 25 5 55 26 44 107 3 30 89 27 61 99 57 81 41 69 84 15 21 8 58 49 75 47 92 65 20 29 24 42 85 72 23 53 77 79 70 100 73 80 94 109 60 82 105 104 97 12 38 63 78 22 87 9 76 33 101 19 17 50 67 93 2 6 46 43 34 28 13 71 35 32 40 102 157 112 300 121 193 292 143 180 128 249 217 233 283 173 165 213 265 115 206 229 200 123 131 285 140 234 259 252 194 113 175 256 130 248 141 284 161 192 246 201 258 191 239 240 182 276 205 245 172 159 164 247 147 196 243 125 296 255 149 298 153 226 118 135 137 269 132 260 202 168 208 120 231 142 299 287 218 212 207 262 293 250 227 188 232 275 146 290 114 225 294 184 144 220 158 124 203 288 257 297 204 169 235 129 211 271 291 230 199 210 126 183 195 264 116 189 134 152 136 279 278 179 215 145 166 223 219 186 274 177 209 267 127 148 155 242 238 133 266 178 263 156 162 286 261 282 253 222 224 221 244 187 228 268 241 185 163 170 272 281 251 117 150 151 214 273 289 119 190 139 237 167 216 236 254 176 174 160 138 295 197 154 181 280 270 277 122 198 171
51: 177 135 166 175 139 179 188 136 152 184 180 123 117 130 112 163 160 182 150 148 195 154 114 192 183 118 156 164 122 176 145 165 173 162 131 186 185 170 197 153 171 137 127 115 174 187 138 196 191 133 140 134 161 190 194 141 151 125 120 132 142 113 157 181 193 189 168 119 146 169 128 126 121 124 155 158 144 167 149 143 147 129 159 116 178 172 42 252 209 270 207 249 200 265 291 109 236 274 74 220 72 110 264 268 50 198 77 276 296 96 254 44 81 90 277 93 105 293 267 245 53 202 275 224 75 24 98 19 226 80 285 289 208 64 60 237 82 215 256 35 99 279 263 4 228 287 66 13 203 111 76 17 213 23 240 65 2 27 1 11 299 63 29 20 37 34 43 234 83 3 18 278 221 201 281 25 107 286 210 91 62 219 28 10 292 266 261 229 108 242 45 230 238 205 255 288 39 95 273 70 212 199 97 49 233 52 100 103 225 298 47 7 89 300 297 21 222 69 41 247 290 32 46 87 258 280 55 284 269 239 48 56 33 104 51 227 101 271 54 38 257 294 241 85 295 217 86 216 214 36 79 223 250 5 244 61 68 26 206 8 73 94 84 57 15 88 283 67 59 232 262 12 204 102 22 31 251 30 9 71 246 235 14 16 260 243 248 6 231 211 282 106 78 272 218 259 40 58 92 253
52: 117 132 148 162 171 161 181 141 189 185 115 159 183 151 129 180 128 197 133 156 196 175 119 118 170 123 167 125 116 193 190 120 186 154 147 134 121 178 187 140 153 179 122 188 149 169 130 127 160 173 184 166 142 177 176 124 112 163 136 182 113 157 194 146 145 195 114 135 164 192 126 174 158 168 131 172 137 191 155 138 152 144 139 165 143 150 245 286 274 268 39 83 280 23 44 215 291 227 222 36 87 28 80 252 297 25 110 68 63 75 31 37 82 92 86 271 38 59 34 33 10 220 14 277 24 260 12 106 238 13 11 234 90 275 233 285 211 47 257 94 16 263 66 72 101 244 53 84 6 64 205 54 267 241 294 65 236 78 201 22 85 209 254 9 226 210 235 264 108 93 199 20 266 2 265 288 97 96 213 43 18 300 207 287 70 74 88 269 256 242 99 91 41 3 240 109 206 30 261 81 71 102 46 103 237 4 212 273 248 214 296 200 198 29 61 293 218 77 21 104 73 107 62 60 40 262 5 45 232 249 17 79 290 204 250 229 279 282 283 246 1 239 217 105 276 7 225 251 223 19 278 292 8 67 76 203 15 69 258 247 281 58 56 284 57 272 243 270 52 26 253 48 255 216 299 231 32 27 230 111 221 95 298 289 55 89 100 98 259 208 50 295 202 42 35 219 224 228 49 51
53: 279 263 287 139 285 96 249 114 16 256 142 221 100 137 81 21 110 154 180 87 196 143 162 170 8 117 222 182 211 156 150 24 272 37 289 206 7 52 219 64 245 286 274 239 193 44 244 23 105 3 131 146 111 71 298 48 282 73 269 66 231 135 1 160 14 127 34 260 224 233 241 140 220 95 132 109 30 58 236 165 178 267 234 9 218 225 277 82 230 243 205 54 164 152 32 250 197 213 25 259 80 138 145 133 51 50 56 266 199 49 76 2 296 179 273 141 40 108 118 238 254 115 104 41 70 299 237 172 99 295 262 113 69 12 98 35 300 134 72 19 159 200 198 62 147 288 209 208 265 168 130 38 280 210 101 240 215 166 188 268 11 217 184 129 65 67 291 149 242 77 281 36 294 120 60 61 151 119 229 107 216 29 195 27 17 191 203 31 258 94 5 261 63 293 251 257 39 6 247 88 90 192 190 171 26 228 189 10 13 153 157 173 103 227 45 28 15 92 212 106 175 235 46 278 187 47 112 84 161 33 18 55 194 226 102 155 204 232 75 79 174 128 248 86 122 158 177 125 123 201 163 144 78 148 185 292 252 85 74 53 207 22 284 176 255 136 167 202 126 83 124 253 275 116 246 223 214 181 186 93 264 68 276 20 183 169 271 91 57 97 290 89 297 283 270 59 42 43 121 4
54: 92 239 215 159 247 186 21 29 213 85 258 188 34 60 167 132 217 15 54 284 40 140 141 13 90 264 87 282 162 95 180 142 253 116 211 145 10 100 129 43 128 191 166 94 190 292 271 270 113 274 135 36 280 235 75 226 255 58 194 63 131 202 256 47 125 57 66 172 49 155 291 257 46 299 275 269 207 2 173 272 77 254 137 38 24 222 146 281 262 8 220 81 230 17 205 278 62 196 134 117 65 138 233 223 7 238 98 45 79 112 236 144 228 11 69 285 56 84 219 39 143 204 123 16 189 261 245 89 165 266 91 61 96 52 50 127 4 97 80 294 118 195 72 32 158 209 154 147 150 44 103 122 151 157 70 110 249 33 86 267 241 178 169 35 20 179 286 287 184 153 74 139 198 71 295 203 168 108 170 293 78 187 176 124 177 161 242 224 28 263 41 227 130 115 276 231 114 107 216 252 19 234 206 5 296 237 82 171 290 31 136 200 197 265 26 76 248 88 120 212 18 174 104 99 225 111 232 37 12 119 268 14 59 30 67 298 181 55 48 193 289 218 160 1 22 244 64 214 27 240 246 201 273 73 126 106 210 101 93 121 183 251 175 300 53 156 192 163 208 6 51 229 149 283 83 277 164 152 25 42 182 9 199 105 133 279 243 259 288 23 185 221 297 102 148 260 250 3 109 68
55: 253 258 257 242 209 279 294 212 238 282 280 236 274 241 261 265 237 283 225 228 246 293 290 231 281 264 229 223 235 276 262 256 214 289 234 277 254 226 278 295 244 224 292 291 266 251 300 250 217 275 218 288 259 267 215 206 285 286 205 208 211 245 269 232 198 219 239 202 222 252 296 199 210 268 207 216 221 243 240 233 271 248 203 213 247 297 204 220 270 287 227 272 230 284 249 273 298 299 263 200 201 260 255 166 38 17 134 193 64 54 3 62 97 20 80 78 124 72 195 26 76 112 89 5 143 131 180 25 46 149 197 92 99 104 179 52 49 187 182 121 42 19 60 61 14 158 2 95 44 7 45 116 141 155 118 165 1 163 18 10 41 127 175 4 36 173 48 190 145 56 27 107 35 169 189 67 168 103 102 181 183 29 57 186 6 192 83 94 28 55 75 70 126 174 108 132 188 160 171 115 139 136 50 146 191 79 9 109 156 53 24 16 69 74 125 122 39 177 63 11 32 51 13 147 194 47 135 142 34 151 30 91 22 73 178 117 90 172 184 100 113 71 176 101 120 137 21 138 31 133 111 58 8 144 162 106 12 157 81 161 140 59 93 15 33 66 170 43 164 128 96 86 88 68 40 23 114 87 85 119 150 77 130 84 129 110 123 105 98 37 82 153 196 159 152 167 65 148 154 185
56: 136 179 188 137 129 123 146 187 130 119 126 166 113 145 152 151 142 135 197 138 167 114 112 186 139 184 177 161 143 194 118 128 193 141 158 159 164 180 169 156 134 149 192 168 154 115 178 116 173 160 162 132 170 163 185 120 182 125 181 171 124 165 190 127 175 191 183 189 122 195 172 196 117 148 147 157 121 153 131 174 176 144 155 150 133 140 271 74 102 226 52 86 100 78 7 291 235 205 108 79 286 27 61 66 72 84 35 11 252 199 253 258 104 228 261 62 246 245 81 65 230 243 26 91 231 294 20 89 49 93 15 216 225 233 97 110 206 82 257 247 45 95 277 67 215 255 256 53 276 88 69 284 54 2 87 238 239 36 83 94 109 71 101 105 25 237 103 297 270 263 221 3 272 288 76 41 85 242 223 274 46 40 70 198 68 296 227 39 30 75 64 203 8 73 264 236 293 58 218 29 212 234 34 98 59 210 251 273 211 207 5 56 254 208 31 202 37 295 9 280 224 12 57 1 43 23 279 282 248 275 300 260 6 232 106 290 44 240 204 269 213 200 267 292 99 249 220 229 90 51 32 55 283 28 4 285 22 38 80 48 60 217 21 268 219 10 298 259 244 42 281 214 92 16 278 24 250 63 201 287 289 222 111 50 77 265 262 14 33 17 13 241 107 47 209 96 18 299 266 19
57: 149 188 119 171 113 117 120 173 178 186 124 168 196 179 129 127 182 160 139 140 180 190 126 131 161 122 123 156 195 137 145 158 125 177 175 181 187 134 183 163 197 121 167 194 189 128 142 144 130 166 114 193 116 154 191 162 172 174 164 192 147 153 184 132 115 152 150 143 112 141 138 146 176 118 135 136 170 157 169 151 148 155 159 185 165 133 19 68 224 275 67 99 300 235 266 24 229 234 56 298 10 48 244 289 291 211 217 292 267 53 274 17 73 200 36 273 215 4 74 245 111 204 213 110 43 69 285 284 280 27 241 61 1 94 212 54 30 42 236 222 106 34 12 59 22 268 256 199 201 40 66 77 261 109 250 60 16 35 198 72 233 37 44 252 93 221 238 13 225 15 216 80 20 2 278 270 45 294 52 299 96 214 65 57 246 264 253 226 239 83 91 23 218 79 242 205 209 82 46 103 7 39 272 25 86 104 290 97 63 78 90 95 296 223 41 297 76 237 276 102 286 279 29 281 21 203 208 28 75 58 33 18 255 228 55 108 89 202 295 293 47 240 100 243 263 220 207 38 277 230 8 219 251 107 259 26 9 210 232 11 231 262 249 92 260 269 32 14 3 31 85 62 206 5 287 87 88 84 265 257 49 81 283 247 271 50 258 282 288 71 98 51 101 6 64 105 254 248 227 70
58: 262 239 251 284 218 300 209 214 232 264 199 221 248 250 263 281 244 231 230 201 299 253 290 225 294 238 289 235 296 216 272 273 270 226 203 222 198 295 260 245 254 213 236 291 243 242 211 283 287 277 275 292 261 219 207 257 288 286 266 293 252 279 259 204 256 240 228 246 212 229 220 200 234 210 258 278 224 205 208 297 227 274 265 271 282 247 285 233 268 280 255 269 206 241 276 298 217 237 267 215 223 249 202 187 79 130 31 134 46 97 47 119 181 114 157 72 9 192 135 190 137 22 116 16 175 145 169 126 167 149 52 159 48 188 24 162 108 85 39 143 180 117 142 53 100 14 110 154 32 80 78 196 65 17 107 34 1 11 141 151 6 101 3 82 105 15 153 184 86 128 62 84 112 33 150 168 189 93 124 49 50 127 174 146 191 194 61 2 115 164 156 7 20 59 139 45 90 68 67 132 57 176 125 19 96 12 148 56 60 55 197 179 28 64 99 113 183 92 21 129 165 87 121 43 74 118 104 4 70 147 29 171 30 186 136 94 123 91 155 36 38 75 77 163 26 54 8 131 103 18 10 172 76 144 182 138 177 88 140 63 102 41 173 25 23 5 185 27 133 66 44 13 37 195 166 161 152 73 69 42 170 81 122 35 111 83 120 193 95 51 109 178 158 160 58 89 40 71 98 106
59: 176 185 128 129 144 121 197 136 196 160 154 148 145 184 122 119 116 147 171 186 191 150 164 153 170 125 155 127 124 135 113 139 166 167 165 177 190 141 112 193 126 192 115 183 161 117 178 131 194 156 143 158 149 132 172 195 163 146 134 130 118 142 175 179 152 182 174 123 151 157 138 140 187 159 114 168 173 133 169 180 188 162 181 137 120 189 289 29 45 211 270 54 23 78 56 98 46 244 22 19 202 298 263 249 109 75 240 225 226 84 208 214 111 85 97 30 49 74 42 207 26 35 102 1 299 50 48 256 73 34 255 64 91 265 58 213 57 203 88 99 37 31 52 9 32 199 246 51 2 25 4 14 89 280 284 33 254 273 210 71 248 201 228 221 72 274 38 268 300 234 101 105 245 252 239 104 269 82 215 16 230 260 7 28 27 18 80 283 3 108 257 212 285 69 204 223 92 294 261 12 277 267 81 218 77 20 216 60 209 219 282 220 107 233 76 8 10 286 79 53 6 275 287 293 36 106 237 236 95 24 44 61 262 5 224 55 205 242 278 291 68 271 241 90 70 253 86 250 232 292 83 96 222 290 227 63 110 258 94 100 238 87 200 296 65 259 40 13 231 66 93 103 297 21 272 11 243 39 206 235 295 247 251 59 41 15 17 47 62 279 266 217 281 276 198 264 229 288 67 43
60: 63 93 67 29 91 15 76 98 107 105 90 82 97 75 66 77 49 101 6 73 43 24 48 47 79 95 68 5 36 51 4 87 70 94 54 111 46 72 84 27 41 22 86 18 28 81 23 8 57 34 104 16 3 53 11 26 40 10 71 103 33 31 19 13 78 69 45 89 80 62 110 58 38 7 35 100 64 108 9 85 12 109 74 59 92 106 99 96 83 60 30 102 21 39 2 88 52 20 61 50 37 17 25 1 44 42 32 65 56 14 55 251 287 207 159 256 213 184 164 136 229 177 169 163 268 278 141 216 296 269 115 189 237 204 217 128 262 129 219 202 174 132 210 223 212 191 239 271 294 248 280 220 112 143 249 245 176 157 155 161 289 274 243 188 295 253 124 297 263 179 190 260 197 277 227 283 275 185 247 235 228 152 158 203 131 264 266 211 270 226 230 146 242 250 257 126 258 167 281 172 142 199 291 273 292 117 114 298 196 261 241 168 299 125 265 272 135 194 113 121 118 138 154 193 148 150 156 236 240 180 222 139 293 221 192 198 232 140 254 285 214 231 255 144 151 127 201 200 286 181 120 206 116 244 145 224 147 130 162 300 282 288 195 160 233 122 259 284 149 186 119 183 205 252 208 187 165 175 225 279 173 246 238 137 215 133 276 134 153 218 171 234 166 170 178 209 123 182 290 267
61: 54 53 34 108 83 61 101 30 109 56 90 80 104 40 15 20 95 63 43 42 9 59 49 73 57 87 29 65 85 12 17 35 52 25 44 47 1 51 107 97 75 68 103 6 33 5 64 4 38 79 60 22 94 27 92 102 7 106 84 72 2 96 37 11 41 98 24 58 70 99 36 67 50 14 77 48 71 32 74 100 21 76 3 16 111 19 105 91 110 18 89 31 86 23 62 78 88 13 55 82 10 26 93 45 66 39 81 69 28 8 46 123 213 150 182 187 223 260 152 229 238 240 271 222 140 296 120 268 173 154 178 112 199 291 287 241 151 245 181 132 149 206 125 176 249 239 137 205 224 251 276 256 282 138 221 177 225 210 230 159 274 196 189 167 133 215 201 183 113 130 146 286 129 144 122 131 258 270 244 297 126 236 262 211 145 179 170 272 117 143 153 232 156 281 195 259 168 197 147 298 216 273 175 174 246 135 202 193 204 142 207 247 214 141 136 269 255 128 295 219 248 242 124 171 208 164 191 198 289 218 284 226 299 166 264 234 209 235 184 115 237 253 265 243 188 161 261 192 186 285 254 194 233 220 252 267 257 266 200 231 279 127 114 250 155 263 293 157 116 203 294 292 158 300 160 278 172 118 227 190 280 275 121 180 163 288 228 290 139 148 277 119 169 162 185 165 283 212 134 217
62: 297 126 14 208 166 157 220 1 293 162 271 158 141 195 152 172 108 254 132 9 237 292 86 214 111 299 113 94 241 274 36 287 196 143 119 48 106 142 125 100 289 221 39 258 22 42 101 224 80 13 223 78 41 209 280 30 116 272 153 171 281 256 233 226 81 154 177 20 72 189 144 156 232 197 236 96 277 198 205 247 23 5 188 200 11 35 26 114 19 133 257 8 286 270 266 138 252 169 147 55 176 218 43 37 291 44 40 145 161 32 199 77 217 97 109 238 87 215 181 60 212 268 230 244 164 298 251 296 146 110 17 150 275 93 57 118 165 235 102 112 182 140 264 63 58 4 263 278 64 285 175 15 54 260 248 259 216 25 47 300 207 131 245 222 104 283 128 262 265 74 134 160 70 85 179 246 137 202 33 103 149 213 151 250 185 261 98 120 92 117 82 276 68 84 229 227 105 187 2 288 6 163 65 75 255 61 239 201 249 219 16 210 34 279 127 99 136 173 139 170 148 240 242 66 71 186 56 194 59 159 124 69 204 191 290 282 49 24 115 135 12 3 206 231 121 174 183 190 178 95 27 46 243 51 123 294 21 211 129 267 45 284 168 184 193 88 10 234 122 192 73 50 107 53 295 155 18 31 52 203 228 91 269 89 130 83 225 29 7 180 253 90 273 28 62 79 167 67 76 38
63: 255 87 190 260 296 13 44 145 212 249 74 278 156 6 101 289 129 65 127 293 40 287 285 276 173 232 53 146 81 46 11 29 297 279 259 118 154 9 194 78 95 21 15 131 223 283 51 71 176 84 182 12 2 226 26 204 191 266 38 238 114 261 222 299 3 167 206 230 121 281 214 248 113 107 105 196 42 138 86 264 28 30 265 103 133 134 159 160 143 177 277 251 117 8 272 130 108 210 225 119 258 242 147 224 43 228 175 39 247 111 211 79 188 135 250 195 179 252 245 57 18 200 16 271 76 189 1 132 23 253 295 153 32 64 128 102 294 36 163 35 99 246 205 183 68 27 110 83 50 174 181 124 262 282 234 25 291 22 162 231 7 58 192 123 49 115 180 89 47 126 97 151 91 155 94 193 280 72 184 161 209 60 100 157 198 85 220 290 4 10 213 148 54 122 286 48 208 93 82 88 67 227 172 274 37 106 233 152 229 201 149 221 275 92 19 77 5 104 186 33 256 140 235 158 66 80 73 216 199 70 273 45 197 165 144 257 31 142 109 120 203 240 52 267 56 20 164 69 98 284 187 254 219 14 185 90 55 139 171 263 170 236 237 166 202 243 244 34 112 75 63 150 169 215 136 239 268 241 24 137 96 61 178 270 141 218 298 217 59 62 292 17 288 41 125 207 300 116 269 168
64: 153 283 273 203 91 241 180 76 20 139 177 63 35 8 42 204 193 192 90 222 86 88 82 154 212 287 132 124 292 266 207 171 219 57 103 12 147 141 98 280 54 277 72 136 117 215 300 202 29 239 66 5 62 232 36 209 129 92 246 121 197 244 167 128 161 237 115 276 133 97 126 199 99 169 145 2 43 248 181 100 286 30 166 78 50 164 33 127 134 191 53 108 285 10 206 102 140 165 150 41 299 143 146 173 27 120 270 111 201 254 195 56 251 242 163 21 11 9 107 208 3 289 119 262 229 182 85 220 24 224 216 17 255 268 83 22 194 109 250 38 89 130 279 104 275 296 259 155 87 260 25 14 138 225 152 34 135 257 151 264 221 114 75 94 61 123 210 189 184 74 249 106 95 272 44 16 211 290 295 253 55 234 269 186 188 185 122 18 149 159 172 183 278 160 158 233 228 217 49 93 64 227 157 226 144 7 205 281 179 294 170 267 59 68 240 247 79 263 28 238 51 84 174 176 271 47 265 297 200 39 4 52 96 73 58 284 125 1 288 223 19 70 162 196 65 252 261 67 293 81 282 113 298 231 175 168 258 31 218 214 256 13 243 48 15 230 69 60 6 32 46 112 190 26 148 198 291 137 118 187 274 236 105 178 213 37 40 71 131 245 110 142 235 116 101 77 23 80 45 156
65: 114 116 67 45 262 30 185 139 50 154 227 115 4 152 122 118 145 283 180 255 164 44 219 254 49 250 99 202 157 267 153 58 147 85 31 23 155 238 159 165 150 278 243 225 9 280 184 210 218 158 186 197 235 25 183 124 269 91 96 36 112 268 168 148 275 141 297 129 272 144 59 292 131 279 171 107 300 38 60 203 196 15 295 32 5 41 298 119 3 176 217 160 65 166 143 264 113 175 270 28 229 224 132 172 237 43 215 79 251 90 104 177 228 54 52 199 29 208 170 35 22 93 61 84 68 296 285 291 74 6 117 261 24 13 130 246 86 14 271 109 287 248 10 174 72 253 247 16 105 26 187 231 34 27 66 214 77 110 140 195 81 249 245 191 37 64 189 97 19 213 48 240 220 151 290 266 209 137 134 221 40 265 69 78 188 233 277 101 47 192 136 182 149 299 106 57 190 200 161 89 95 179 126 162 163 56 18 125 63 83 204 252 232 289 241 258 94 80 223 33 169 70 244 127 102 236 39 111 294 259 226 103 211 12 274 216 8 135 230 142 193 206 21 138 212 173 181 11 281 194 156 92 128 121 120 178 286 75 288 62 46 273 55 108 276 123 100 71 2 98 1 257 234 293 76 133 73 42 17 284 201 82 87 198 146 256 51 239 53 282 205 222 7 263 20 260 167 88 207 242
66: 22 149 276 18 30 215 229 53 107 240 226 290 269 185 216 221 154 118 188 225 37 114 77 192 200 99 275 181 29 184 40 2 85 163 145 75 197 80 168 87 76 245 115 83 211 257 224 206 223 218 71 248 116 158 90 171 63 243 45 219 133 110 138 208 59 300 296 129 97 64 136 247 205 10 167 289 155 292 126 234 231 141 281 233 258 213 201 207 21 144 94 31 52 217 25 6 142 263 60 198 39 180 255 92 204 89 177 153 238 62 199 203 131 157 195 252 132 279 58 26 49 56 125 244 164 286 111 57 78 47 220 123 299 293 159 34 140 182 202 113 166 28 11 294 128 284 82 73 81 249 280 287 46 105 41 214 108 68 261 150 282 27 101 103 210 283 236 228 74 272 1 79 230 61 165 7 24 54 174 36 70 84 51 256 176 139 137 48 175 277 13 38 253 127 66 69 187 33 254 147 250 119 44 222 95 172 12 232 124 86 72 121 19 14 227 196 262 173 112 235 135 251 104 8 160 246 23 260 266 96 106 109 55 241 148 259 191 183 88 17 274 9 98 189 237 170 209 146 3 122 186 151 91 20 297 50 178 134 212 288 295 161 65 130 15 120 298 152 278 102 291 270 35 42 264 4 242 193 273 67 239 179 16 93 43 285 143 32 271 265 156 169 194 190 162 5 100 268 267 117
67: 146 240 239 6 296 88 139 133 96 11 46 40 290 7 212 115 18 99 209 60 285 248 77 293 223 56 182 97 21 294 38 5 126 145 109 222 94 75 213 149 268 15 156 247 292 105 166 49 1 275 254 32 135 157 299 221 90 20 83 70 174 10 9 250 30 228 140 153 199 124 162 103 203 147 154 142 82 188 256 65 198 229 108 53 69 260 110 243 273 16 233 19 219 236 173 165 50 66 206 204 152 104 298 252 141 195 136 74 61 122 269 295 116 14 262 181 205 227 129 180 265 194 111 80 258 121 68 137 259 113 217 33 48 42 234 200 278 214 73 34 26 84 168 242 169 284 267 64 86 114 241 266 281 24 144 130 279 218 257 246 183 35 251 159 291 215 62 160 297 36 163 300 264 52 283 225 164 170 235 4 51 13 158 237 120 43 155 28 117 81 87 232 127 123 263 244 171 47 44 76 211 107 148 271 197 3 196 178 177 172 132 288 193 100 134 138 59 184 118 185 255 31 106 8 286 220 78 187 208 93 276 89 2 287 150 270 125 277 63 45 167 216 261 39 131 272 280 253 175 112 23 67 85 192 95 102 282 143 179 58 238 189 72 98 190 191 71 176 12 57 25 101 226 54 37 27 249 207 201 91 22 151 17 210 186 161 29 202 41 92 230 231 119 79 55 224 274 289 245 128
68: 145 190 147 181 166 140 170 191 156 126 159 151 118 127 134 146 122 119 179 173 197 113 121 141 120 174 142 167 138 180 149 178 150 168 194 133 176 135 128 144 160 116 184 123 129 143 154 195 161 112 157 193 175 183 155 139 192 165 124 169 196 132 162 163 187 188 114 137 172 182 131 158 125 186 185 136 130 148 115 153 189 152 171 177 117 164 229 104 207 71 226 28 109 15 286 16 293 63 211 55 67 198 49 225 51 238 4 36 291 72 91 74 213 281 9 250 292 68 260 241 83 65 29 202 232 218 259 262 289 56 58 276 48 215 14 31 221 22 282 247 265 21 111 264 219 297 287 208 47 246 205 62 89 19 203 237 80 298 249 57 108 216 85 43 97 54 66 248 12 217 23 87 45 231 258 78 227 59 272 37 35 17 206 100 230 294 261 220 6 105 224 5 86 268 20 2 44 103 252 98 236 10 299 32 101 26 210 275 106 24 13 50 33 52 3 70 99 244 81 209 200 273 214 27 257 253 204 243 295 240 199 288 223 242 11 92 255 279 107 212 18 278 60 283 290 280 64 79 201 75 41 40 274 296 30 102 38 61 39 300 256 7 8 251 110 84 233 96 73 53 95 76 34 269 1 235 271 284 254 82 69 42 270 266 228 285 277 239 90 88 263 77 222 267 46 234 94 93 245 25
69: 120 127 151 176 155 162 183 182 184 149 131 170 114 197 126 186 140 147 165 142 117 168 156 137 153 124 192 181 146 169 154 175 180 125 191 193 128 150 161 119 172 145 121 185 178 174 188 159 123 166 122 136 129 112 143 179 135 141 158 118 148 164 144 152 157 171 163 115 116 194 196 173 113 160 139 133 130 195 177 167 134 190 132 189 187 138 270 73 108 7 243 31 257 244 232 272 46 227 295 61 214 238 219 296 204 241 223 236 104 93 97 205 250 10 247 273 72 202 1 67 203 278 291 9 99 276 258 259 88 19 274 289 246 110 59 252 29 25 71 45 66 41 20 27 28 201 22 224 83 299 262 49 263 231 23 207 298 239 103 48 40 4 208 292 248 254 235 283 77 5 96 256 225 44 107 36 37 2 286 294 8 60 251 86 280 47 267 87 13 293 81 65 58 260 90 98 210 217 269 17 80 69 212 279 92 285 11 64 266 261 268 84 102 297 94 234 109 230 215 62 222 282 106 100 52 70 32 101 35 76 24 3 53 55 226 21 54 211 198 199 50 39 18 229 89 281 209 74 287 15 85 75 206 34 42 216 249 240 82 300 253 275 12 56 220 218 245 255 14 63 221 237 213 57 78 290 6 91 277 264 233 288 228 30 68 26 33 38 95 105 51 284 242 200 79 111 16 271 43 265
70: 7 41 22 76 85 24 50 40 12 63 10 84 19 57 90 97 2 107 51 89 14 59 71 35 110 106 69 38 54 70 65 86 5 23 18 8 52 101 96 68 61 4 36 83 42 28 27 111 73 93 75 77 34 32 15 87 79 64 49 29 16 55 60 9 91 67 45 30 99 66 17 37 74 44 47 58 104 39 33 82 94 105 21 81 11 102 6 109 43 100 53 78 56 62 26 3 25 46 103 72 98 95 1 80 92 20 108 88 48 31 13 247 195 300 205 231 203 127 171 162 204 169 298 114 294 174 221 233 160 120 272 270 134 284 214 124 275 146 194 276 132 151 137 283 211 248 295 274 201 159 238 117 116 133 235 288 165 249 254 264 161 187 193 253 143 140 250 119 245 269 216 112 258 138 265 297 202 241 163 256 291 158 148 232 215 131 129 199 244 157 178 182 139 121 149 246 228 128 271 181 176 197 184 273 206 292 144 185 152 155 164 217 257 156 252 285 153 170 224 126 190 135 296 229 260 262 267 125 282 289 150 183 280 198 278 207 123 239 266 277 243 208 261 191 212 167 179 180 145 268 209 200 287 279 172 173 196 136 220 281 168 293 177 259 230 286 113 130 237 218 236 210 154 240 263 115 166 226 192 225 186 118 255 290 219 175 213 147 223 188 122 141 222 299 189 234 142 227 251 242
71: 87 22 103 57 81 100 53 16 73 77 6 13 17 55 84 78 71 10 99 85 94 70 7 39 19 9 41 24 58 97 5 12 44 25 65 88 60 105 62 72 90 42 8 48 3 79 15 54 38 91 76 45 63 47 4 56 14 18 66 23 69 31 37 28 40 32 101 107 98 49 102 96 46 67 108 95 93 33 30 111 34 80 21 104 74 2 75 50 61 1 106 20 68 89 36 83 110 52 51 86 59 64 27 82 11 35 92 26 29 109 43 242 282 286 160 277 237 235 260 262 229 143 253 136 216 141 114 234 166 185 146 187 298 293 164 221 159 189 184 138 264 204 211 188 232 158 252 144 281 292 170 300 150 225 290 248 240 147 113 246 295 217 175 120 197 116 149 208 112 215 270 182 214 134 148 287 239 203 152 266 186 167 205 230 135 195 190 126 154 226 122 296 238 206 165 198 209 129 183 213 269 131 193 169 268 289 297 200 284 233 251 121 241 171 243 274 228 265 223 179 194 299 181 196 130 258 191 257 118 127 285 162 180 157 236 178 256 275 123 202 145 210 125 119 247 153 137 177 207 249 244 273 222 283 168 254 278 263 220 201 294 231 174 250 227 133 245 156 199 117 161 279 192 115 271 259 288 155 173 261 276 176 291 163 255 172 219 224 212 124 132 151 128 218 140 267 142 272 280 139
72: 229 223 228 221 282 225 220 226 249 210 291 281 268 208 212 231 237 209 280 245 267 217 227 290 203 300 296 246 283 200 285 251 243 218 252 263 239 224 211 287 262 241 204 236 276 244 288 294 198 219 250 292 259 272 201 286 207 299 298 279 278 206 253 269 277 205 247 216 261 213 275 232 260 271 202 254 256 258 297 295 235 270 214 273 230 199 264 233 240 215 284 266 234 274 238 293 255 257 248 289 242 265 222 113 33 170 88 23 20 29 125 66 155 193 55 28 27 162 41 178 195 7 119 106 127 143 61 179 17 76 64 3 128 45 135 4 165 40 13 169 79 139 188 124 144 148 24 152 62 65 123 168 10 32 83 138 154 197 145 160 131 74 16 150 190 59 181 116 35 134 177 136 93 141 5 2 78 101 21 196 42 180 70 19 109 30 130 129 47 9 18 94 151 52 11 84 34 44 146 53 98 22 120 176 81 132 48 114 184 36 97 68 99 185 58 54 12 111 43 110 163 56 115 194 153 118 80 91 117 122 158 105 8 90 38 164 14 72 142 192 147 92 159 95 187 133 186 25 50 69 49 191 71 183 103 104 108 166 161 39 137 156 63 96 172 157 171 67 189 167 173 140 73 77 57 121 100 175 60 85 37 6 102 86 174 149 87 126 75 107 15 1 26 182 51 46 89 31 82 112
73: 130 181 193 192 178 182 159 126 129 147 156 113 165 142 190 149 143 135 173 117 132 196 121 152 164 183 133 123 138 137 155 150 176 175 139 120 131 140 184 163 194 162 167 146 158 144 145 197 148 171 168 112 119 116 177 141 127 124 157 151 169 179 191 172 185 166 188 154 128 125 161 134 170 189 174 114 136 122 115 195 180 153 187 186 160 118 207 83 7 249 255 109 268 300 73 221 224 48 31 223 92 47 283 50 214 94 198 2 293 299 59 28 258 9 53 95 248 69 27 54 107 229 12 75 264 257 220 250 61 71 245 16 225 200 290 237 275 5 204 106 296 43 97 13 222 206 215 49 247 203 280 30 64 11 101 74 266 76 254 238 260 240 270 38 86 291 208 217 8 110 281 68 36 44 236 25 67 246 87 63 201 102 199 202 46 19 58 41 14 282 212 17 21 4 45 79 271 278 218 252 3 42 29 285 40 243 219 230 111 213 289 1 269 82 20 267 231 96 279 100 259 251 241 288 205 34 99 262 244 66 239 292 276 297 98 105 85 235 6 272 233 89 80 62 77 295 234 72 210 226 26 91 35 56 277 298 18 209 261 294 103 81 22 274 253 52 228 273 90 78 70 242 65 60 287 51 284 93 104 55 232 39 15 88 216 24 211 286 263 84 227 57 108 23 256 32 10 33 265 37
74: 289 167 241 191 148 206 14 3 141 143 162 260 80 139 288 149 165 25 215 43 273 291 163 47 258 40 8 209 295 198 226 257 31 220 294 91 265 189 246 36 250 17 16 244 276 73 270 237 266 11 153 205 90 140 88 20 263 157 124 99 52 222 69 121 101 174 105 190 161 45 63 173 50 150 118 151 232 211 42 195 238 95 219 18 255 188 32 212 180 239 98 186 67 112 201 259 179 78 147 210 193 75 10 243 175 284 166 35 89 5 251 110 262 172 164 9 7 228 145 103 106 268 49 144 48 182 297 286 300 92 230 117 12 116 58 245 44 292 127 293 299 27 264 269 41 247 197 196 275 22 54 100 298 272 60 87 279 113 23 223 154 59 109 203 30 21 130 70 252 26 135 76 261 107 15 290 82 248 277 185 213 216 29 254 65 199 192 120 62 200 160 194 93 204 53 128 235 85 285 177 74 132 181 214 207 176 274 72 136 171 282 84 104 79 115 256 202 94 187 178 111 24 296 123 183 51 267 114 158 2 231 156 61 159 1 225 169 184 155 108 227 249 126 208 129 253 134 152 240 229 280 137 142 66 236 281 64 71 38 133 278 13 218 6 122 37 28 170 125 77 96 4 146 221 68 97 138 39 217 46 131 34 224 56 283 168 57 19 102 271 233 81 86 83 55 119 242 287 234 33
75: 130 129 151 196 178 150 128 190 126 160 121 163 141 132 184 115 134 125 186 112 148 177 175 189 135 113 191 114 167 117 168 171 152 143 139 183 179 182 174 122 131 165 173 188 145 162 154 172 158 170 140 142 133 159 144 194 185 149 127 176 169 136 123 180 161 147 118 181 116 120 137 157 164 195 119 192 146 187 155 124 197 156 193 138 153 166 30 281 99 67 25 293 291 64 16 14 299 290 59 225 263 208 237 82 91 210 238 300 214 106 46 285 56 74 4 298 7 15 108 34 219 40 104 53 297 234 265 21 28 36 92 24 94 273 107 283 11 22 109 287 223 75 270 5 257 84 203 39 9 81 52 47 38 35 244 276 241 32 274 83 243 247 50 279 79 230 89 201 103 65 211 101 76 44 95 26 277 236 31 6 72 259 258 57 97 255 2 209 217 80 252 266 272 275 267 33 10 111 226 18 224 63 280 45 232 206 29 205 90 242 268 286 3 12 58 271 85 261 239 228 43 220 71 86 245 8 278 251 296 199 51 221 269 227 288 100 256 289 37 62 68 202 41 19 284 207 212 222 249 240 198 254 250 229 20 200 102 54 292 213 13 93 69 23 218 264 61 295 294 233 96 105 260 55 88 282 42 1 73 235 262 98 110 231 70 17 27 215 87 48 66 204 60 248 216 77 78 253 246 49
76: 266 101 230 129 132 93 199 55 57 107 285 256 281 239 69 270 140 165 17 28 273 36 38 91 51 222 160 80 252 46 126 154 122 286 24 134 133 180 85 19 4 90 290 155 125 282 148 249 214 224 34 6 20 262 284 161 157 58 175 215 153 181 278 114 183 147 123 144 261 96 265 234 295 152 110 209 190 94 243 204 194 124 89 201 280 200 179 98 14 233 226 128 188 163 186 264 116 67 216 156 70 217 52 191 33 159 13 105 253 247 236 102 167 151 223 44 21 189 227 15 169 71 109 259 118 103 32 145 221 177 72 272 86 279 100 203 23 141 291 121 213 27 64 271 176 60 112 275 81 172 131 229 50 22 47 299 61 294 119 185 198 220 149 292 42 244 146 108 88 16 241 49 182 45 78 248 84 5 228 202 237 162 54 197 232 39 53 127 245 2 37 104 300 168 298 83 41 76 277 82 12 260 115 255 235 10 26 25 178 268 289 73 218 296 210 68 283 113 208 246 106 267 92 79 174 30 212 240 77 139 242 75 87 219 137 43 117 193 99 195 135 95 297 263 97 130 120 56 257 231 288 18 164 171 187 225 205 66 238 258 269 8 170 192 62 158 63 251 3 59 142 250 254 184 11 143 29 1 173 65 150 31 196 274 7 211 35 138 287 206 9 74 48 276 136 166 207 40 111 293
77: 95 297 63 133 32 45 179 78 53 25 154 29 44 296 125 195 239 104 174 135 249 175 235 284 223 105 298 178 115 114 21 189 94 198 91 242 181 237 8 184 23 50 299 276 176 130 157 141 38 80 267 289 187 149 138 11 155 73 215 222 89 259 103 186 22 269 35 107 227 67 4 58 200 286 62 279 172 203 12 271 241 173 257 120 205 244 294 144 146 220 102 70 156 212 152 254 136 97 110 41 17 194 49 207 31 142 170 217 188 75 300 87 88 232 261 34 112 92 182 47 253 46 116 14 165 118 190 123 151 196 81 221 153 274 6 291 3 283 98 233 18 96 238 1 126 61 159 209 216 72 288 225 295 122 128 228 256 24 101 168 79 55 281 85 162 166 231 273 236 183 145 147 129 131 292 86 251 134 84 27 246 60 2 211 16 74 77 201 48 213 51 19 277 71 109 132 171 167 247 204 82 272 9 290 208 206 59 5 264 143 140 192 127 150 240 161 158 113 224 275 57 193 15 160 234 260 20 245 280 202 93 36 26 263 106 255 180 99 250 37 39 219 199 52 66 100 268 258 119 293 69 56 33 226 121 164 248 68 191 230 177 65 137 210 270 43 278 262 148 117 7 28 76 218 243 42 252 10 111 285 169 197 265 266 185 282 90 229 54 124 30 163 108 40 64 287 13 139 214 83
78: 162 190 191 161 119 115 170 176 122 192 116 160 186 131 145 139 175 163 157 195 136 148 168 121 174 164 125 123 165 171 129 114 185 126 146 141 197 153 112 144 179 167 151 166 137 159 113 156 133 147 155 181 187 183 177 120 130 152 140 135 142 193 178 132 194 173 182 149 184 150 134 189 188 196 118 127 143 158 124 128 117 172 154 169 180 138 21 272 261 28 80 230 199 240 234 265 270 221 57 274 253 259 8 2 238 216 9 296 89 241 25 90 105 205 70 245 289 282 77 92 208 27 71 214 91 235 232 248 299 264 40 15 73 198 273 100 210 52 233 220 69 293 3 30 281 229 203 106 285 297 279 295 101 79 75 227 10 72 215 110 4 256 66 262 218 44 37 300 29 109 278 33 247 111 97 99 36 239 237 76 55 202 269 32 85 50 39 96 38 22 222 61 213 254 236 45 255 224 35 41 275 24 271 1 206 14 290 291 88 251 104 53 5 7 252 280 64 284 43 243 204 42 12 292 207 246 228 78 95 201 49 17 107 287 244 250 103 258 231 63 54 257 200 60 6 62 18 86 288 93 286 20 276 209 84 31 249 219 277 263 242 294 19 23 87 26 226 68 46 94 102 59 266 58 65 268 108 34 223 56 81 74 67 47 13 48 267 225 98 16 211 51 11 217 298 283 212 82 260 83
79: 275 202 137 287 159 21 14 180 111 207 228 160 231 145 57 69 86 22 186 91 295 40 81 184 146 136 128 15 53 27 281 138 3 251 46 194 289 238 181 232 187 63 61 276 66 47 92 96 76 259 29 217 246 42 32 286 140 16 1 265 5 297 261 248 31 139 220 130 172 79 190 83 106 121 262 18 70 13 300 236 75 277 144 154 142 290 95 55 78 93 255 210 274 116 84 43 208 298 193 68 166 285 280 244 199 94 107 216 26 196 20 74 283 165 59 269 247 189 98 209 4 7 191 282 8 257 30 284 120 50 260 252 204 52 211 197 169 164 87 206 24 148 6 294 234 45 19 176 51 150 54 114 179 99 48 213 155 225 296 153 239 9 157 263 11 152 97 73 39 156 35 175 230 149 126 62 243 162 147 226 242 288 2 273 105 227 28 90 113 65 71 134 250 133 100 163 72 17 110 168 271 67 299 218 141 254 102 173 192 117 171 293 170 115 272 37 219 123 10 89 215 241 82 85 127 267 270 49 34 131 237 88 12 135 183 200 23 258 58 278 279 143 33 212 64 177 249 188 235 223 44 264 178 112 222 224 214 268 240 229 122 245 36 167 77 151 195 291 205 256 233 108 174 182 253 118 38 125 41 25 129 266 198 203 104 124 161 292 132 109 119 60 158 103 101 56 80 221 201 185
80: 293 282 207 298 219 210 261 281 201 251 269 235 290 237 285 272 226 230 258 266 214 280 206 220 267 289 296 286 256 255 297 274 276 222 283 243 246 284 253 205 268 291 295 209 242 211 236 229 228 288 278 260 247 231 218 217 225 200 221 250 294 216 204 232 265 277 300 287 254 239 227 212 238 257 223 224 202 215 240 248 259 249 273 213 241 199 299 233 244 264 263 262 234 275 245 271 279 292 252 203 208 198 270 161 5 36 45 66 139 137 69 105 151 43 15 13 104 42 54 81 187 181 166 63 146 70 195 17 72 40 46 103 22 183 53 163 158 157 82 100 32 1 79 106 153 28 94 48 101 131 3 6 112 185 141 91 115 188 191 30 113 194 34 31 189 18 95 176 12 97 99 21 179 71 26 2 177 88 77 147 128 168 96 175 116 24 16 127 134 138 155 76 11 172 27 107 57 171 75 65 108 135 64 20 140 173 123 33 7 29 154 120 37 118 178 196 160 182 119 117 150 132 190 89 109 184 90 74 67 180 122 23 84 19 93 110 186 56 125 133 149 39 85 114 148 58 92 145 159 126 25 193 130 142 111 152 167 78 60 83 80 156 73 14 8 51 62 136 197 129 98 121 143 124 55 144 169 4 68 170 47 41 10 86 35 9 59 49 50 174 162 164 87 102 61 165 44 192 52 38
81: 247 210 222 250 295 239 204 209 281 260 211 291 242 230 255 208 263 215 228 224 284 288 293 219 294 262 236 227 279 272 207 254 244 206 270 246 285 201 241 282 292 231 235 289 234 220 198 214 252 297 200 257 233 249 243 261 248 212 217 286 278 259 298 203 232 256 245 275 221 226 271 238 276 225 274 258 218 267 237 229 296 299 290 269 253 223 213 202 287 280 300 277 251 265 216 266 273 268 205 199 264 240 283 93 90 109 56 147 31 159 171 74 73 142 135 119 29 168 27 17 162 127 110 120 49 197 40 160 47 131 139 4 158 98 59 124 146 22 64 192 5 184 58 1 95 54 89 33 36 113 60 35 46 102 128 103 12 39 18 101 62 121 13 145 44 67 163 91 122 86 157 43 182 151 153 178 97 50 193 68 179 7 9 30 161 41 148 196 92 170 66 81 11 112 24 117 191 165 116 63 51 106 94 77 53 134 104 83 15 138 144 6 45 123 34 52 72 187 183 32 154 78 21 141 133 70 190 48 174 26 176 107 194 100 37 149 55 99 28 173 136 23 150 129 20 152 186 125 185 164 172 130 155 111 38 140 8 71 167 126 115 2 3 137 181 65 80 169 180 85 25 105 96 166 108 156 177 10 57 69 175 16 114 132 88 84 76 118 42 82 19 87 61 189 188 143 195 14 79 75
82: 138 135 120 122 112 136 124 115 170 186 178 144 193 168 127 171 182 184 194 187 175 172 151 139 121 142 126 179 173 129 125 161 132 165 131 159 134 114 113 197 164 155 137 147 177 176 141 162 181 117 174 153 163 190 116 154 128 140 195 196 160 156 185 152 158 146 188 143 180 166 157 150 149 148 191 118 169 130 119 145 183 133 189 167 123 192 259 18 243 257 67 106 274 36 273 56 276 34 32 87 235 215 261 31 220 59 88 270 91 23 240 100 279 207 47 43 74 1 61 271 4 84 228 99 63 258 13 293 249 40 236 95 295 298 226 35 75 227 52 238 107 76 206 37 268 53 218 71 41 65 82 81 214 57 2 212 19 101 242 225 198 283 264 26 209 262 8 15 38 289 267 3 217 60 80 292 224 108 7 85 110 232 300 211 263 16 202 201 96 265 72 254 103 278 12 247 275 208 221 284 62 109 199 46 255 294 93 58 28 54 105 251 260 277 280 49 102 230 68 30 213 78 205 70 64 14 44 210 269 248 299 241 285 266 222 90 297 77 89 244 272 66 288 290 27 20 296 287 83 6 79 73 33 250 229 245 204 94 233 98 86 17 282 256 291 25 50 51 239 10 24 45 234 200 104 55 203 281 237 216 39 22 231 29 69 11 5 253 92 252 246 48 42 286 9 21 219 111 97 223
83: 281 60 134 23 171 230 94 213 263 25 204 125 224 268 26 77 255 223 73 40 186 253 250 69 146 149 290 227 36 289 176 241 93 109 64 20 21 262 280 129 272 256 155 185 6 197 172 240 233 166 30 27 16 141 226 275 75 206 72 46 243 148 190 45 49 85 132 177 124 70 278 300 207 232 74 225 86 138 92 193 258 201 257 269 96 191 80 55 91 103 133 84 13 111 156 260 114 291 158 198 212 122 65 267 205 170 118 112 175 252 218 78 35 128 144 67 202 105 231 7 58 117 22 160 136 150 279 154 89 135 120 248 153 254 298 221 50 139 163 236 245 222 295 293 56 284 283 184 178 187 104 53 199 217 285 59 43 266 234 277 113 235 169 37 79 294 237 288 249 130 10 147 282 32 88 229 102 95 28 208 17 123 142 203 66 41 265 292 164 62 19 211 52 259 14 106 200 83 183 4 107 54 137 76 287 24 195 159 271 216 108 273 299 34 228 140 126 152 1 174 71 239 3 100 18 182 276 220 188 51 246 110 151 29 194 99 9 192 297 209 12 214 101 63 286 189 181 270 116 180 261 31 244 264 274 90 143 168 157 57 165 39 11 68 173 296 242 82 215 219 196 98 38 145 44 162 15 5 119 48 61 210 97 87 161 121 81 238 47 33 8 131 115 247 127 251 2 167 42 179
84: 208 286 254 251 255 257 205 215 237 259 292 270 262 201 278 276 233 279 300 244 269 245 294 216 199 235 260 210 214 238 268 291 258 228 293 234 223 249 212 284 285 232 243 204 206 267 256 202 290 207 236 224 266 253 274 277 218 299 213 265 231 281 271 289 280 221 264 203 239 297 217 226 272 200 225 242 227 211 298 288 283 275 229 222 273 250 219 263 248 287 198 246 230 247 220 295 240 296 282 241 252 209 261 145 2 185 119 178 118 195 147 18 154 14 132 130 116 137 50 51 41 131 100 133 138 121 15 161 103 46 30 168 125 88 135 179 90 174 182 98 188 22 74 170 64 99 61 39 109 24 59 55 16 140 34 79 105 48 31 53 148 152 123 45 23 97 115 102 117 93 11 92 176 167 37 94 36 85 9 112 189 160 80 4 139 60 70 42 44 13 169 66 104 20 166 38 191 190 164 25 136 26 73 156 12 77 62 1 58 192 57 8 96 111 171 72 175 54 196 17 141 5 33 180 28 56 27 187 76 146 134 63 75 113 108 127 157 32 10 87 144 173 95 6 52 128 84 89 40 110 126 47 150 101 82 181 106 21 71 68 124 155 177 91 159 29 183 143 122 81 158 162 197 83 7 69 78 149 186 120 43 49 3 19 65 86 172 67 184 114 142 194 129 165 107 35 151 153 163 193
85: 149 135 101 91 249 236 132 77 265 61 201 96 225 105 124 294 128 85 193 36 21 148 244 89 262 167 255 58 238 276 214 171 293 90 275 221 106 143 267 165 272 177 245 243 113 144 27 4 228 213 57 34 187 189 117 65 39 253 121 292 269 278 138 153 53 273 87 98 178 79 110 191 242 224 28 180 212 125 72 295 104 279 257 163 68 231 202 136 241 184 219 139 127 207 251 67 140 254 179 175 38 196 286 115 81 192 116 161 42 252 297 18 23 229 160 226 59 14 19 258 88 31 78 60 111 33 185 291 215 13 37 70 66 84 250 206 195 16 203 112 198 103 109 209 282 285 82 49 169 154 235 218 277 183 296 55 208 126 76 7 5 170 246 11 176 2 30 133 181 217 239 186 63 290 130 211 222 93 158 266 172 247 220 25 1 260 9 86 95 80 141 75 168 83 152 50 233 150 182 288 131 71 268 10 284 118 94 114 100 298 52 281 300 51 174 199 280 289 74 264 6 237 210 102 232 40 166 299 15 145 173 270 234 129 156 194 142 108 64 263 46 261 8 137 107 147 190 197 155 283 200 271 122 92 35 44 43 159 32 256 69 259 73 157 45 20 47 248 22 134 12 151 223 146 97 26 287 56 54 274 3 164 62 216 24 205 29 240 204 99 188 162 227 123 48 41 120 230 119 17
86: 123 169 125 114 196 137 153 182 194 170 118 117 189 193 176 191 149 186 139 120 188 172 113 184 174 140 145 162 148 156 129 165 181 124 159 138 144 116 146 131 147 134 151 171 128 154 166 185 150 121 177 178 183 158 142 130 192 167 187 195 143 112 168 127 141 133 152 161 119 160 157 164 179 115 136 175 163 180 173 126 155 135 122 197 132 190 82 29 249 78 111 264 42 81 222 232 253 12 34 211 206 91 22 65 240 88 101 299 278 92 257 221 201 230 288 86 215 98 262 41 27 100 23 17 298 31 54 213 110 276 20 274 296 220 57 87 258 293 25 275 46 66 199 208 35 259 205 269 61 227 71 251 241 106 271 295 289 51 33 268 70 255 280 285 40 38 225 99 250 233 95 53 218 284 18 270 11 16 3 202 266 96 231 67 4 283 242 291 272 75 80 279 287 103 212 292 73 26 252 263 210 69 93 36 74 55 239 200 198 254 219 209 237 63 217 246 6 273 68 286 52 13 56 85 1 277 48 39 24 105 224 47 32 90 8 15 281 297 64 248 37 21 207 44 7 267 89 14 83 236 30 10 45 107 228 247 243 235 244 60 58 77 97 300 59 76 265 260 2 19 216 294 282 238 109 5 223 234 108 62 84 245 28 226 9 204 49 50 72 214 43 290 94 261 79 256 229 102 104 203
87: 116 181 141 144 135 164 130 179 148 175 157 115 183 160 129 162 178 196 172 167 182 149 112 163 191 185 146 165 177 171 168 161 151 131 194 134 120 126 188 133 192 186 156 176 154 150 189 143 114 166 197 174 153 123 193 117 132 147 137 173 170 142 113 128 118 124 180 184 155 195 122 190 158 121 125 127 169 187 139 119 159 138 145 152 140 136 23 54 224 76 18 66 27 216 207 285 89 233 213 35 283 60 291 94 73 46 202 271 75 25 83 241 85 256 243 261 263 255 268 221 20 44 58 210 262 270 39 43 47 12 251 295 17 288 14 296 245 228 71 254 252 99 217 28 259 203 63 250 19 227 209 108 289 68 299 246 7 275 266 96 212 292 204 201 78 55 70 26 93 97 232 248 102 5 240 290 244 4 105 62 82 269 231 36 37 104 284 253 214 247 49 100 278 107 205 8 67 264 29 41 222 276 32 272 95 79 16 293 258 200 2 11 31 101 260 225 21 239 88 3 226 59 286 294 13 48 287 277 92 40 206 86 61 265 106 22 52 218 257 65 6 219 90 249 51 111 110 236 235 84 238 199 87 198 273 69 215 80 38 24 9 50 282 57 242 234 15 74 98 280 211 72 42 56 298 237 1 81 279 230 220 33 64 229 274 223 45 103 34 109 297 281 267 208 30 10 91 77 53 300
88: 299 233 219 234 244 266 281 203 200 231 276 297 280 258 284 208 216 274 214 254 232 279 221 296 257 226 253 249 247 267 209 222 263 201 228 238 250 211 261 286 240 278 283 210 285 236 282 298 262 213 289 230 223 217 218 248 272 235 204 207 202 242 271 270 212 241 268 300 269 275 227 199 264 245 256 224 293 277 255 243 251 287 295 225 198 294 290 292 252 259 237 205 265 291 206 273 288 260 215 246 220 239 229 193 117 50 3 10 114 94 69 152 68 163 51 45 144 140 157 82 161 136 77 171 92 115 132 46 135 111 142 153 75 186 32 191 123 128 149 181 165 30 121 124 187 103 74 9 5 22 6 126 38 58 28 43 2 24 104 37 23 44 67 183 139 179 62 8 14 64 65 182 90 154 34 96 56 84 195 29 54 71 189 168 141 184 185 35 86 13 88 147 25 57 80 176 130 146 155 134 110 81 194 39 108 107 40 119 100 162 113 53 91 133 55 97 174 125 129 102 177 112 178 79 173 17 158 48 190 26 101 120 109 85 60 18 116 122 106 7 145 20 52 66 16 63 83 159 167 87 197 47 1 76 99 170 33 188 42 59 150 98 12 49 105 175 89 138 15 151 143 95 164 148 41 73 21 131 166 78 70 192 127 156 160 118 31 172 4 36 180 72 61 93 169 19 27 11 137 196
89: 85 132 248 190 217 214 236 32 278 39 49 158 189 175 245 219 207 300 77 52 86 151 56 168 268 241 202 18 91 215 264 28 197 232 149 128 257 195 150 14 252 177 123 96 119 228 238 1 255 134 209 147 7 243 146 73 290 34 260 41 275 64 116 239 93 101 206 55 199 106 131 89 98 140 223 298 45 210 187 171 69 124 75 129 27 291 58 297 235 37 284 62 38 148 294 11 12 265 59 198 67 230 22 95 193 224 44 155 220 254 78 121 208 159 33 282 46 211 50 126 156 250 203 256 194 205 135 170 266 13 36 271 113 227 125 167 42 88 92 60 65 84 40 139 6 5 24 182 138 115 16 63 25 169 142 196 281 83 192 258 174 29 103 225 188 183 157 270 3 2 143 247 234 137 35 160 263 97 53 231 110 191 23 253 144 276 221 26 109 200 130 8 246 15 285 17 68 87 82 261 94 242 180 272 118 163 47 66 111 127 107 274 112 204 104 226 216 141 218 122 178 4 43 165 237 286 48 287 293 54 267 249 179 117 30 114 273 244 102 105 280 184 259 108 172 279 153 185 90 80 162 61 283 76 166 262 222 229 57 164 79 136 269 289 19 288 201 51 72 99 173 74 176 251 213 292 295 21 233 70 81 100 296 31 20 161 181 154 212 71 9 120 152 133 299 145 240 186 277 10
90: 291 230 249 287 293 229 240 220 298 286 222 217 258 205 290 255 200 289 256 234 275 238 210 236 218 264 241 284 212 246 239 235 288 292 250 198 261 299 199 296 271 272 221 270 262 269 242 252 247 248 223 254 201 211 294 245 263 213 237 259 225 266 203 215 273 202 224 207 282 281 243 232 300 204 278 268 257 280 279 228 209 206 219 208 277 226 276 265 295 214 260 274 251 227 244 283 297 233 231 253 285 267 216 134 4 31 57 137 153 119 149 173 150 91 186 108 14 38 147 62 179 55 5 139 123 86 175 79 160 11 177 78 115 127 178 53 100 16 151 120 111 104 34 103 75 189 10 161 107 110 157 98 152 95 56 58 76 30 191 142 23 72 84 2 193 194 180 18 106 96 85 9 35 27 146 94 21 184 196 44 181 17 190 61 49 154 36 69 54 138 28 195 82 136 128 37 81 183 70 182 171 87 158 45 48 159 141 140 125 19 133 7 66 68 20 6 22 26 59 167 74 60 192 67 148 39 1 33 156 12 174 113 126 101 65 64 145 63 77 92 41 131 165 176 50 155 185 46 112 170 116 187 80 15 122 169 3 83 164 29 168 166 162 102 132 88 118 24 13 90 129 71 130 97 143 144 25 114 135 52 32 40 105 197 47 172 51 124 188 73 42 121 99 8 43 117 109 163 93 89
91: 78 31 259 275 118 107 134 17 191 168 5 98 133 30 285 216 97 182 254 169 147 211 222 188 70 171 166 100 172 123 28 10 105 128 269 125 207 142 85 257 121 26 267 108 88 177 1 227 46 214 185 111 266 183 238 297 55 86 194 248 243 91 19 149 25 268 116 242 68 75 294 14 190 144 117 162 4 277 209 293 291 231 131 65 226 76 240 158 186 234 232 141 113 18 255 41 52 40 53 200 29 210 95 196 265 193 57 217 272 72 230 124 290 151 58 104 130 229 27 34 79 94 71 270 157 215 300 213 48 155 90 159 42 106 23 179 150 87 44 9 288 276 154 148 246 50 224 264 56 36 233 163 11 15 102 176 13 198 110 82 244 109 84 173 137 37 80 132 221 295 239 101 274 6 47 119 258 281 152 206 292 187 21 174 161 77 256 12 112 74 249 263 197 282 170 43 195 279 127 49 16 283 38 45 153 22 54 251 8 69 143 92 115 280 208 189 247 202 66 271 61 33 3 284 273 89 261 286 7 93 167 35 219 136 64 228 96 289 99 253 212 296 122 120 218 67 165 180 62 260 156 103 73 223 145 175 252 250 63 114 24 199 181 184 39 146 160 237 126 278 262 81 138 192 241 139 178 140 205 59 51 245 60 164 225 201 235 32 129 299 298 135 2 236 83 220 287 20 204 203
92: 298 214 233 293 297 166 124 209 188 59 211 182 139 204 18 174 90 259 97 17 43 54 52 66 284 168 121 149 240 282 15 276 12 215 223 219 69 169 89 246 24 72 135 217 84 28 245 152 232 227 44 122 171 264 143 83 61 37 78 73 47 151 48 79 11 112 274 257 3 286 242 243 265 100 82 96 178 153 195 268 253 146 57 159 114 136 9 99 251 235 213 212 98 277 58 199 133 226 196 296 119 181 88 228 116 60 156 38 176 179 148 104 91 111 236 292 244 144 110 45 203 132 10 269 283 210 256 164 198 102 187 23 289 4 32 278 221 154 186 27 65 185 208 299 95 108 130 87 254 230 270 287 197 173 30 161 200 103 29 206 218 238 106 33 125 123 220 189 271 266 239 273 49 55 70 113 258 127 2 68 205 8 77 31 128 75 207 20 248 107 145 190 76 147 50 175 92 193 194 25 14 275 137 294 138 56 109 192 36 5 142 42 141 21 177 165 180 249 16 279 158 22 86 53 74 19 291 6 263 117 241 131 63 160 231 94 101 202 41 262 252 222 267 81 229 67 120 234 237 225 191 288 129 35 250 105 295 155 13 1 51 201 140 167 80 71 64 300 40 285 183 34 163 118 162 280 157 85 224 26 172 46 247 260 115 62 134 281 261 170 184 290 216 272 39 93 126 7 150 255
93: 119 190 151 140 184 124 197 168 174 150 196 135 136 132 179 161 133 169 193 159 128 176 122 154 164 114 112 158 118 149 172 153 139 143 144 188 147 134 185 178 120 171 127 162 155 165 148 173 160 152 175 123 167 117 195 183 163 130 141 137 194 146 182 138 129 166 177 189 116 115 192 181 156 142 170 187 180 145 121 157 191 126 186 113 125 131 21 100 247 236 80 30 265 209 14 85 260 250 39 230 73 281 36 70 201 208 294 94 101 57 26 37 83 82 105 286 273 15 89 92 252 288 232 23 284 95 106 213 204 32 76 298 220 231 218 254 215 272 48 9 56 27 81 78 74 50 66 62 228 58 1 255 72 16 52 248 84 283 107 68 40 239 104 267 91 279 275 69 227 46 42 25 238 253 217 242 22 251 90 202 205 18 198 199 235 268 59 222 17 20 289 71 292 210 224 237 2 226 296 245 270 211 223 93 266 12 38 79 87 86 285 55 45 243 109 99 8 233 44 19 277 24 108 60 229 11 35 262 300 10 6 282 4 241 110 102 49 97 77 64 111 278 280 47 5 276 207 65 287 249 88 34 234 51 41 263 244 216 200 256 98 3 54 28 258 225 269 290 293 103 214 13 246 219 299 31 261 221 53 203 259 257 29 206 271 297 264 295 61 63 7 67 240 212 75 33 96 43 291 274
94: 273 300 208 281 204 269 236 233 286 217 267 288 242 251 283 224 291 289 293 229 227 226 215 230 271 259 268 218 274 198 246 241 290 205 266 275 252 207 292 255 294 262 206 221 299 225 285 264 211 220 287 257 250 280 258 297 295 249 203 296 277 284 253 212 219 240 260 247 201 202 239 276 222 223 231 209 216 248 232 200 199 244 234 238 210 282 228 214 213 263 254 265 298 245 270 279 243 235 261 237 272 278 256 30 157 76 72 81 99 48 184 75 46 107 180 187 59 196 10 3 123 163 70 171 158 61 134 176 58 124 173 82 41 119 120 44 102 174 13 152 87 166 168 56 118 114 195 115 143 190 147 55 68 197 111 80 83 15 64 89 6 91 113 136 181 142 193 93 32 104 161 96 194 88 54 154 43 78 74 77 63 49 4 125 1 45 126 94 60 169 128 191 29 38 151 150 69 65 98 172 50 144 153 33 71 9 90 21 24 188 175 133 16 121 37 39 178 167 156 86 40 47 8 160 51 186 165 53 34 26 36 95 20 27 141 148 92 145 110 137 52 182 14 19 97 5 146 18 112 164 122 135 22 177 85 179 28 109 131 67 25 12 139 138 183 170 155 116 42 2 31 73 100 106 11 105 140 159 117 129 79 101 57 127 185 108 23 84 149 192 35 162 17 62 7 130 66 132 189 103
95: 277 170 235 144 79 66 283 97 80 24 136 21 75 207 92 262 200 23 282 10 273 285 7 37 281 29 112 118 168 146 81 49 71 193 125 183 181 202 188 265 84 50 197 130 122 105 267 119 195 46 93 259 120 74 229 113 293 185 121 276 187 42 245 230 117 57 45 14 210 109 154 4 201 106 250 263 51 221 205 19 163 64 165 227 25 278 295 123 246 6 176 69 129 160 13 190 100 1 186 99 222 128 212 134 96 172 67 215 17 53 78 294 91 52 171 142 240 258 95 73 127 107 61 266 103 72 47 41 58 20 291 9 116 280 90 166 48 164 82 126 149 22 153 290 214 15 68 272 145 27 199 152 260 297 140 147 239 275 132 62 219 94 135 175 243 3 141 178 233 177 173 184 232 169 213 220 174 204 244 256 292 248 86 137 110 11 225 115 223 299 28 249 98 43 162 30 238 296 253 32 87 85 192 269 38 40 226 124 191 300 77 26 203 55 133 151 264 289 59 156 111 34 198 284 148 255 217 270 44 12 236 63 241 161 231 180 286 76 31 216 159 54 16 89 5 224 56 36 206 196 208 179 271 138 143 35 2 228 101 254 247 8 131 279 274 155 218 108 60 70 182 211 102 257 237 268 157 287 39 234 209 83 18 242 114 139 252 189 104 251 288 158 194 88 150 261 65 33 167 298
96: 262 213 265 297 286 244 257 293 218 211 246 270 285 283 290 222 287 256 212 225 206 252 280 259 224 278 261 250 221 251 220 234 230 300 232 245 288 200 240 202 210 217 231 272 253 277 289 271 216 223 219 294 214 238 237 295 226 299 204 208 236 248 291 292 276 249 247 263 254 198 267 207 298 239 201 243 205 274 255 268 275 242 233 260 279 281 266 215 258 199 203 273 227 264 282 284 241 229 209 296 269 228 235 59 23 34 120 181 9 180 165 132 144 52 136 6 122 37 176 22 118 117 77 163 197 193 154 90 194 55 173 130 128 139 16 191 108 159 43 17 124 177 4 189 166 150 13 5 99 155 96 171 97 161 186 8 92 164 127 73 32 44 183 182 160 106 56 62 142 170 38 25 103 192 31 74 115 168 105 19 3 93 47 20 54 14 146 65 2 29 66 78 53 129 156 51 75 149 133 188 109 190 41 137 82 107 26 28 143 57 87 89 35 179 10 39 112 1 27 18 187 45 184 158 140 131 114 95 157 148 21 196 185 94 121 167 104 72 46 147 153 85 69 119 64 11 110 76 100 70 50 30 91 175 169 12 172 58 101 178 98 40 162 116 174 86 138 24 84 102 33 195 135 111 79 48 123 42 113 49 68 145 60 81 67 61 15 134 36 152 88 63 141 125 71 80 126 151 7 83
97: 89 183 264 35 156 217 33 207 275 78 203 46 173 176 290 270 283 159 109 247 166 174 62 57 250 252 276 55 114 102 257 2 124 150 198 164 37 182 233 97 112 171 238 186 134 49 153 107 105 265 231 19 129 243 128 163 189 170 254 271 59 199 293 84 23 40 121 81 116 218 152 279 292 135 204 201 253 244 185 180 158 300 190 69 295 22 99 209 154 222 212 245 211 145 111 149 42 291 256 137 260 168 147 73 18 230 74 45 1 130 273 143 284 72 96 76 67 101 61 75 63 27 191 228 194 172 251 106 71 65 132 178 20 297 41 220 11 195 169 296 56 58 286 125 5 148 161 266 98 274 28 223 31 51 15 104 91 235 82 14 24 157 162 287 280 88 13 197 155 285 47 240 289 142 12 26 4 294 187 249 60 255 160 262 52 50 123 117 278 210 242 119 175 205 200 216 208 92 93 136 86 165 246 53 108 21 241 259 219 248 68 85 77 118 36 214 288 227 269 90 237 146 202 95 139 144 34 263 103 258 239 281 224 30 272 138 167 64 299 268 177 127 261 70 140 25 221 8 87 131 226 141 206 133 44 9 83 213 7 43 110 179 48 66 225 151 120 80 113 17 100 32 298 39 94 282 193 229 126 277 38 232 188 16 267 10 6 115 54 181 236 234 215 79 3 122 184 192 196 29
98: 91 166 230 32 248 188 240 190 234 265 286 107 278 208 283 253 37 237 162 71 55 52 246 154 215 151 110 160 196 25 202 122 88 182 143 279 222 174 176 48 291 228 252 140 191 299 19 213 93 272 17 4 8 167 132 161 133 22 205 181 117 152 96 11 76 271 59 199 145 179 139 61 72 221 261 104 226 116 58 155 84 224 40 186 256 225 41 266 223 285 2 105 9 147 163 89 63 128 275 158 78 66 287 264 267 218 282 229 192 109 148 82 53 206 216 123 239 62 14 203 67 127 178 80 189 31 193 170 13 83 47 292 119 90 87 70 57 121 200 185 69 212 16 274 81 39 153 280 49 175 247 194 102 263 149 150 114 241 270 295 173 120 99 214 197 204 97 296 289 243 288 257 157 201 36 20 284 268 236 75 60 172 64 103 85 23 5 251 195 54 250 180 43 26 34 44 183 293 138 207 68 165 6 238 258 56 74 142 27 111 15 235 255 112 276 129 7 259 35 33 125 217 115 231 187 101 1 164 297 136 113 141 92 294 211 18 260 10 290 95 277 65 28 198 126 108 159 244 106 298 86 245 118 171 46 51 210 262 45 219 269 100 156 42 177 130 146 124 227 73 38 94 273 184 300 131 24 21 3 79 134 281 50 233 209 30 254 29 220 98 169 135 242 168 77 12 144 232 249 137
99: 88 18 23 84 8 103 69 55 29 62 2 4 109 10 36 101 94 57 32 97 75 27 51 47 106 92 50 37 102 5 9 104 15 82 67 39 56 53 85 68 107 87 34 105 108 46 31 45 90 14 22 54 63 11 79 33 99 17 58 35 72 110 30 76 52 64 41 59 81 86 19 43 13 44 95 38 78 1 91 111 89 20 73 60 6 16 61 65 74 70 24 80 26 71 49 98 83 66 96 3 42 7 93 25 48 28 77 100 40 12 21 142 174 265 117 189 157 135 122 291 146 159 198 268 214 289 134 288 129 176 169 168 270 208 210 232 143 233 273 218 190 234 150 215 293 153 130 185 264 213 283 132 211 115 253 192 275 278 139 212 287 173 267 222 179 170 295 116 194 284 243 126 221 165 113 184 202 209 220 158 282 151 247 255 256 125 136 154 226 124 281 296 119 200 223 199 161 201 152 216 162 240 121 263 260 274 217 114 195 290 237 239 242 258 128 280 300 163 266 235 191 206 207 238 261 118 196 120 241 219 276 254 138 197 148 145 251 299 175 244 141 186 285 137 160 262 279 292 277 257 112 182 171 164 144 225 131 204 227 252 180 178 203 272 286 229 187 181 228 249 177 140 248 127 156 259 188 250 155 167 193 298 236 166 123 149 271 230 224 297 269 147 183 246 172 231 294 245 205 133
100: 177 160 191 135 194 183 195 196 148 184 133 127 132 176 144 169 116 121 114 166 193 167 162 168 151 113 112 171 185 142 149 146 152 161 192 147 179 131 181 164 153 138 124 125 159 163 118 150 117 134 143 126 182 158 139 122 174 173 188 137 189 155 123 178 154 130 186 145 141 140 197 187 190 165 115 156 175 119 170 129 128 172 180 136 120 157 109 108 12 267 24 111 45 98 225 46 14 39 201 90 218 88 290 56 300 107 256 217 79 95 211 293 75 277 216 59 285 103 80 273 259 204 299 101 36 41 94 208 257 54 92 3 10 240 220 51 86 223 251 99 87 291 61 91 265 44 28 37 275 212 83 96 284 203 30 209 258 236 34 230 20 1 102 33 239 294 270 64 247 226 29 8 42 210 255 21 207 213 17 278 297 110 48 84 63 233 249 16 105 248 27 13 100 43 4 82 78 7 234 219 215 224 22 19 272 250 262 202 198 97 35 65 274 57 237 74 50 23 32 254 81 25 244 5 49 76 89 252 286 106 104 71 72 268 238 200 276 298 245 62 53 47 206 243 261 229 279 199 296 38 253 263 11 246 69 228 232 271 282 77 235 227 266 67 52 18 40 205 288 60 242 222 287 58 292 9 231 241 85 6 70 55 15 283 264 260 221 31 26 73 214 295 269 93 68 66 281 289 2 280
101: 213 208 226 286 221 275 253 264 287 227 209 200 216 249 280 255 243 257 247 259 258 242 239 229 222 246 254 281 284 236 224 223 277 278 238 290 297 212 251 265 294 235 256 300 282 207 288 203 248 261 199 217 295 211 219 260 267 270 285 298 279 198 268 237 215 244 234 202 289 218 293 210 283 291 252 204 276 225 205 206 220 269 273 201 266 263 296 228 274 240 292 214 271 241 299 233 245 230 262 250 272 231 232 177 103 69 115 62 102 104 34 190 30 54 85 185 46 14 11 35 75 167 71 59 6 61 23 29 151 88 44 188 160 123 5 192 108 139 56 129 127 196 191 82 181 28 73 70 10 77 91 53 157 197 87 122 4 144 145 107 146 89 12 13 68 40 96 158 51 25 179 42 41 112 132 57 172 175 111 7 133 165 187 95 8 117 164 184 72 84 17 125 159 143 126 97 105 106 66 189 174 180 162 15 31 140 21 18 98 48 94 86 26 64 136 130 194 1 153 148 178 79 90 186 135 39 101 58 50 156 55 173 92 169 163 81 116 119 118 63 9 113 100 45 147 124 195 60 182 20 171 37 3 155 76 38 93 27 80 43 152 49 138 134 32 22 47 193 161 170 99 114 120 183 149 110 131 52 67 176 74 78 150 168 154 137 19 166 109 128 83 141 142 121 16 2 24 33 65 36
102: 243 292 294 300 254 262 223 264 204 259 250 268 293 216 295 298 271 267 221 241 222 272 215 256 291 273 198 285 284 239 226 201 214 297 237 228 219 236 232 217 207 279 209 246 288 269 229 203 245 213 266 244 212 281 252 199 277 235 248 211 205 258 231 276 270 286 208 240 265 200 260 257 289 274 253 233 242 238 227 247 224 225 275 299 283 249 290 210 255 296 220 278 280 251 218 234 202 287 263 261 230 206 282 4 142 94 181 151 114 48 105 10 65 135 22 31 79 139 161 136 102 50 196 86 16 187 41 13 62 178 166 195 138 90 152 29 177 33 117 30 71 184 45 171 97 158 2 156 109 98 172 19 49 12 141 179 67 131 60 132 157 144 189 7 140 87 108 46 21 34 95 111 101 160 88 169 57 6 100 124 68 91 130 190 182 84 5 18 167 56 155 43 134 107 127 185 23 174 58 150 168 197 32 129 52 80 61 99 15 11 170 53 148 92 110 77 83 59 74 180 118 120 137 66 75 128 113 163 146 125 93 25 176 165 103 55 26 27 44 143 133 194 78 115 69 63 149 147 183 145 104 36 3 72 82 122 81 28 17 38 119 64 8 89 42 191 164 1 9 186 153 51 154 173 54 35 193 37 175 162 106 96 76 70 126 123 14 73 121 112 40 24 20 159 116 47 39 192 85 188
103: 203 287 232 294 234 222 280 282 299 285 256 272 201 298 258 278 297 259 263 205 257 238 245 267 268 266 283 291 228 264 233 246 251 249 253 293 271 225 215 300 242 284 211 281 221 230 202 247 240 239 210 217 207 275 235 260 279 220 237 273 216 198 252 212 277 296 241 292 226 255 244 295 286 261 199 262 219 269 236 243 218 270 289 288 265 250 206 274 223 200 254 290 248 224 227 204 209 229 208 213 231 214 276 68 150 149 192 80 91 82 49 112 12 32 142 135 46 33 52 180 125 153 10 9 77 128 183 7 21 123 16 37 64 69 120 185 88 65 93 105 151 86 34 72 22 63 50 190 110 26 136 101 165 57 179 175 132 144 115 146 97 99 42 87 27 98 145 94 113 106 103 89 181 51 195 117 79 172 160 56 166 167 134 100 8 55 4 122 130 2 158 35 58 5 45 164 163 92 168 47 174 17 182 73 41 109 96 102 71 28 197 193 189 95 44 155 152 90 157 139 62 59 15 140 83 107 173 156 54 116 127 53 11 108 48 196 118 14 43 1 6 66 148 138 131 36 19 137 121 162 178 191 176 186 184 143 74 61 78 76 85 24 75 141 188 159 170 111 104 169 23 60 114 3 124 129 126 25 31 38 187 30 20 194 67 39 84 119 161 40 18 133 147 13 154 171 177 81 29 70
104: 13 95 73 5 46 104 19 6 88 57 10 107 79 83 32 23 16 106 4 25 41 90 78 63 89 105 60 24 26 54 8 39 86 71 37 64 2 56 111 68 38 58 84 75 14 22 43 17 74 98 12 27 100 69 97 76 40 80 29 3 94 42 36 48 77 102 34 61 9 45 70 53 91 30 67 15 7 21 66 87 81 99 52 101 62 82 31 65 110 109 1 85 18 44 28 50 72 59 96 103 11 92 108 20 51 49 93 55 35 33 47 173 123 228 263 288 188 218 242 150 214 179 145 232 163 137 128 257 236 209 204 191 265 244 206 297 295 169 180 247 136 160 280 132 240 170 133 139 185 220 130 268 254 252 256 279 266 284 262 215 153 271 134 182 144 289 270 261 273 135 223 119 161 298 278 224 275 146 237 189 267 203 227 276 131 238 239 183 253 234 205 122 285 293 116 299 292 282 300 260 248 291 199 281 201 158 152 176 286 115 124 125 222 202 143 269 255 196 141 154 168 155 251 245 138 229 112 175 198 226 177 231 200 184 151 192 164 283 290 149 296 235 272 217 147 156 243 114 219 210 193 118 166 120 287 140 148 241 277 195 225 294 165 197 113 246 259 213 207 159 157 174 194 187 190 264 208 233 212 167 186 249 216 221 126 171 211 127 117 162 181 250 178 121 230 172 129 274 142 258
105: 52 228 141 114 58 271 8 67 9 120 47 236 154 166 238 10 15 209 66 286 263 27 7 32 284 84 108 62 16 259 256 138 146 93 262 153 294 148 175 266 178 237 189 246 38 174 133 275 287 129 261 130 267 136 194 297 276 96 163 191 193 142 31 81 224 151 167 59 54 265 164 272 215 277 21 165 289 29 171 159 76 116 45 280 190 244 182 24 140 149 12 42 124 83 111 225 80 249 53 36 2 25 97 186 291 5 219 253 210 11 211 49 202 264 150 235 139 40 241 160 204 119 298 155 91 217 18 293 39 199 299 105 60 4 221 94 243 70 187 37 230 288 250 251 122 65 79 106 23 180 172 273 99 61 203 126 255 125 212 86 56 185 69 113 98 226 233 77 232 89 206 145 183 64 268 104 245 28 137 218 229 107 72 179 134 144 118 95 282 88 157 100 13 176 283 227 19 285 35 103 68 110 63 274 3 278 46 168 90 158 128 115 279 200 208 109 17 195 213 50 177 82 102 207 205 123 92 269 258 295 22 30 281 112 220 192 6 270 234 51 257 162 260 127 156 75 121 41 34 216 147 290 132 184 117 198 26 231 222 135 73 43 252 143 248 170 196 242 240 55 78 101 173 44 161 20 131 292 71 188 169 181 152 296 201 247 197 223 85 14 300 57 48 214 254 33 87 1 239 74
106: 46 291 101 144 142 259 156 91 9 83 261 103 158 71 21 84 209 70 7 140 6 117 154 155 185 107 121 33 153 202 151 40 169 166 184 221 159 150 171 147 116 186 299 262 165 110 96 195 248 146 285 192 10 118 300 37 250 194 24 86 256 170 43 145 1 75 90 255 289 69 28 265 172 81 199 88 45 13 290 173 243 271 280 11 268 168 293 95 257 113 51 41 104 175 263 87 215 174 231 245 181 129 201 34 282 8 80 217 298 223 177 235 230 242 136 283 56 234 78 188 109 232 82 205 213 296 132 149 100 270 124 200 102 60 279 50 65 239 38 58 29 23 3 228 227 237 63 53 162 236 105 61 275 203 22 32 138 67 127 204 20 115 218 212 292 12 131 55 94 294 252 253 19 122 176 93 62 240 128 214 111 288 284 120 42 216 106 89 119 114 44 18 264 281 79 137 229 210 189 5 260 112 220 163 224 179 27 190 249 47 191 297 15 92 125 73 286 2 287 208 295 54 139 266 133 25 35 74 251 269 59 31 148 222 273 207 241 49 178 143 99 68 180 152 272 39 219 244 30 278 85 134 197 26 161 98 276 238 183 196 225 254 97 167 277 36 274 141 267 72 206 135 64 57 52 233 157 164 66 187 4 193 226 76 211 108 14 123 16 126 77 160 247 258 198 48 17 182 130 246
107: 125 170 137 116 166 150 142 149 195 131 128 154 132 167 144 175 118 187 178 161 165 160 146 117 127 126 176 123 183 169 114 130 155 141 164 156 157 184 115 147 159 145 179 129 134 113 168 193 120 153 189 112 121 182 122 138 177 173 152 174 185 172 181 140 186 139 119 143 151 180 197 124 194 162 191 136 135 188 163 190 148 196 171 158 192 133 43 70 243 249 88 244 45 198 254 52 71 94 65 228 255 11 97 50 47 214 81 2 282 270 285 231 9 35 93 225 298 292 83 240 72 274 288 267 211 58 26 23 278 60 63 76 73 280 222 56 252 41 38 203 36 3 256 220 291 7 75 34 224 74 238 232 82 207 261 21 230 296 10 69 20 246 8 14 281 101 237 200 216 31 253 279 62 272 91 1 48 242 39 95 287 32 92 106 275 22 85 78 46 268 59 19 299 205 290 24 99 84 215 293 258 33 55 86 17 90 61 13 218 241 245 5 108 297 209 251 257 102 247 79 111 201 89 264 40 100 271 204 223 12 294 64 262 54 28 37 277 105 219 57 263 250 30 208 286 80 53 284 260 16 239 300 87 199 202 42 15 206 276 217 103 4 289 96 233 265 236 109 104 107 221 67 6 248 283 68 295 18 25 51 234 235 212 77 29 210 266 213 110 226 229 269 49 44 259 98 227 27 273 66
108: 122 123 119 185 187 114 162 125 169 117 118 192 126 152 193 149 142 164 157 191 151 178 194 148 121 155 137 116 160 174 172 144 154 128 168 156 115 180 159 130 184 183 195 182 127 173 197 132 196 177 163 176 179 181 140 147 139 143 188 175 166 133 153 170 189 167 165 171 113 158 186 190 161 145 136 134 150 129 124 141 112 131 146 138 135 120 12 81 85 22 10 272 208 229 231 67 300 276 267 43 298 95 210 69 219 103 239 217 75 198 221 21 266 109 289 244 11 30 270 64 54 201 46 8 61 240 250 281 29 295 275 73 251 5 202 215 17 55 283 39 87 26 246 106 98 223 44 287 241 60 297 38 24 228 27 274 13 248 32 273 86 3 82 245 205 92 227 277 42 80 230 206 18 293 9 213 79 91 258 220 262 34 31 62 89 6 263 65 269 259 35 66 256 271 260 101 255 94 40 108 203 77 261 209 53 72 199 249 265 288 20 105 107 200 57 104 41 232 58 25 235 214 47 51 33 99 23 278 1 15 50 233 252 16 257 218 284 68 7 216 110 291 59 71 204 222 243 237 52 282 212 49 299 234 74 19 247 28 264 63 296 96 14 286 84 226 111 292 97 93 253 242 224 45 48 76 280 88 70 83 211 279 36 90 4 102 294 37 78 290 100 207 56 2 236 254 268 285 225 238
109: 219 288 211 235 293 284 200 255 258 212 262 274 214 250 229 216 228 297 225 270 273 299 208 266 256 199 240 272 227 239 209 267 295 257 224 281 275 298 264 252 202 286 221 246 280 230 261 283 278 218 259 279 231 251 254 269 296 203 248 247 263 206 241 198 237 217 204 238 213 282 232 245 271 277 242 236 205 210 276 201 220 222 260 285 223 294 234 289 290 249 226 243 265 291 244 207 300 215 268 233 292 253 287 45 131 68 145 140 174 160 186 70 137 13 26 169 148 185 155 51 32 37 47 117 31 16 99 40 184 118 187 95 38 144 49 8 10 166 25 52 105 33 39 147 20 91 123 191 102 7 6 30 63 193 171 73 96 88 94 126 177 75 82 60 189 34 14 59 21 178 135 17 81 57 194 149 42 143 62 55 103 182 156 46 165 72 66 176 139 109 107 53 67 23 64 9 108 134 85 130 92 100 127 1 36 89 195 128 196 43 154 71 65 110 84 150 19 112 3 197 167 113 162 4 114 11 122 106 188 159 29 151 136 161 119 15 90 48 76 181 168 153 50 173 18 180 125 77 78 80 175 115 22 87 44 164 116 97 79 120 138 172 111 58 41 98 35 28 133 24 142 183 146 170 132 124 93 83 190 101 86 104 27 5 157 129 56 141 61 179 121 69 163 152 158 12 74 192 2 54
110: 248 242 286 46 218 289 131 295 177 6 274 28 273 101 50 213 194 142 143 74 182 56 43 275 79 55 133 2 108 121 59 71 176 39 129 87 282 4 271 15 205 141 116 113 168 284 278 200 72 281 199 285 211 32 137 259 148 158 94 24 30 159 244 171 254 117 195 40 197 97 163 237 201 190 253 165 96 270 166 183 157 20 220 149 47 36 145 238 60 49 54 162 230 106 292 170 191 37 252 123 134 219 261 128 17 58 246 155 115 216 126 184 83 290 120 164 217 221 89 247 234 140 7 110 179 146 276 198 297 208 100 223 172 279 293 251 21 192 29 95 136 33 267 268 99 258 250 161 51 18 257 53 291 81 111 16 66 62 65 132 147 34 44 11 215 73 114 25 61 240 5 263 178 118 64 239 206 48 104 63 112 1 130 256 107 68 86 185 10 175 241 287 76 41 169 232 189 90 288 210 93 296 8 193 186 85 298 52 119 19 226 127 88 174 160 9 152 204 75 35 294 245 139 214 209 225 77 187 57 98 202 26 135 249 235 173 156 222 272 69 196 212 243 207 188 80 67 233 38 280 144 283 299 300 150 236 124 224 14 23 269 262 264 103 255 109 138 167 229 125 42 228 78 180 31 227 203 266 82 13 22 102 231 92 3 277 154 91 84 122 260 45 153 12 105 265 70 181 27 151
111: 129 173 116 39 124 230 33 159 270 171 42 144 232 3 118 257 32 99 111 27 178 152 229 115 65 20 289 202 28 181 157 237 142 221 193 265 239 125 108 83 259 194 245 64 80 24 216 88 182 199 180 284 283 38 141 112 76 162 114 297 285 154 95 263 290 7 288 155 273 272 299 49 146 132 252 47 48 158 82 86 224 238 175 242 58 200 98 133 266 67 126 294 121 204 6 236 177 97 282 100 192 153 235 280 36 25 205 62 168 81 4 140 213 127 102 167 156 227 179 300 277 231 91 211 70 107 56 225 89 128 293 276 184 105 295 163 106 196 262 30 165 215 119 45 12 135 243 253 298 101 55 222 210 2 256 260 220 203 214 84 271 147 275 79 248 228 208 46 137 96 145 138 77 13 240 40 219 166 92 60 63 71 281 53 191 17 185 201 212 22 296 209 31 18 258 186 268 255 264 187 174 52 9 218 93 69 8 189 286 122 94 234 254 110 150 172 72 87 103 54 250 226 251 131 291 278 5 274 117 176 206 143 249 223 34 149 104 197 247 217 75 161 130 244 74 50 139 292 136 19 44 11 41 57 169 246 279 195 21 120 269 16 190 188 51 68 26 261 10 287 23 109 35 160 85 59 241 73 1 183 61 134 151 233 78 170 29 207 14 123 148 90 15 164 37 113 43 198 267 66
112: 104 260 24 51 96 135 71 23 175 59 97 277 212 110 171 155 55 26 133 276 131 111 58 157 180 88 245 21 240 288 274 269 224 25 227 232 109 246 299 43 52 27 256 42 29 122 62 120 239 68 271 163 83 211 252 112 220 40 268 179 207 265 156 129 191 169 15 77 149 9 13 219 78 225 282 198 165 209 162 248 196 143 105 134 95 123 249 283 223 164 114 32 181 84 262 235 66 147 6 7 238 161 285 204 214 210 237 18 102 244 72 208 116 217 100 187 257 251 243 121 64 61 86 231 263 222 275 119 158 56 90 151 192 205 11 145 38 186 233 20 278 291 218 215 250 298 194 247 236 34 54 293 174 8 213 200 203 67 108 46 234 49 17 172 5 63 74 190 60 206 258 4 79 144 118 128 16 101 2 93 92 281 173 10 160 82 14 221 139 167 99 45 195 146 12 287 254 261 91 266 22 166 182 138 202 197 272 259 296 228 137 124 267 255 289 127 294 87 39 132 300 1 178 273 154 36 279 290 115 35 31 242 107 229 19 264 168 33 148 199 125 47 65 48 53 152 270 153 292 117 295 230 30 226 98 57 50 136 41 142 189 286 241 284 253 94 73 76 184 140 216 70 130 106 188 201 103 28 193 141 170 280 44 85 89 80 159 176 183 3 81 69 113 126 177 37 75 185 150 297
113: 97 118 146 18 104 224 34 66 111 86 280 68 103 221 147 95 57 232 22 249 100 115 131 117 129 200 286 32 78 2 214 211 292 73 1 241 294 9 56 266 41 174 248 14 105 71 216 153 42 240 264 288 88 261 279 16 191 70 155 85 83 283 139 55 90 151 231 30 98 116 80 96 255 189 40 177 4 82 148 35 43 126 185 17 150 133 94 203 154 256 47 44 79 24 120 236 128 152 296 67 178 59 205 263 254 166 144 38 235 28 209 186 170 112 102 45 198 63 195 192 7 190 122 179 258 141 175 165 157 25 269 23 250 75 39 229 145 64 210 48 171 69 6 202 130 278 109 143 99 265 183 119 282 168 50 106 217 114 285 220 13 300 149 243 188 208 121 223 33 293 273 20 228 27 138 74 290 271 251 281 291 53 46 184 84 167 3 274 62 239 93 295 158 206 244 297 193 247 218 136 49 156 37 81 299 8 161 215 10 58 267 233 257 26 238 29 76 61 173 124 180 197 268 245 125 65 201 227 52 287 140 92 230 135 31 259 72 110 163 160 21 275 204 234 276 260 225 5 36 142 272 132 15 172 169 226 108 54 270 87 187 277 159 51 298 242 19 11 176 137 60 213 101 253 246 199 123 162 12 181 134 164 77 194 252 127 289 207 284 91 222 113 237 196 262 212 182 89 219 107
114: 275 117 191 124 166 75 300 59 186 71 255 265 146 35 204 94 185 160 134 93 261 90 172 21 187 131 195 223 278 1 37 176 274 252 106 173 116 250 279 55 109 123 174 78 149 297 45 76 286 280 99 242 50 163 74 72 154 67 115 81 200 143 259 25 155 51 41 290 139 192 254 151 130 215 170 15 145 207 244 277 156 203 4 273 88 180 157 114 292 206 293 147 181 247 77 198 63 256 136 2 53 101 29 66 175 138 230 111 39 107 144 219 199 260 24 91 291 22 95 122 82 140 227 188 241 281 42 104 14 197 236 110 276 34 213 98 251 283 6 120 220 153 234 9 164 152 89 239 33 162 137 38 243 126 189 294 289 221 68 7 245 20 287 119 267 12 269 19 298 13 249 159 40 105 54 248 16 193 79 56 26 52 225 257 150 295 127 148 103 237 132 43 96 100 58 262 202 270 60 224 196 161 284 209 214 178 169 92 83 44 235 85 102 285 240 184 212 23 70 183 177 263 288 57 168 73 8 128 64 211 266 28 61 233 129 201 226 112 121 228 253 3 182 179 17 268 208 158 32 46 282 86 97 210 217 238 232 27 125 135 36 47 69 65 271 11 216 272 80 10 108 165 167 264 18 48 229 246 190 222 218 231 31 49 258 141 87 118 299 30 194 133 171 205 113 5 142 84 296 62
115: 244 238 276 237 201 236 263 267 281 280 297 249 270 200 284 266 215 265 248 246 260 210 268 216 241 224 232 269 220 247 254 288 212 230 205 218 294 286 206 213 278 204 252 240 298 262 226 274 300 222 272 258 264 285 208 271 293 259 255 279 209 207 214 231 233 253 242 291 243 202 223 245 283 228 290 261 275 199 219 292 229 256 295 198 227 296 282 287 277 203 273 239 221 234 299 250 251 211 235 257 217 289 225 57 46 161 71 59 166 190 26 126 155 191 80 181 139 56 168 24 159 4 17 188 113 49 58 75 10 110 103 154 96 142 12 196 36 39 47 136 118 185 121 116 131 93 173 18 153 99 91 29 64 48 60 1 179 108 163 50 151 42 72 95 52 149 83 152 143 178 194 169 145 192 106 14 81 182 135 195 156 79 111 115 82 137 172 2 40 41 187 38 32 189 86 11 87 89 69 125 70 34 197 84 132 160 65 44 170 55 51 7 54 165 88 62 9 5 193 176 23 28 13 22 144 117 122 180 74 146 67 123 98 133 119 129 167 130 171 148 175 35 45 174 109 94 104 37 147 186 68 100 31 164 158 134 101 6 157 140 77 63 124 33 61 66 127 30 120 184 183 16 53 97 8 141 177 73 85 102 92 76 19 15 25 112 138 78 3 20 150 107 162 27 43 114 105 128 21 90
116: 2 14 160 27 118 69 201 167 283 55 145 108 192 99 50 40 273 76 70 227 46 237 90 102 223 77 59 56 144 73 135 33 126 107 43 18 91 119 129 277 78 220 142 268 190 300 151 263 203 94 96 194 1 122 253 291 235 29 62 212 92 259 3 267 42 116 256 164 205 230 257 286 181 248 39 85 74 236 12 265 45 88 186 98 293 195 106 262 278 162 251 87 171 20 15 185 197 136 154 289 179 79 93 35 228 6 17 32 294 9 280 149 137 247 200 298 231 214 10 215 245 72 157 153 83 147 64 222 150 80 31 296 295 240 8 292 176 177 204 131 120 49 239 148 271 249 175 155 275 188 288 246 82 21 242 52 196 23 7 128 103 287 224 86 174 111 274 34 284 279 100 172 140 139 166 258 213 156 133 113 168 285 221 234 260 206 37 272 255 216 244 26 117 104 198 208 158 138 143 232 178 47 207 110 127 130 189 63 53 4 115 146 183 173 299 187 141 57 58 184 84 161 81 165 199 61 48 225 219 114 182 19 95 109 290 269 25 210 44 51 241 134 152 121 180 211 193 170 270 233 41 281 132 125 65 163 264 238 169 67 202 68 217 218 54 123 28 11 226 191 254 243 24 13 60 282 297 105 229 30 159 36 112 22 97 38 16 124 209 89 266 66 75 71 252 250 5 101 261 276
117: 173 140 190 179 47 134 75 133 112 191 142 186 127 292 221 245 246 165 281 240 3 37 21 46 231 104 252 266 171 41 213 123 124 178 45 251 166 268 201 28 77 241 257 158 110 131 72 69 218 139 143 40 219 159 78 57 130 162 9 8 147 53 63 198 297 244 259 267 214 137 160 107 22 234 34 79 242 15 270 136 217 67 265 119 91 76 100 282 58 227 210 154 38 203 226 94 272 279 50 146 296 243 262 163 11 294 253 35 36 176 7 92 71 230 84 254 121 298 180 43 120 168 184 194 248 280 29 182 128 10 31 293 271 16 101 109 115 145 89 19 153 208 238 276 66 229 199 64 62 150 156 185 70 235 285 211 88 247 59 151 5 181 54 193 1 256 209 261 250 290 4 233 207 215 192 81 13 249 144 85 277 86 23 24 174 204 106 175 33 74 117 12 172 113 224 30 114 299 44 239 102 206 222 264 87 118 135 197 236 260 60 126 90 39 286 68 212 108 255 183 164 129 288 122 125 278 93 167 95 105 300 202 103 96 132 55 56 26 98 216 237 65 291 42 141 111 170 161 188 25 152 169 225 220 32 200 80 275 61 6 99 295 27 20 195 273 51 289 2 187 196 138 82 14 18 157 49 284 263 232 148 274 149 258 155 228 116 269 97 223 52 17 83 177 48 189 73 205 287 283
118: 205 207 215 293 254 240 246 261 234 237 225 272 248 204 244 263 201 202 290 216 286 217 281 228 241 252 270 238 282 218 257 260 292 289 299 251 267 239 253 298 284 212 213 278 245 206 229 283 219 208 255 268 258 297 200 259 291 296 199 256 288 221 235 210 214 222 269 242 223 274 275 280 279 273 262 264 276 271 249 247 266 287 224 211 203 236 250 295 198 285 300 277 232 243 209 265 230 233 220 226 231 227 294 127 58 88 154 20 164 10 6 182 37 30 15 46 120 59 84 76 85 145 12 29 162 65 153 186 146 159 152 93 94 67 112 24 113 61 66 131 137 77 124 110 90 100 178 86 26 122 114 19 7 166 176 55 177 22 117 3 42 118 23 89 5 18 53 121 144 192 75 136 155 40 119 41 102 195 56 25 169 141 73 62 135 171 191 34 27 43 149 139 48 197 36 11 147 99 133 92 9 54 50 179 140 150 1 111 175 172 51 142 156 39 70 157 81 83 57 128 109 105 134 174 47 161 126 125 72 38 160 4 168 97 52 184 68 138 8 13 173 187 69 95 28 33 91 129 32 148 180 104 17 107 123 170 181 190 2 143 16 31 189 194 35 80 132 103 115 87 63 14 71 151 96 130 196 167 163 106 45 98 60 79 116 193 158 185 49 165 183 44 64 188 74 101 21 82 108 78
119: 294 230 262 255 232 286 213 237 270 198 282 235 209 266 229 274 256 239 247 244 249 269 225 236 251 234 277 300 199 248 298 241 202 226 208 212 240 281 297 275 257 264 214 272 200 203 254 245 265 206 279 223 267 278 228 259 215 253 238 288 283 219 271 205 260 290 285 201 220 258 233 250 243 211 273 227 221 231 296 299 276 204 207 222 210 292 295 284 216 242 261 246 280 287 218 293 252 263 217 268 224 291 289 41 105 93 34 25 171 111 124 180 45 10 78 54 4 121 65 147 39 31 79 95 145 156 172 2 77 100 155 24 64 47 72 114 130 98 85 17 197 20 118 70 148 162 58 61 44 159 166 158 173 36 161 187 135 176 194 51 19 138 108 133 115 57 28 69 89 151 63 190 5 186 50 157 144 13 140 3 142 1 189 116 81 132 122 146 131 139 113 92 141 86 18 195 55 26 120 68 53 179 43 29 6 21 109 66 127 83 75 128 40 84 80 152 46 22 183 168 38 60 23 112 175 149 119 99 76 123 126 56 12 150 181 106 153 117 125 110 30 15 74 137 170 103 62 73 97 178 35 67 101 167 104 192 52 49 107 143 184 11 165 37 32 191 164 82 160 7 42 27 59 48 94 96 14 33 91 129 193 134 16 182 88 8 90 71 185 174 177 196 188 169 163 9 136 154 102 87
120: 227 104 208 126 8 193 255 201 98 64 139 233 266 288 294 189 259 221 160 13 14 10 239 268 248 19 16 236 167 237 211 191 62 105 117 32 179 168 11 254 196 178 137 125 284 184 30 265 246 90 93 258 12 182 235 28 155 56 146 76 33 118 107 149 165 130 238 170 281 63 156 97 164 108 257 82 187 72 77 256 47 127 241 195 223 51 78 194 226 46 15 171 289 143 113 174 92 87 115 23 252 214 152 60 27 260 3 212 84 215 197 159 272 162 142 198 243 216 185 242 79 81 136 229 102 7 44 295 110 1 157 172 207 57 177 169 55 213 26 283 158 273 119 147 122 20 271 175 282 53 269 96 299 71 67 129 94 183 245 188 151 133 35 25 287 154 297 253 121 45 291 225 280 166 39 91 148 206 249 173 120 66 296 89 58 61 41 135 186 101 276 17 251 40 103 99 163 262 199 232 192 2 285 100 34 112 219 181 247 290 200 230 161 114 240 65 43 264 134 150 209 128 138 222 205 73 131 22 68 218 9 83 145 203 228 50 176 4 69 111 6 95 123 49 244 106 190 250 36 277 286 31 59 204 279 116 140 210 124 180 278 141 224 217 153 54 75 267 70 261 52 37 270 29 202 263 144 293 85 42 86 292 88 74 24 234 274 38 18 48 298 275 80 132 300 231 220 109 5 21
121: 124 189 174 196 190 183 139 184 129 182 140 123 126 179 146 133 186 164 194 152 143 161 170 127 117 188 138 155 122 120 165 132 172 191 185 175 142 166 178 163 169 180 148 131 195 167 145 128 177 119 154 116 147 162 134 136 135 197 193 156 176 158 192 168 173 121 118 144 160 149 141 157 153 171 113 125 159 151 114 187 112 181 150 115 137 130 7 39 213 226 5 27 25 28 51 29 202 208 46 65 106 81 232 72 54 13 71 68 73 260 23 92 216 111 282 9 108 231 34 290 64 250 60 41 89 205 278 258 85 262 99 263 66 297 212 227 101 296 257 275 247 40 53 246 286 58 4 218 55 15 199 198 209 3 69 80 70 294 109 206 273 214 78 67 47 82 270 103 271 83 242 2 291 280 96 210 100 261 233 18 16 217 91 222 86 24 268 295 269 253 8 19 220 211 289 107 276 230 279 77 277 239 33 267 255 44 30 292 6 56 244 98 32 285 110 1 274 281 94 75 237 26 10 74 243 248 95 299 229 36 203 79 265 272 256 93 287 224 219 300 251 12 259 61 50 201 22 215 49 283 35 288 42 240 31 105 298 59 76 221 17 11 104 236 21 225 207 235 204 62 254 38 87 223 102 52 238 63 249 293 234 241 37 88 14 245 284 43 48 57 45 266 20 264 228 200 90 252 84 97
122: 180 130 137 186 138 164 133 171 181 163 148 144 158 191 116 119 115 196 113 182 197 147 166 142 192 188 136 173 157 162 120 154 128 172 149 112 145 131 167 134 179 161 184 132 155 178 185 114 159 176 123 140 143 175 122 152 177 183 150 174 160 151 187 170 153 195 129 165 169 127 135 146 141 125 124 168 194 156 118 117 193 189 190 121 126 139 228 290 262 238 222 21 63 202 90 93 217 198 259 110 42 282 299 212 101 266 20 254 86 252 274 31 256 246 270 218 277 29 35 54 56 296 92 242 36 4 248 43 71 79 199 293 82 278 50 6 206 279 97 209 235 46 107 17 49 74 230 289 287 207 53 260 91 83 240 261 281 286 234 216 264 255 2 7 68 280 292 109 33 5 111 58 81 276 27 224 208 10 214 14 16 271 69 247 268 80 105 272 78 75 298 231 200 34 102 300 223 275 236 294 265 291 40 263 19 211 295 267 76 250 215 39 73 213 51 245 30 269 18 77 72 273 285 59 251 60 87 103 37 44 62 32 221 89 283 95 13 41 45 204 108 11 284 210 12 96 23 205 47 241 25 249 64 226 94 201 244 67 88 15 61 104 66 288 243 99 219 233 65 57 3 48 84 232 55 1 239 52 106 85 225 9 28 38 237 253 229 98 24 8 22 26 227 220 203 257 297 258 70 100
123: 42 180 254 76 181 129 283 52 189 273 217 226 270 230 60 157 130 138 150 229 141 182 258 161 5 110 139 92 114 152 148 33 240 285 278 282 38 143 160 237 102 193 149 293 262 133 112 276 147 264 239 195 94 192 248 100 6 208 30 71 7 231 169 218 221 109 53 252 280 277 82 259 45 300 80 2 1 203 140 21 91 35 75 250 154 236 16 88 168 84 267 132 171 162 144 64 235 46 3 299 165 297 55 174 216 244 233 127 295 93 47 202 156 65 39 26 81 89 31 178 87 298 183 197 214 28 245 15 119 122 69 251 137 200 213 159 11 17 209 185 41 78 279 268 164 186 68 23 97 9 225 228 220 77 108 54 105 66 190 256 128 134 86 118 142 44 223 296 58 167 158 163 14 206 136 8 70 173 63 146 275 205 257 176 104 120 291 153 211 131 72 281 194 241 290 96 10 126 99 32 284 238 111 48 294 74 145 98 125 117 260 234 170 95 12 191 187 103 261 13 151 266 106 227 215 271 37 85 219 36 107 286 249 115 224 4 56 288 269 73 207 287 124 289 43 22 113 246 204 29 274 242 243 292 34 210 49 201 177 265 50 172 155 40 212 196 25 222 51 232 27 135 188 24 247 62 20 116 184 179 121 59 199 123 67 79 255 61 175 263 272 19 166 253 57 198 90 101 18 83
124: 152 171 148 155 54 253 268 37 208 30 10 87 199 248 80 6 27 51 17 23 59 216 282 223 110 79 116 39 166 244 132 286 92 82 226 217 227 221 103 107 191 66 291 215 83 175 38 187 288 293 269 300 146 179 127 154 265 237 267 160 209 281 277 45 49 141 33 280 201 3 271 68 230 139 120 96 173 204 189 48 252 245 294 278 55 197 242 153 297 84 4 20 125 86 284 8 224 275 200 222 22 211 14 165 9 97 168 183 290 263 100 235 24 133 234 299 195 249 136 228 241 36 170 144 233 232 128 260 285 112 130 262 261 106 218 158 1 193 117 64 102 67 296 131 26 115 143 188 157 101 111 264 176 29 181 122 5 52 50 104 257 89 240 62 207 150 274 25 76 124 77 75 81 44 46 119 108 85 194 138 13 2 225 246 279 43 190 213 196 7 270 202 90 140 73 214 184 180 123 295 192 114 11 174 53 159 266 254 99 250 289 161 15 93 134 145 71 255 95 74 34 121 98 238 142 236 243 256 272 177 231 287 21 172 198 63 109 149 169 276 72 65 239 229 88 212 210 69 182 91 12 273 78 220 57 40 18 251 163 35 94 259 156 70 164 56 41 203 60 162 298 137 16 185 206 32 205 19 135 147 167 219 113 61 186 258 105 118 28 247 42 31 292 151 129 58 47 283 126 178
125: 158 114 171 174 163 112 167 190 115 132 125 162 128 187 186 157 175 165 117 141 116 152 184 142 145 121 176 127 177 143 183 170 147 146 164 136 182 173 120 131 129 159 123 189 160 188 133 195 193 135 144 156 197 150 113 181 154 169 180 179 119 172 185 130 194 161 166 140 138 191 126 155 118 151 168 192 149 178 139 134 153 124 148 196 137 122 276 96 250 15 86 292 70 274 22 46 77 47 14 65 67 297 240 252 100 94 54 244 228 4 6 247 60 76 294 11 296 208 280 73 32 204 239 199 233 220 210 68 206 93 255 18 265 21 215 219 264 261 254 63 59 48 243 58 272 277 35 279 291 81 104 281 241 259 275 198 235 298 222 295 43 286 288 242 37 283 229 90 34 3 216 268 61 224 52 2 217 110 260 89 31 99 231 102 109 221 245 97 209 36 91 207 230 38 248 289 26 13 30 27 234 72 45 62 249 50 263 258 200 270 49 29 211 92 273 284 267 205 293 8 299 203 16 88 213 5 257 278 74 57 236 103 84 51 282 226 214 64 108 39 106 238 262 1 24 107 12 232 256 17 71 287 75 98 33 266 25 251 227 69 53 56 19 253 80 271 212 201 223 7 23 202 82 78 269 101 79 66 237 55 225 9 105 42 95 290 10 28 246 87 20 41 300 83 40 285 111 44 85 218
126: 98 251 243 107 66 155 58 46 81 42 36 15 245 206 290 84 277 293 180 68 209 114 224 55 74 109 178 279 75 138 252 57 112 5 28 216 233 41 159 242 183 181 249 179 248 286 80 244 299 20 120 280 205 227 237 40 105 158 18 19 289 238 72 197 11 135 240 255 12 73 108 298 89 201 126 146 56 163 61 102 144 64 106 34 32 184 228 162 154 168 86 269 104 31 70 115 185 127 292 44 236 139 62 273 67 260 71 129 215 226 276 38 160 137 101 100 52 239 204 124 165 123 33 283 16 297 230 173 268 188 262 82 278 21 258 193 152 90 253 110 257 182 92 2 14 37 213 254 202 76 95 284 234 134 83 199 43 166 229 136 23 272 59 200 24 261 1 88 94 207 241 219 232 97 198 149 288 93 282 125 13 256 4 132 79 212 174 69 17 25 141 187 130 235 50 111 53 203 157 133 78 10 211 30 145 263 45 91 9 131 116 8 259 169 39 176 265 222 171 218 210 223 247 267 264 170 189 295 6 285 291 217 231 194 117 266 96 195 121 87 274 65 294 7 35 164 26 140 151 196 270 128 191 27 48 175 29 49 167 186 172 177 63 150 192 275 220 3 225 122 148 77 214 153 300 99 51 147 281 22 296 143 118 60 103 119 85 190 221 156 208 246 113 250 47 287 271 161 142 54
127: 203 264 161 75 275 195 139 190 174 204 222 245 31 67 73 115 293 218 10 21 36 241 58 93 233 294 51 244 209 160 113 29 269 91 250 64 169 39 249 85 185 112 133 69 84 121 138 38 134 1 157 289 205 107 3 176 237 13 230 68 71 60 45 178 89 47 295 57 242 290 163 220 279 191 254 100 291 177 23 262 167 263 52 258 164 243 283 98 170 6 40 193 201 132 182 86 28 114 260 251 288 270 179 99 180 272 92 278 8 119 175 158 223 129 165 287 140 146 96 72 276 61 284 110 281 184 32 111 108 238 19 156 42 16 126 240 215 102 30 77 217 35 46 79 81 166 210 226 172 55 123 87 248 298 277 292 261 117 194 145 151 78 97 4 103 227 186 34 65 70 188 246 122 285 104 196 232 212 50 54 153 198 152 17 216 199 128 9 265 148 41 20 219 142 144 229 228 221 124 208 11 33 202 48 206 173 168 105 183 224 143 239 257 274 171 141 273 266 296 280 5 25 53 44 234 181 207 247 154 214 197 94 225 24 231 22 211 300 76 116 147 235 125 27 213 282 109 192 12 267 118 299 297 74 253 162 131 256 150 37 88 200 189 149 59 120 127 137 26 286 271 82 2 155 252 83 130 159 80 255 268 135 236 187 101 43 62 7 18 63 15 259 106 136 90 95 56 66 49 14
128: 12 62 291 47 120 84 250 134 64 249 88 160 142 101 22 37 223 208 295 300 215 79 183 82 155 190 86 172 193 66 90 213 50 196 26 235 200 255 161 165 65 2 147 247 31 273 177 227 11 248 46 252 56 146 129 49 281 209 144 157 143 214 61 231 219 180 107 222 241 204 202 42 81 236 132 108 41 159 30 178 158 272 283 276 83 92 174 232 77 16 293 225 154 48 3 179 103 17 71 271 141 111 237 240 244 126 95 181 150 176 55 21 245 260 43 163 296 38 69 230 73 294 63 104 168 34 195 184 279 263 186 145 173 261 298 51 170 20 262 115 58 130 136 224 166 292 218 29 97 96 123 33 254 153 35 169 164 257 182 53 114 253 6 256 1 5 39 206 216 156 32 68 274 171 138 151 259 109 199 201 80 265 175 239 192 85 67 93 99 234 277 280 187 242 87 233 297 229 78 122 94 19 100 268 266 238 4 102 140 89 119 264 185 106 290 110 210 285 162 112 57 270 18 23 139 133 167 74 76 205 148 284 217 116 258 15 40 125 91 278 228 13 203 198 72 275 24 98 36 28 226 194 75 286 9 124 211 45 54 117 137 105 27 289 113 267 14 221 44 7 59 188 135 197 282 128 121 299 269 60 10 52 152 149 207 220 8 243 287 212 251 189 127 288 70 191 118 25 246 131
129: 259 134 79 149 153 191 101 54 103 121 144 203 77 65 74 100 55 117 59 28 166 81 197 94 41 228 3 51 280 67 7 125 92 75 140 2 196 146 233 175 95 108 202 42 287 267 238 254 281 156 90 24 275 227 247 278 43 282 110 165 232 151 209 11 230 290 234 260 15 245 116 173 119 295 89 186 279 80 284 269 91 78 53 62 271 128 210 104 265 35 239 26 93 213 68 270 222 9 177 36 184 87 231 23 273 192 127 206 205 294 219 183 20 60 198 162 71 179 212 272 221 288 178 86 17 52 126 155 129 182 207 69 40 161 172 243 105 97 167 8 5 218 18 235 56 225 139 158 118 112 296 181 268 130 83 226 135 174 142 138 164 289 199 189 16 1 76 204 124 291 111 44 61 114 64 169 252 136 176 255 194 14 106 185 154 211 157 237 72 200 33 266 57 12 152 38 63 159 170 48 208 214 262 30 98 229 29 264 39 37 84 187 274 47 150 250 137 244 299 249 148 277 31 25 298 256 123 286 58 163 70 171 188 6 242 236 122 46 190 217 45 240 13 223 50 133 246 147 276 34 160 143 241 220 145 27 96 251 224 32 253 115 109 248 261 107 195 141 257 193 4 132 283 82 180 73 99 66 113 168 10 19 120 300 297 263 292 285 215 102 88 131 49 85 216 293 201 21 258 22
130: 72 278 147 289 155 158 30 128 184 83 91 294 230 57 290 20 210 21 148 26 260 280 50 124 218 109 264 65 292 231 149 191 19 103 198 3 211 165 256 164 217 141 53 80 287 34 115 95 285 152 42 253 275 14 163 247 56 52 175 108 299 176 90 197 276 174 269 267 132 248 291 295 242 180 85 119 240 284 63 37 102 228 59 251 194 297 99 286 279 8 161 273 81 135 223 67 268 169 258 36 232 64 121 1 157 271 183 23 185 44 125 192 70 107 131 173 187 154 166 224 110 35 234 282 96 4 263 117 195 213 160 123 199 134 153 244 241 203 140 245 136 145 18 31 13 225 255 10 202 73 215 239 133 112 167 206 162 221 7 293 243 47 138 182 209 237 60 43 252 222 76 100 168 262 181 6 238 55 101 54 150 126 68 48 142 62 216 186 69 212 207 196 122 2 288 51 129 296 208 17 214 94 205 254 143 137 272 257 177 300 249 12 88 71 41 144 40 270 87 93 105 82 84 281 190 74 45 274 151 156 78 259 171 236 15 189 58 261 266 111 172 22 98 159 114 193 204 146 79 229 32 220 188 33 11 250 116 97 298 46 27 106 39 16 219 200 277 29 86 170 265 89 92 75 38 201 5 246 9 61 227 179 28 66 118 139 178 127 77 120 233 104 226 49 283 130 25 24 113 235
131: 83 114 124 71 188 144 117 31 225 282 18 283 203 58 147 106 197 11 288 247 141 86 246 195 200 286 253 275 208 187 122 87 221 219 299 1 198 153 27 280 192 268 229 16 41 103 48 270 113 285 46 82 159 165 237 295 50 51 193 39 125 126 235 293 177 260 210 13 287 37 38 110 25 78 100 178 258 279 206 142 264 49 232 129 220 89 233 145 186 265 69 148 271 24 61 273 168 138 242 80 296 107 212 261 62 257 101 59 160 64 34 180 7 248 243 68 4 43 47 135 26 262 5 154 21 134 256 33 173 36 199 130 267 95 105 164 202 65 228 218 63 109 176 14 67 23 207 60 231 151 118 174 19 22 234 137 157 205 244 227 127 223 162 169 156 116 99 30 119 136 97 278 150 179 131 42 28 52 6 40 216 252 300 290 108 143 45 104 121 201 133 15 76 29 96 236 272 184 139 209 85 66 115 75 240 53 111 32 166 10 298 294 102 194 9 70 189 8 163 224 92 215 73 297 79 90 94 152 98 12 155 91 251 196 140 3 55 120 158 191 56 274 2 217 112 77 266 276 263 93 289 230 254 54 204 175 149 84 128 284 171 17 57 74 123 259 44 292 181 81 172 211 161 291 213 245 185 239 214 183 170 255 88 226 277 167 249 72 250 35 238 132 182 269 146 190 241 20 222 281
132: 220 219 9 64 146 248 6 181 280 272 250 152 19 52 196 225 84 221 205 70 268 292 144 270 36 294 279 55 252 137 197 138 208 87 228 10 49 114 107 242 178 235 211 20 18 258 289 226 119 185 25 169 239 159 8 237 53 171 236 259 98 247 124 245 168 13 123 291 256 190 33 300 172 293 298 260 68 116 269 102 72 149 150 66 189 276 74 56 148 121 122 40 215 69 90 244 99 257 234 94 161 183 240 180 118 186 246 229 23 283 194 233 295 71 86 177 162 95 78 261 97 217 57 45 265 284 143 31 271 204 89 132 14 3 231 54 243 188 4 61 206 297 139 1 223 253 109 128 216 120 96 287 176 203 63 156 191 127 230 202 267 105 198 113 106 82 93 232 32 154 100 167 22 218 26 277 140 160 67 153 200 222 155 184 286 278 213 273 65 91 262 41 115 83 165 195 34 77 296 16 241 224 142 85 274 104 134 48 39 187 73 92 17 88 81 58 179 108 30 60 173 227 141 212 43 170 125 50 5 147 201 44 7 27 12 157 59 255 80 42 21 210 299 288 136 238 192 251 163 29 37 264 103 151 166 207 11 111 145 290 62 15 35 199 51 131 281 46 182 38 209 101 130 266 158 174 135 24 133 175 254 76 47 117 285 112 164 75 28 193 249 282 214 126 263 275 2 79 110 129
133: 185 65 175 115 270 8 100 222 300 257 271 286 19 151 269 54 125 76 80 17 182 127 111 137 142 275 13 101 243 153 123 59 26 237 296 200 193 152 94 234 40 298 277 92 249 86 154 39 184 158 177 174 32 176 211 228 207 254 253 23 11 48 292 102 173 121 58 295 235 89 93 77 170 280 260 216 242 24 133 156 9 99 47 52 289 198 144 212 166 138 56 293 244 114 238 299 108 250 21 66 135 201 143 148 15 136 124 7 129 113 35 57 229 287 72 248 191 251 203 264 44 284 168 20 29 279 167 82 110 36 190 192 145 128 147 165 107 88 220 53 91 278 266 61 70 183 140 204 95 5 45 55 223 87 281 22 83 226 163 239 119 227 116 131 85 214 67 43 109 3 160 150 245 25 274 196 241 64 219 134 106 294 164 33 159 208 132 41 215 68 31 149 51 2 28 276 247 205 256 122 258 290 105 130 186 117 63 73 84 240 291 262 236 162 112 263 218 210 179 267 187 62 261 74 118 213 232 141 96 79 27 272 60 259 221 78 50 209 297 194 181 97 230 139 104 81 1 126 155 282 265 120 10 233 171 75 34 283 180 224 252 30 285 255 46 98 146 90 202 217 195 42 288 225 268 188 246 12 38 189 16 157 169 231 161 172 103 273 178 197 18 6 49 206 71 14 69 37 199 4
134: 251 44 204 230 47 70 271 127 295 171 103 61 150 25 243 216 76 292 125 200 178 140 280 34 9 45 207 22 245 223 157 141 49 261 85 161 175 255 121 166 115 81 97 184 8 139 177 3 20 99 1 242 18 274 188 33 31 55 145 214 58 142 187 299 89 182 74 132 219 170 83 297 11 143 78 294 215 246 106 164 276 60 241 91 10 209 238 63 93 185 179 237 112 88 167 236 195 24 138 272 282 2 101 84 176 41 168 77 277 203 264 281 30 239 37 108 180 173 66 48 279 275 110 136 286 260 252 205 123 7 120 265 56 26 206 169 27 134 96 212 278 130 147 181 220 291 92 98 165 23 283 191 21 273 221 174 57 287 186 290 32 104 289 4 12 149 86 211 113 247 225 36 258 144 196 42 244 298 95 284 300 266 172 224 222 218 159 296 71 163 267 158 254 197 152 6 107 240 199 111 210 126 53 133 135 39 67 68 75 122 16 228 40 79 52 249 293 192 64 35 162 102 256 208 117 151 50 250 17 235 229 285 54 105 198 146 262 129 28 257 73 234 227 14 29 5 124 72 116 154 189 202 114 231 253 109 80 19 232 259 137 183 119 288 156 62 268 160 270 118 94 13 248 201 148 15 226 100 46 51 69 128 213 82 153 43 38 65 269 87 59 233 194 155 217 131 263 190 90 193
135: 239 253 9 257 140 57 74 92 21 152 96 37 41 82 206 227 275 157 167 62 121 68 169 235 172 95 180 163 63 277 255 216 186 236 110 107 158 162 196 252 153 75 76 256 117 28 98 102 268 200 207 182 258 247 105 148 282 78 295 189 54 87 179 20 22 160 170 208 35 178 267 8 260 266 72 240 228 126 116 289 34 42 242 11 238 294 224 205 66 50 4 83 278 15 201 251 283 134 67 241 27 298 176 81 45 53 297 195 165 166 138 184 154 70 133 127 84 3 212 90 175 270 111 89 10 12 246 88 223 145 290 71 220 150 296 285 56 123 24 73 49 197 101 112 288 25 183 46 5 139 141 161 225 36 113 39 234 97 142 143 147 130 29 1 199 61 177 168 100 85 106 48 69 26 233 32 250 58 19 264 55 237 291 114 263 211 125 243 214 156 284 80 181 159 149 136 151 103 94 221 38 122 59 43 217 190 300 245 30 261 91 191 2 194 230 286 108 60 131 248 129 213 259 188 119 6 269 187 23 215 222 232 280 193 271 219 293 209 52 229 146 198 244 231 93 254 265 124 174 210 16 292 115 7 192 109 262 226 164 14 204 272 137 218 47 273 135 77 132 64 274 281 173 31 65 276 299 51 86 17 185 104 287 120 79 13 44 279 144 40 203 155 171 99 33 128 118 18 249 202
136: 213 203 179 205 97 285 235 289 195 225 166 39 104 33 163 83 154 118 268 146 293 71 19 277 49 119 284 65 256 28 229 186 279 145 45 29 216 214 215 295 296 78 8 22 76 86 168 243 258 236 196 102 95 96 60 269 160 219 228 116 88 169 232 103 139 91 170 272 221 54 3 56 79 240 283 250 69 251 276 109 290 147 4 16 41 291 193 204 173 248 257 121 42 222 270 180 108 144 237 44 271 187 123 288 226 7 260 82 25 72 194 114 188 46 66 98 127 299 85 63 9 190 48 137 18 13 208 189 27 17 67 128 244 112 184 181 40 287 191 175 101 126 106 182 5 125 134 2 254 36 1 70 231 247 209 178 246 32 11 151 50 94 300 57 149 158 177 90 278 157 105 262 23 80 242 165 176 62 162 92 230 122 26 241 261 89 34 259 156 12 107 140 37 233 93 135 218 138 21 294 192 31 265 58 224 43 73 292 143 35 74 130 148 100 234 132 64 152 249 115 171 141 150 153 220 253 281 197 10 286 117 198 111 131 252 274 133 120 185 24 129 223 172 87 201 211 210 30 14 212 52 99 280 161 267 59 282 174 124 266 298 297 47 84 263 245 136 61 164 75 110 51 15 55 6 142 53 77 167 159 206 275 68 199 200 239 38 264 20 238 113 155 255 227 217 207 183 273 81 202
137: 173 118 164 135 122 167 127 166 169 138 140 114 195 126 149 196 162 179 170 155 157 123 130 136 159 153 134 182 172 175 193 139 133 187 176 146 124 148 189 192 183 163 188 191 147 181 112 180 154 156 161 115 194 132 177 128 168 119 152 142 125 171 131 160 113 178 137 141 174 197 165 143 144 184 145 120 190 117 185 116 151 158 121 186 129 150 201 265 253 238 280 224 30 79 54 12 228 245 52 86 82 288 299 72 34 264 13 26 32 247 259 263 104 85 84 50 2 221 66 240 236 108 77 71 4 94 283 81 291 43 216 8 242 16 237 278 17 89 6 5 65 100 60 233 258 289 277 232 255 225 300 74 202 20 262 275 285 249 14 215 92 29 272 96 76 214 45 55 203 270 63 282 219 205 252 206 200 231 35 73 36 99 208 80 230 61 105 279 217 109 18 64 211 292 260 227 297 273 287 23 1 103 90 243 37 38 39 11 51 78 220 266 210 106 251 269 213 21 75 48 22 98 67 28 83 111 293 198 257 7 107 62 68 15 44 91 276 294 97 234 31 33 204 27 218 87 261 212 199 49 102 274 25 284 46 254 248 47 250 223 286 271 70 88 69 42 226 3 57 93 268 241 229 207 19 110 298 256 246 295 222 53 244 40 281 209 296 267 9 235 101 56 59 58 239 290 10 24 41 95
138: 152 165 171 125 172 179 124 113 144 173 120 170 188 195 151 197 176 135 185 141 178 183 163 146 147 191 115 148 189 187 158 193 181 162 118 153 157 161 167 143 131 175 184 126 127 140 154 138 142 166 174 114 139 149 160 169 119 122 137 128 123 159 145 132 192 180 155 156 133 182 177 186 130 121 112 116 129 164 150 196 117 194 168 134 190 136 43 232 89 287 38 266 57 216 261 54 105 241 26 29 55 50 272 90 255 271 18 226 32 269 274 97 278 71 35 52 283 296 49 246 237 37 16 211 209 265 68 221 40 6 58 286 236 21 298 257 64 233 79 240 76 46 15 66 223 270 199 230 7 96 8 200 220 254 201 78 3 212 10 31 267 91 104 252 17 284 100 219 61 282 9 294 262 14 33 92 277 77 264 62 225 224 44 80 243 279 98 244 249 12 242 253 234 218 72 34 42 27 65 214 202 110 291 88 47 268 231 93 69 102 217 73 28 111 74 11 238 63 259 247 22 263 51 94 99 5 281 24 56 300 239 210 36 25 295 60 85 1 248 256 235 81 13 107 59 48 297 276 288 45 83 70 289 250 208 39 101 106 20 299 205 87 203 245 103 292 108 198 23 2 204 75 86 19 82 30 67 273 109 293 206 227 95 290 228 280 53 84 260 258 4 275 207 285 229 222 251 41 215 213
139: 190 10 289 201 220 172 284 122 229 79 225 294 234 113 14 162 205 90 81 36 189 5 232 42 166 290 20 150 221 105 118 157 97 279 26 146 191 143 111 223 240 158 6 160 159 139 249 107 1 19 110 52 271 30 255 219 120 76 3 125 173 12 250 68 243 100 127 8 204 170 233 259 22 192 270 210 156 213 239 43 60 199 174 282 169 21 285 44 176 74 251 266 258 92 218 50 155 295 128 263 226 66 65 87 121 84 96 267 115 7 280 194 149 41 292 227 78 104 264 93 275 141 300 18 186 77 181 161 94 195 123 11 296 269 299 119 144 286 164 278 208 153 187 298 276 109 175 15 180 138 202 215 114 247 82 55 35 200 124 64 252 9 242 132 131 197 70 85 151 253 133 297 241 47 254 67 214 112 261 293 238 244 268 179 236 117 188 28 260 228 274 182 231 212 216 185 49 137 142 16 287 71 34 57 248 27 147 48 198 257 31 80 154 61 184 4 63 193 25 86 196 281 32 262 206 101 224 178 288 95 108 17 88 53 273 256 283 103 98 152 13 211 165 265 277 237 51 72 235 209 230 177 24 23 183 217 40 245 62 91 39 58 171 145 272 116 37 136 129 102 45 222 59 207 33 168 130 99 134 167 106 246 148 46 135 29 89 69 140 54 56 163 73 291 126 83 38 75 203 2
140: 252 244 229 299 273 251 286 298 289 211 284 221 213 280 226 198 224 288 225 199 228 296 200 275 203 212 217 283 258 282 297 293 248 234 267 278 249 271 262 266 245 287 276 202 218 235 291 214 237 261 269 294 272 232 257 230 219 250 265 295 222 277 241 255 240 207 263 201 260 290 238 300 243 279 264 209 239 216 259 223 208 281 270 204 242 233 285 246 253 205 220 231 206 292 236 210 268 215 227 247 256 274 254 161 57 102 128 163 72 177 144 123 55 19 181 92 180 130 111 93 147 137 78 76 153 134 18 88 21 90 23 189 118 188 56 52 156 183 154 155 48 15 11 3 69 103 4 34 165 127 143 148 84 7 197 30 112 32 142 94 141 158 82 70 33 53 176 140 174 149 196 124 172 75 182 42 191 193 49 171 22 164 138 77 62 5 81 65 51 64 129 195 126 85 28 16 43 101 192 135 167 14 99 44 41 159 107 150 58 46 47 1 116 91 80 73 86 54 50 132 87 38 170 108 67 61 24 139 121 175 40 169 29 95 119 74 39 9 133 157 113 190 89 60 162 79 63 110 26 13 136 115 178 173 184 98 151 66 185 187 12 120 131 168 2 83 104 105 27 114 100 186 146 109 17 45 106 117 96 37 125 8 145 97 122 160 194 36 25 35 152 179 31 6 10 71 59 166 68 20
141: 158 127 104 42 232 103 289 93 191 8 257 195 57 188 99 143 264 60 125 94 136 34 251 12 29 203 59 294 262 108 55 227 256 175 174 164 249 112 106 202 129 111 72 250 300 166 109 78 154 144 142 115 222 24 246 85 180 225 58 96 274 70 275 259 122 217 212 283 5 30 183 11 68 272 197 270 67 41 9 76 15 279 290 114 63 231 6 18 100 17 91 130 75 211 116 28 258 254 214 2 240 52 66 98 163 88 277 81 177 101 192 157 25 223 146 43 208 23 147 198 285 189 113 204 33 92 27 151 237 267 141 46 298 19 86 159 139 213 21 196 243 248 105 178 95 13 102 239 53 218 255 160 209 266 117 45 170 284 149 235 73 280 54 260 16 247 185 121 291 186 224 207 107 1 97 7 4 82 282 47 228 190 77 171 287 234 201 226 153 236 296 241 124 128 26 79 179 150 44 168 253 39 271 132 281 84 194 220 182 205 133 14 140 230 162 119 51 245 184 110 200 193 123 31 292 156 64 126 187 297 169 261 181 40 286 276 293 71 35 268 252 50 167 62 135 173 10 148 131 161 32 3 278 145 152 80 229 172 22 273 176 137 37 165 87 233 210 263 134 65 242 238 89 120 244 74 199 295 155 38 206 118 216 69 221 48 219 36 56 299 90 288 138 83 20 49 265 61 269 215
142: 242 38 124 123 293 30 279 222 208 98 225 142 71 116 176 94 186 214 153 20 133 210 120 252 266 296 23 66 59 235 131 238 283 97 185 91 205 52 87 150 43 162 104 27 230 57 152 156 139 8 167 51 232 1 9 166 140 65 211 173 37 7 213 288 68 29 286 248 4 202 75 144 136 77 171 129 26 212 18 174 36 160 14 81 282 96 17 154 73 300 229 287 272 22 259 78 256 62 12 61 2 21 218 254 220 101 277 241 178 281 187 273 89 284 271 299 92 267 72 106 132 294 268 258 115 147 130 240 15 86 172 269 108 102 111 6 203 246 155 180 223 28 56 149 181 280 50 145 216 49 41 88 169 60 67 58 63 290 5 121 55 193 16 128 226 10 175 127 122 243 112 143 221 251 69 227 119 190 105 183 64 234 297 265 275 278 206 134 236 117 199 19 295 260 99 250 249 262 168 215 3 135 151 146 74 197 70 84 231 39 13 109 237 118 44 201 253 188 192 33 114 161 113 233 247 32 125 239 270 100 177 48 141 82 126 191 209 31 219 11 182 298 34 47 179 85 165 79 107 289 110 103 148 170 164 24 257 276 35 157 291 292 263 217 200 42 207 45 46 228 274 184 90 163 204 76 83 244 137 285 245 93 138 40 189 53 158 195 196 25 264 194 54 95 80 159 198 255 224 261
143: 126 133 122 143 123 118 127 194 181 134 112 154 162 167 175 164 171 157 161 119 141 188 142 190 155 178 135 124 169 185 147 148 114 144 197 115 121 170 189 176 136 131 153 139 174 192 149 152 113 195 186 132 168 187 146 128 117 165 158 193 196 116 183 173 184 172 151 138 166 145 191 160 120 125 182 177 137 159 163 150 130 179 140 180 156 129 60 56 244 72 225 256 69 233 21 24 231 272 281 66 99 50 105 300 76 48 242 284 94 3 96 12 253 86 262 53 92 107 207 299 59 22 57 250 17 198 241 27 90 283 217 245 292 108 257 265 110 203 20 276 227 65 279 239 100 234 260 41 208 106 30 216 199 14 5 237 268 15 11 7 240 243 1 85 218 68 202 74 252 205 236 255 82 258 267 26 226 43 266 25 286 95 88 297 87 215 270 277 254 10 79 228 89 61 78 230 33 222 224 4 295 62 104 51 52 204 251 38 91 221 32 63 77 287 39 2 293 18 19 73 201 210 290 46 16 291 232 45 271 219 200 54 282 246 220 44 103 273 29 214 264 209 75 280 235 248 70 23 13 294 288 211 9 261 67 31 71 49 109 259 238 98 64 285 278 229 102 93 47 212 83 35 247 289 296 28 36 223 81 8 37 213 111 263 269 40 298 6 274 206 58 97 249 101 84 42 55 80 34 275
144: 58 254 113 69 186 22 67 31 196 93 256 180 57 80 131 203 135 13 157 243 140 235 125 212 179 9 293 188 56 78 15 263 284 95 159 145 200 26 75 198 7 170 35 276 258 39 181 119 209 194 94 54 288 246 248 273 208 274 37 111 216 166 43 190 104 150 222 287 14 19 45 169 127 154 238 17 227 167 87 175 269 220 218 184 72 36 292 163 277 149 16 24 62 92 30 229 262 109 82 219 239 98 63 41 185 283 215 132 51 280 275 114 210 138 195 11 61 86 214 83 146 202 18 189 88 53 265 171 250 252 49 177 291 158 272 232 40 118 139 296 134 204 47 253 136 176 236 173 182 153 23 172 25 174 64 183 55 8 260 3 164 5 187 264 168 108 161 165 231 178 237 141 267 112 130 81 48 261 224 281 201 115 244 101 270 32 294 193 97 148 245 66 230 242 38 297 197 70 155 42 20 128 279 156 105 271 285 192 234 300 79 217 152 65 4 162 123 278 133 221 147 27 84 116 10 226 295 233 60 240 68 117 299 46 255 199 106 266 290 90 143 107 29 73 289 206 21 44 91 213 268 110 223 151 129 1 59 144 76 96 160 225 124 120 33 12 99 247 50 257 52 142 34 103 122 2 286 211 282 137 207 6 71 251 102 228 74 100 205 126 77 89 298 191 249 121 28 259 241 85
145: 182 77 154 152 42 145 107 251 156 117 116 132 35 64 50 22 270 285 73 228 177 33 16 283 203 220 3 141 149 218 211 229 234 284 79 43 209 280 236 138 275 19 266 109 76 176 88 256 202 178 25 13 93 198 14 163 264 137 115 294 54 39 184 224 15 66 143 262 289 230 231 210 201 297 47 1 28 166 170 213 125 74 27 6 147 278 56 122 169 30 10 276 5 226 55 72 48 53 254 171 20 7 65 208 84 292 134 207 186 104 267 69 38 281 102 124 296 11 238 51 78 8 60 299 118 159 247 255 62 237 36 142 18 131 46 128 158 204 106 89 70 144 165 150 83 221 112 100 216 190 173 272 114 12 248 239 232 130 86 68 17 81 103 191 215 101 34 291 87 189 23 180 2 206 298 257 295 259 94 29 273 135 129 148 217 246 49 194 300 80 260 99 175 199 37 155 253 45 151 96 219 9 32 188 185 153 181 293 95 136 279 263 243 287 241 164 274 110 105 183 92 111 90 75 160 290 31 126 41 98 140 127 108 288 192 235 227 57 24 26 244 52 44 71 168 139 113 179 157 242 223 120 161 63 59 250 277 197 187 269 261 91 97 121 162 245 249 196 268 146 58 225 240 233 265 205 82 193 282 174 167 40 4 286 195 61 214 133 258 212 200 222 67 119 123 21 271 172 85 252
146: 167 179 163 40 208 152 275 81 210 30 184 144 128 170 3 45 288 94 110 201 98 12 236 49 300 142 285 17 92 218 46 61 85 268 154 109 75 230 161 204 133 84 271 4 294 188 73 282 153 36 229 238 147 64 209 166 296 250 63 22 219 37 214 47 88 151 259 39 38 100 226 13 55 252 65 145 247 7 97 80 281 264 195 237 53 32 276 16 185 121 211 265 126 104 107 235 171 52 148 182 150 253 231 127 140 87 141 260 14 198 112 143 103 33 295 51 27 116 267 60 224 241 106 177 108 297 192 227 277 42 187 157 262 254 217 216 165 139 10 222 115 240 160 155 246 137 34 82 194 274 291 54 257 220 164 298 79 159 290 125 2 191 263 149 190 21 186 244 261 233 62 113 266 221 203 283 205 176 69 213 269 5 183 207 119 83 129 299 169 178 29 243 89 135 248 272 1 25 111 8 19 15 200 225 286 77 24 44 57 123 202 35 270 6 273 122 292 68 95 251 99 9 215 78 76 174 18 134 101 180 136 255 67 293 289 105 280 245 48 11 86 50 90 284 175 196 70 71 26 172 102 58 41 131 256 130 189 287 162 258 232 193 206 20 28 31 181 74 72 228 223 242 118 23 66 43 114 93 96 249 279 234 59 239 132 120 91 56 197 146 117 168 124 278 156 212 173 199 138 158
147: 245 267 294 199 293 234 282 246 209 257 238 276 210 269 298 278 291 285 204 295 226 259 202 207 219 203 258 284 271 273 222 242 223 215 288 283 270 268 287 255 254 253 201 239 281 221 290 224 248 286 214 277 232 292 261 262 225 296 289 251 206 236 256 227 275 212 247 280 198 216 272 235 244 250 274 217 230 211 243 240 229 263 252 300 299 220 205 260 208 228 279 200 265 233 266 264 213 241 237 249 297 231 218 16 141 115 127 14 130 55 76 169 90 128 104 126 9 18 56 140 96 173 60 185 77 11 29 197 179 87 137 138 30 10 70 118 98 69 73 63 13 188 180 164 125 174 109 108 111 17 28 7 129 158 79 22 165 86 95 21 166 50 119 143 132 68 39 191 35 182 142 82 162 19 100 183 196 163 83 65 123 58 54 46 24 168 20 38 89 157 116 75 8 80 139 84 102 66 91 181 27 147 67 160 34 6 12 195 99 78 148 150 193 72 175 23 131 43 37 32 170 94 154 186 152 189 192 172 36 97 153 57 4 92 161 144 101 88 2 135 25 1 112 52 105 44 107 5 61 194 176 15 48 136 145 146 113 93 151 159 49 167 121 187 120 133 59 184 41 171 62 85 110 103 31 64 117 51 190 40 134 178 71 3 122 74 81 124 53 149 42 26 155 114 106 33 177 156 47 45
148: 234 297 251 294 224 209 219 204 237 213 299 249 270 205 201 281 271 274 244 253 216 263 257 266 264 226 286 199 217 206 200 292 242 262 227 229 210 208 248 250 212 279 272 239 247 240 223 291 298 260 261 198 221 233 214 287 228 288 246 284 218 202 245 276 300 256 243 222 268 230 225 290 267 296 231 282 236 207 255 278 235 259 252 220 265 258 289 269 285 241 277 211 273 238 280 232 293 283 254 295 215 275 203 151 161 167 14 180 74 81 88 79 28 121 189 123 36 150 143 99 196 186 59 102 133 122 126 179 120 95 168 60 187 178 85 11 136 193 190 93 173 75 87 175 104 77 97 128 6 32 159 141 9 149 1 2 117 20 38 18 183 84 127 177 145 55 188 119 35 160 83 113 138 172 191 147 134 144 44 130 82 170 106 185 181 169 3 31 65 56 61 197 46 22 23 4 66 86 142 47 171 110 16 33 48 26 42 49 103 184 135 73 89 7 78 39 8 195 64 53 107 111 29 52 163 153 118 34 40 15 62 108 72 182 166 76 162 192 158 125 129 174 105 57 152 176 41 131 50 100 63 140 21 51 80 157 19 139 69 54 194 58 154 43 109 24 164 94 17 27 45 115 146 114 13 112 98 25 67 30 92 96 116 124 68 90 91 12 71 155 132 137 101 156 70 165 148 10 37 5
149: 240 221 281 266 293 282 288 257 253 277 233 268 280 290 203 219 283 220 217 210 205 204 278 263 199 231 225 234 287 250 292 244 218 289 211 201 254 202 212 252 226 271 246 251 262 227 269 213 232 224 274 230 228 265 264 299 236 272 216 258 260 237 241 235 247 279 297 239 267 243 198 255 273 215 300 296 242 223 259 245 248 206 256 209 294 270 291 238 249 275 261 208 207 276 214 295 284 285 200 229 298 286 222 81 67 108 86 12 41 127 79 110 143 6 163 73 4 76 129 180 144 154 47 186 13 82 95 185 172 7 94 35 49 11 77 160 132 5 139 168 159 30 116 78 54 130 8 157 3 59 196 16 57 93 80 171 184 170 109 31 179 69 137 53 121 23 52 136 24 102 9 15 65 134 106 187 113 26 44 111 117 175 174 36 165 56 197 96 58 107 138 125 99 85 72 87 62 124 104 148 149 193 115 162 37 2 27 166 183 71 167 152 131 32 151 146 190 21 83 63 28 181 114 147 141 145 164 25 126 161 123 194 40 42 1 120 89 182 142 156 178 92 34 101 18 119 169 118 192 135 70 140 19 153 33 29 98 55 51 150 46 66 48 61 128 158 91 50 68 122 60 100 97 173 17 133 155 84 75 103 14 191 20 188 10 38 177 176 112 74 22 195 45 64 189 88 105 39 90 43
150: 194 215 185 162 165 116 195 207 110 102 168 1 198 123 96 43 300 221 248 293 129 290 179 80 204 213 237 72 67 54 155 145 193 176 114 214 246 178 258 158 226 9 174 199 254 249 225 108 270 64 169 89 95 76 144 82 125 272 99 44 28 83 279 250 285 288 284 201 38 126 66 186 88 49 143 297 142 14 159 130 224 122 167 161 227 98 192 278 35 212 268 242 205 181 105 41 184 4 163 74 197 39 16 46 121 157 139 233 257 208 51 150 251 53 22 42 188 23 260 171 277 200 231 217 79 77 109 156 262 10 292 69 5 60 2 236 239 106 149 24 70 274 63 131 222 12 11 299 261 138 97 59 78 103 266 175 282 56 84 273 298 265 296 230 228 210 58 182 196 234 252 61 71 173 132 36 238 148 244 219 127 18 92 135 172 47 281 189 90 133 68 187 256 240 119 232 57 202 85 134 27 141 247 146 94 177 45 235 180 216 118 32 206 20 104 136 101 40 15 25 253 50 295 209 21 211 17 264 29 291 62 151 243 91 124 19 283 203 55 160 26 223 33 294 75 120 52 287 289 166 3 241 276 48 255 73 37 191 81 30 7 107 6 65 229 271 147 115 93 152 112 154 183 34 153 140 111 87 275 280 13 170 245 113 128 259 286 218 267 100 263 269 220 164 117 86 137 8 31 190
151: 114 48 168 300 36 237 245 252 209 223 270 151 247 83 124 25 35 233 107 195 95 44 65 85 192 121 280 96 89 283 3 268 108 73 66 239 102 138 57 287 18 292 134 38 272 130 33 93 173 101 158 116 154 274 76 181 64 91 257 294 277 259 137 171 105 100 29 146 117 49 191 67 142 165 159 240 185 170 222 189 143 104 210 80 279 2 220 183 120 13 155 148 11 218 180 236 43 176 20 78 167 264 242 61 94 295 174 62 147 97 8 160 7 224 217 118 262 152 15 186 286 68 37 299 128 122 297 230 184 215 187 52 90 182 79 153 126 81 56 58 156 1 113 59 169 123 275 276 136 194 241 86 28 161 145 10 9 258 99 226 17 198 23 46 203 251 228 201 166 133 19 263 119 141 256 24 253 98 162 265 213 45 231 202 190 208 246 139 69 205 219 172 42 87 199 50 88 221 131 244 298 177 288 125 39 6 72 109 41 16 232 206 229 12 248 216 214 51 144 30 71 5 271 55 92 77 112 269 282 129 27 22 54 227 127 60 135 32 267 111 149 74 70 291 21 53 207 255 84 235 204 197 289 75 34 157 234 14 140 179 31 278 106 266 285 249 178 132 211 261 26 250 110 238 82 296 293 40 175 212 103 290 225 284 47 188 254 115 260 193 243 273 196 4 163 150 281 164 200 63
152: 80 4 79 30 15 54 47 42 68 18 97 81 98 96 61 45 13 44 62 83 5 110 46 103 56 86 19 87 9 49 73 33 78 90 20 22 52 40 104 89 29 77 111 28 8 51 48 107 66 72 21 63 106 105 74 39 25 53 7 34 14 91 38 94 65 17 93 27 36 70 35 32 31 23 10 43 12 85 1 95 109 92 57 84 99 41 60 75 3 59 71 108 88 24 37 6 26 64 50 16 58 69 100 101 67 11 102 76 82 2 55 163 283 271 275 134 175 202 230 282 180 248 190 205 284 226 136 129 247 177 244 251 256 287 113 203 291 286 261 160 243 127 227 212 139 242 294 262 166 299 273 176 208 206 179 194 245 250 187 289 167 186 199 255 150 211 151 152 185 232 114 112 257 224 119 254 240 214 296 154 285 237 298 269 241 121 164 260 117 146 300 144 272 168 195 182 120 140 216 170 183 246 239 157 196 297 141 169 210 280 266 270 192 258 130 201 253 118 229 116 122 158 293 207 223 138 234 225 193 128 143 233 295 252 124 221 162 218 174 198 292 222 235 268 188 290 215 288 155 191 135 281 137 189 219 204 133 178 238 156 249 123 274 279 276 217 213 131 209 228 142 126 171 263 181 231 200 147 159 259 172 265 115 148 173 125 278 236 132 184 145 165 264 153 267 277 197 149 161 220
153: 272 214 229 223 182 99 160 283 232 84 138 295 280 185 105 90 289 169 19 267 18 208 104 66 39 268 25 51 234 212 130 152 217 101 124 192 269 45 128 27 236 40 168 9 137 197 8 42 125 143 190 273 206 78 200 23 70 29 230 277 113 47 173 211 261 127 257 175 46 220 226 209 72 48 52 17 193 285 2 28 151 249 281 107 95 81 260 115 242 279 141 224 114 62 56 12 111 82 265 65 4 297 57 112 275 159 235 263 146 205 274 50 259 97 68 199 63 103 22 156 202 278 187 219 32 37 60 161 76 13 14 89 26 176 147 150 240 254 203 140 38 198 183 24 251 241 157 170 246 98 79 287 1 271 296 256 106 129 44 102 108 244 144 154 247 245 3 253 225 43 221 290 255 300 135 30 165 195 166 294 132 222 139 6 228 164 149 210 31 243 299 5 15 7 133 227 291 284 204 85 288 122 179 213 162 218 33 83 282 270 148 252 163 238 171 250 189 188 120 177 180 35 59 155 109 196 100 41 292 121 231 16 87 207 276 172 54 178 91 55 136 126 10 93 71 118 153 142 58 248 239 293 181 216 194 75 69 94 191 215 134 53 73 86 119 20 131 34 116 80 264 49 64 36 167 21 110 298 92 186 88 262 174 233 286 145 61 184 266 123 258 117 158 11 201 67 96 237 74 77
154: 262 284 88 265 97 198 81 144 78 47 26 114 152 273 43 208 257 38 248 268 111 298 122 15 20 224 109 182 157 238 92 276 2 286 117 100 177 243 153 300 31 237 192 161 233 194 32 142 140 52 125 91 226 105 170 95 159 54 9 84 282 23 164 266 172 247 175 98 289 75 207 49 12 40 113 169 183 166 5 204 8 50 69 154 165 297 211 270 258 184 176 206 33 90 197 139 189 72 36 271 256 193 255 119 3 240 173 168 28 219 213 236 217 174 263 145 186 253 53 129 200 25 281 147 235 210 136 56 229 242 39 46 292 134 65 160 215 241 86 17 30 178 143 269 251 231 70 267 245 264 272 35 118 167 108 279 234 155 74 278 277 131 179 96 71 29 261 13 216 202 180 116 133 205 67 51 102 214 250 94 61 151 223 296 45 232 66 126 187 24 106 55 275 293 162 99 48 121 104 137 196 295 123 132 87 291 138 77 141 158 190 285 188 14 163 259 228 280 58 7 171 62 156 42 44 103 290 11 218 274 239 80 6 22 1 68 57 288 148 41 260 64 225 85 63 203 221 191 254 287 107 76 101 93 27 89 230 60 249 110 201 82 222 73 120 127 244 16 199 185 115 130 83 227 252 150 124 59 246 112 299 195 283 37 220 209 34 135 19 294 21 212 10 4 18 149 181 128 146 79
155: 207 196 249 286 120 37 89 18 4 69 229 281 9 59 149 32 176 282 295 199 231 40 16 67 148 162 166 35 49 52 74 263 106 137 285 133 80 15 161 94 157 44 84 85 57 34 56 105 65 168 273 294 223 264 284 17 276 205 150 245 259 122 203 241 134 33 117 42 164 36 124 70 206 192 283 260 240 220 288 64 228 46 153 152 292 24 172 193 136 71 180 2 200 272 275 243 221 174 28 86 197 270 169 184 178 244 104 112 88 296 155 201 248 198 141 217 147 55 53 265 181 195 128 171 95 262 277 256 208 225 179 25 230 297 290 158 8 300 116 194 175 110 185 51 19 183 142 144 98 268 237 6 119 214 93 22 60 11 47 107 190 163 72 78 91 218 139 224 280 232 216 213 135 250 227 115 114 202 87 68 159 235 14 111 255 12 23 293 76 278 165 287 109 271 146 126 130 186 247 30 291 204 101 50 7 239 246 258 222 92 100 125 188 81 143 73 211 252 27 145 289 254 63 257 269 187 226 238 121 131 31 212 29 79 75 233 3 62 167 39 118 209 66 43 48 274 173 138 99 129 20 97 219 103 160 170 234 108 215 267 13 58 102 182 210 298 177 26 253 140 1 251 5 154 127 261 299 77 38 123 191 266 236 83 132 113 189 54 10 61 96 21 45 41 90 82 156 242 151 279
156: 124 132 155 129 247 205 250 291 226 120 47 126 235 46 279 292 191 260 285 170 227 201 105 290 146 149 294 36 199 43 210 116 180 138 194 179 117 268 284 225 174 299 222 262 59 87 76 122 238 81 62 242 37 169 9 232 190 140 14 181 283 261 40 51 55 11 241 157 203 234 29 142 80 115 95 73 52 60 270 110 96 189 183 277 13 212 243 91 193 21 25 74 177 186 281 93 71 275 86 57 202 50 103 161 231 233 273 286 156 287 97 48 39 137 119 259 41 272 239 160 151 134 136 297 17 78 215 245 211 68 274 221 293 114 184 104 23 45 101 167 42 72 228 200 154 295 92 213 24 64 99 128 143 255 33 135 236 123 237 3 269 112 69 163 133 109 165 175 192 158 144 83 150 251 66 229 31 6 204 98 296 178 113 159 209 12 75 10 162 196 20 7 206 289 88 253 89 282 214 266 102 131 172 152 121 118 100 27 246 188 32 182 252 54 107 271 2 34 197 224 108 230 65 22 19 148 217 280 35 1 257 258 220 195 187 216 248 288 223 94 300 82 5 276 153 256 106 218 28 249 168 164 244 30 15 147 254 16 298 198 145 127 63 58 85 130 26 8 18 77 263 67 49 56 79 141 265 264 84 53 166 125 267 207 176 70 111 185 171 61 4 240 173 219 208 278 38 90 139 44
157: 18 264 95 242 45 294 17 296 151 201 211 165 225 266 281 184 229 80 90 173 36 121 182 245 190 222 289 188 31 262 8 40 87 241 24 14 218 180 253 157 2 68 93 4 210 258 96 5 298 89 164 102 250 223 26 224 143 75 148 139 244 160 178 33 199 66 207 62 170 118 126 56 200 30 34 153 79 57 105 63 149 94 260 6 286 76 265 168 103 73 198 133 259 131 214 54 161 21 71 109 185 117 23 267 159 46 239 183 278 189 19 167 300 108 141 255 220 234 202 243 88 251 293 27 174 114 295 125 156 39 179 285 177 78 144 49 272 146 51 166 227 209 232 82 20 196 7 12 92 228 163 252 112 107 181 152 271 155 288 77 154 194 60 74 11 186 134 269 100 240 9 248 150 205 111 85 55 50 280 116 106 47 263 137 145 212 135 1 192 41 48 249 104 254 273 101 275 268 13 53 169 279 123 124 37 29 3 206 84 175 237 171 191 213 52 238 98 129 65 128 99 132 44 187 195 257 230 91 235 10 226 291 140 216 283 215 61 172 231 25 67 119 86 217 130 122 97 70 287 162 284 236 221 43 256 197 219 59 113 35 72 176 127 142 299 83 58 292 204 15 297 247 81 270 115 282 16 276 69 246 22 32 233 136 193 208 42 64 203 28 147 110 274 277 138 158 290 38 261 120
158: 292 272 270 116 146 284 121 27 8 138 217 211 192 185 35 133 140 86 72 57 202 40 115 69 75 268 126 83 233 163 3 253 258 111 261 274 91 89 106 151 225 176 148 105 41 228 152 7 189 296 216 265 291 273 103 281 209 221 237 87 178 30 224 297 242 67 229 171 79 13 257 93 246 23 254 117 203 21 181 166 109 194 277 169 33 230 92 170 61 177 300 156 123 20 38 241 100 6 212 219 266 9 134 114 17 286 98 37 248 276 81 298 244 255 187 96 267 129 101 193 143 55 160 90 234 94 12 64 256 251 236 290 48 135 73 128 173 243 186 29 77 197 222 259 155 24 49 207 235 34 175 249 231 240 84 280 260 16 167 285 118 213 88 215 282 74 26 108 208 51 165 238 144 125 218 47 122 43 137 44 252 293 162 31 262 149 53 95 263 127 168 124 190 59 80 32 158 25 52 120 289 220 278 36 11 264 76 46 232 201 141 188 102 275 179 205 174 279 195 28 239 250 66 14 142 4 15 71 78 113 210 294 145 214 247 10 2 299 139 62 295 204 288 85 99 196 164 112 70 68 42 182 104 136 65 180 18 226 183 97 130 50 283 39 150 154 60 223 198 22 110 184 287 63 199 206 54 147 107 19 172 5 1 157 269 159 271 58 56 200 191 227 45 161 131 153 132 82 245 119
159: 171 197 192 132 134 167 142 141 184 124 128 182 181 150 145 122 168 194 185 139 172 186 164 130 169 112 188 120 160 175 136 117 190 129 177 137 143 174 154 156 187 183 166 126 165 155 195 161 118 115 146 119 162 189 133 159 140 179 144 191 135 158 170 176 157 173 148 163 193 127 114 116 196 180 153 151 149 138 113 121 125 178 131 123 147 152 23 269 97 243 28 80 203 24 54 21 286 274 279 70 245 217 77 211 104 240 278 56 261 205 267 22 25 32 51 59 43 287 248 81 259 55 266 15 102 27 299 282 232 20 33 86 221 72 7 41 14 263 58 71 202 290 223 235 16 105 5 1 65 256 64 241 283 277 209 78 93 94 291 198 250 2 67 82 252 218 213 293 83 63 47 17 96 264 85 258 34 110 48 281 242 95 31 271 298 260 276 239 98 254 79 39 84 233 238 251 236 268 29 244 288 214 294 246 75 35 224 90 87 100 272 296 253 226 88 216 204 222 76 234 280 292 228 13 50 200 99 9 225 270 103 231 107 89 11 207 91 3 92 4 62 262 10 52 265 45 285 210 57 12 111 101 275 247 18 295 73 208 229 26 42 230 66 219 106 212 227 44 46 273 60 69 68 300 61 38 297 109 237 255 36 30 215 53 199 257 37 249 8 6 40 284 108 289 220 49 19 201 206 74
160: 110 251 166 155 38 103 228 140 59 200 8 201 42 170 165 13 17 151 18 286 51 162 197 61 266 25 154 204 96 5 157 135 52 239 240 279 258 10 60 21 283 245 24 176 185 190 4 189 131 254 79 6 47 233 277 16 89 210 95 153 94 146 208 207 37 213 100 49 15 147 255 77 124 288 114 65 113 125 130 53 48 272 70 93 174 73 158 109 268 22 267 282 143 294 271 75 194 46 215 242 58 63 90 28 280 269 300 80 298 191 219 168 62 119 126 274 111 261 3 148 36 139 108 40 227 102 218 156 107 262 181 144 238 232 7 247 173 117 141 290 1 223 85 87 68 209 193 295 2 270 183 26 188 72 97 285 297 74 214 252 92 184 265 152 106 248 296 172 225 177 134 292 229 264 212 231 222 133 291 249 216 287 71 192 243 39 66 27 105 241 12 206 118 256 211 179 186 220 278 9 275 234 45 199 293 260 88 276 230 273 81 138 23 171 259 69 178 180 161 11 35 250 217 67 30 169 123 167 246 55 149 236 284 159 182 54 31 160 202 50 112 76 150 163 57 121 253 43 224 263 205 101 84 14 281 29 19 32 33 115 98 78 244 91 20 203 122 64 196 137 41 221 44 195 289 86 235 82 127 99 299 164 136 132 83 104 129 187 128 142 257 116 175 145 34 237 198 226 56 120
161: 4 12 81 38 18 54 100 59 108 44 84 79 55 83 32 43 40 94 73 16 30 53 105 68 50 76 5 103 49 24 46 88 77 17 9 15 35 14 51 23 95 29 99 7 39 3 86 67 70 87 91 52 109 90 85 80 101 48 72 31 69 58 63 65 97 110 57 42 36 28 62 20 75 56 13 37 1 47 22 78 71 102 2 89 41 66 60 111 21 10 98 34 82 92 104 74 64 33 19 26 8 96 11 6 45 27 93 61 106 25 107 203 151 143 137 237 198 214 191 251 170 247 157 132 300 113 161 295 240 235 284 124 126 112 257 242 118 176 216 285 156 232 293 206 158 194 146 274 166 188 120 119 298 193 127 299 145 183 263 114 286 220 164 172 178 192 222 229 115 256 209 153 215 228 241 290 195 160 294 289 277 282 279 123 202 138 162 179 181 131 248 130 128 278 125 135 152 253 159 129 175 218 185 182 234 147 210 211 226 270 197 236 267 238 227 155 196 187 217 283 264 273 149 266 189 250 260 249 268 291 173 205 177 169 287 201 296 280 148 275 252 244 165 180 167 255 276 271 116 233 246 136 207 144 243 186 254 212 239 134 133 225 219 140 292 117 141 171 213 168 231 199 297 121 221 261 174 265 223 190 258 230 281 204 288 142 154 150 245 122 200 259 163 184 208 262 139 269 272 224
162: 258 36 141 266 219 151 192 150 180 165 267 191 48 2 225 246 4 79 143 42 160 33 217 194 290 294 10 227 275 289 207 109 108 156 280 37 135 254 53 293 81 145 235 106 216 55 1 126 186 264 142 248 67 245 276 240 261 70 174 247 262 137 94 14 177 153 271 297 104 12 71 199 179 132 11 274 136 82 28 158 112 119 218 288 209 253 91 278 210 62 229 200 120 77 257 56 59 270 87 188 97 13 296 101 169 149 76 133 251 122 89 283 24 123 100 85 282 215 43 98 73 50 46 202 52 40 107 285 233 222 277 45 203 39 152 228 226 30 58 140 237 187 103 157 211 8 175 38 23 146 3 49 21 167 75 243 90 130 281 171 206 148 88 273 234 279 268 244 113 18 61 66 163 298 72 168 31 242 265 83 5 26 259 185 128 110 114 29 256 68 7 231 84 205 287 214 134 93 105 92 74 190 295 9 170 131 223 196 138 213 300 121 147 224 232 236 117 208 197 6 198 64 260 95 238 111 125 161 230 22 60 63 164 127 239 19 178 286 44 124 129 220 27 51 249 195 99 115 162 299 201 252 34 118 35 159 269 139 221 41 255 182 193 155 32 154 183 272 47 20 184 172 204 69 16 54 173 102 57 17 284 116 96 212 65 78 189 86 291 176 80 241 144 263 250 292 15 181 25 166
163: 131 206 17 217 71 180 69 84 104 107 54 285 136 130 12 242 219 260 53 274 57 190 66 11 264 161 141 199 155 94 105 167 273 50 151 182 228 24 159 275 189 297 112 197 198 196 146 237 110 152 111 45 271 235 85 203 216 97 209 31 177 6 23 35 293 29 117 32 77 175 121 214 87 231 205 262 100 138 88 227 26 201 178 79 186 16 40 148 21 258 158 73 103 109 244 165 129 101 200 68 193 300 91 181 215 61 153 125 251 47 166 48 122 188 144 234 288 139 143 67 279 37 145 19 5 267 42 76 123 59 295 245 243 81 223 20 221 287 39 124 298 259 137 176 119 28 127 208 229 194 241 224 2 60 290 55 173 192 46 254 247 126 25 239 90 70 220 184 30 58 187 281 246 86 43 140 4 207 52 294 168 179 149 132 38 99 9 13 56 225 108 276 156 142 248 96 113 211 226 133 33 1 41 212 195 74 114 98 204 78 256 280 18 62 257 263 270 284 232 106 134 213 191 250 34 44 162 170 296 233 8 261 92 10 95 236 83 49 27 255 118 128 63 249 210 222 238 15 116 89 64 292 282 22 286 102 160 135 115 65 163 277 93 154 266 164 268 283 218 183 299 174 72 7 150 172 82 240 169 14 291 157 230 253 265 269 120 252 272 289 202 185 147 75 36 278 80 51 171 3
164: 202 216 245 222 294 272 205 260 297 262 268 224 295 300 258 256 204 231 298 208 218 267 299 235 253 248 284 288 257 252 265 266 264 214 290 220 259 285 230 276 203 225 250 283 198 228 281 293 211 201 236 273 215 280 263 199 271 219 237 212 247 279 234 292 291 244 254 270 227 282 287 200 207 221 206 223 246 289 217 243 226 229 277 213 274 269 278 209 240 239 241 210 238 242 275 251 233 249 232 261 296 286 255 117 125 173 77 154 126 116 196 74 69 177 122 181 42 79 182 97 135 52 21 164 55 113 26 186 8 100 65 20 96 72 44 144 95 133 184 127 170 178 137 59 169 171 91 192 155 32 107 115 3 134 124 183 153 30 4 185 162 194 80 158 121 147 76 159 10 88 24 23 14 67 130 46 28 53 83 62 140 17 78 49 108 119 7 176 56 11 19 160 31 188 118 161 38 81 128 90 61 187 112 33 195 174 148 105 18 104 63 89 85 84 129 71 15 150 35 68 106 27 9 66 145 43 73 25 151 82 36 131 75 109 111 172 99 60 102 37 110 175 48 189 22 138 58 86 12 2 6 1 139 29 94 93 34 98 179 163 136 87 157 114 166 41 165 101 142 146 143 149 64 92 156 190 47 57 132 123 103 193 168 197 120 50 39 5 191 141 16 51 180 40 70 45 54 13 152 167
165: 257 51 67 36 201 193 97 89 240 292 270 288 208 268 46 291 197 207 111 117 269 247 185 158 96 53 91 104 47 38 9 168 186 274 182 250 281 242 29 232 8 286 62 12 14 279 109 262 289 57 223 11 5 144 252 169 183 99 79 219 90 74 246 137 130 94 175 52 127 101 1 116 66 300 76 230 13 236 95 189 234 165 113 166 293 151 213 237 92 149 174 209 61 173 147 284 255 171 84 27 7 226 126 123 205 267 80 259 214 243 24 15 290 229 17 124 125 178 3 63 40 212 31 227 112 263 191 220 254 18 136 56 167 238 132 231 222 199 188 216 19 55 299 179 108 85 163 23 81 258 105 102 72 285 202 221 244 156 283 275 203 37 157 6 148 48 160 282 88 120 16 135 119 106 75 54 241 260 133 93 107 49 266 256 152 162 98 295 184 235 228 265 239 249 58 138 196 50 78 271 180 59 217 248 21 172 194 41 87 122 297 10 2 134 103 65 143 33 26 176 233 20 225 4 294 146 100 280 192 32 70 82 177 129 218 287 154 118 145 273 277 39 115 187 131 224 35 272 86 211 28 30 278 198 210 64 141 77 83 128 181 60 139 276 190 142 296 245 161 73 153 264 114 68 298 150 206 261 204 71 22 34 170 121 110 195 69 42 45 155 215 25 253 251 140 44 43 200 159 164
166: 295 211 254 282 223 207 255 212 245 235 226 244 228 296 265 277 279 287 227 234 233 217 198 262 273 210 267 283 261 250 257 221 285 205 264 300 239 260 202 248 286 276 263 220 229 208 270 271 213 225 247 224 241 237 242 252 281 206 253 199 240 274 297 246 216 266 293 232 200 268 203 289 259 231 238 201 299 256 275 215 269 291 218 298 284 278 280 272 288 222 204 249 230 209 243 290 292 236 258 219 214 251 294 149 110 48 23 158 176 75 196 56 107 86 126 76 41 177 4 118 125 22 160 131 188 174 103 112 35 32 161 33 117 120 109 166 83 97 37 36 94 146 66 128 172 30 139 38 9 67 167 114 193 141 153 147 142 185 92 145 5 133 138 181 111 72 173 53 3 169 152 190 60 78 45 43 101 77 132 93 13 108 88 187 65 155 44 71 73 104 124 54 137 168 123 14 143 7 61 100 148 178 42 165 182 57 154 28 186 26 46 99 1 113 102 90 180 39 70 98 157 21 11 64 40 15 68 34 84 163 184 159 17 189 55 87 135 19 6 69 183 195 129 25 175 127 10 85 24 96 52 156 12 27 62 197 134 29 16 151 170 58 47 95 136 150 144 162 63 115 2 106 194 81 164 8 116 31 18 171 179 130 191 51 105 192 119 89 91 121 140 49 20 50 74 80 122 79 82 59
167: 232 217 270 235 206 222 213 287 290 248 259 299 209 226 250 211 282 215 291 265 228 263 241 277 278 271 288 268 227 223 292 201 229 256 246 280 236 212 247 295 243 249 269 225 293 264 220 242 208 207 240 214 252 202 205 266 251 286 283 238 258 198 244 297 199 219 285 230 255 275 221 260 281 276 294 245 272 234 233 224 257 203 296 300 273 204 218 200 262 284 279 253 274 289 261 231 254 210 267 216 237 239 298 34 47 2 46 57 67 142 43 31 135 141 163 7 187 167 103 145 120 24 132 93 131 191 178 62 138 79 86 98 113 53 112 89 130 152 101 184 140 168 171 189 27 159 15 133 173 172 162 150 82 148 65 70 153 22 117 170 4 72 134 155 41 58 81 40 137 5 77 105 55 147 192 20 185 97 123 151 71 139 176 26 190 136 75 169 23 111 88 143 28 44 3 11 42 17 154 36 102 129 50 60 115 174 118 107 48 56 175 64 12 104 74 182 193 116 109 146 19 37 29 164 14 106 144 33 49 80 6 18 61 110 35 99 156 166 87 165 85 91 121 16 186 21 13 195 92 188 63 69 25 124 95 45 30 108 125 1 127 76 10 119 94 196 51 54 52 126 100 177 179 114 59 83 66 38 90 160 68 9 183 194 78 73 161 197 158 181 149 8 84 180 128 122 39 157 32 96
168: 155 264 2 20 1 102 236 15 49 46 131 26 271 9 128 126 172 270 23 138 207 170 52 178 156 185 78 214 198 173 84 56 135 208 219 248 120 177 205 243 19 230 261 220 186 88 3 151 225 232 166 229 263 5 273 30 77 257 299 32 93 260 101 38 191 258 283 216 60 245 96 117 95 200 277 272 74 14 199 37 51 91 6 176 284 292 153 266 169 34 241 164 121 21 89 122 150 16 75 183 98 144 146 259 119 133 80 33 124 50 113 114 141 18 12 239 280 184 195 223 116 235 107 210 224 192 265 27 143 99 45 13 90 57 293 129 110 83 286 132 213 215 154 55 294 253 40 254 279 211 100 196 278 79 231 182 136 227 62 115 82 188 222 181 70 140 105 296 197 76 262 149 226 274 158 92 24 159 218 275 147 160 193 59 64 137 73 209 180 87 234 204 194 63 276 81 148 201 54 41 291 179 7 281 67 237 240 298 242 134 61 10 72 269 252 104 256 162 238 139 251 85 17 69 125 106 145 249 25 244 300 142 8 118 152 68 42 228 157 221 66 233 112 163 109 86 288 268 246 28 4 189 71 206 175 165 212 43 202 48 111 94 47 255 187 289 31 29 22 285 168 174 127 247 250 108 203 295 39 161 297 287 190 97 217 167 290 65 44 267 282 35 36 53 11 171 123 130 58 103
169: 244 223 109 268 38 230 11 84 79 41 290 56 182 295 210 205 287 158 211 162 116 225 102 139 37 32 74 99 1 122 2 216 46 270 169 82 4 242 262 101 143 248 199 85 142 298 286 77 179 184 235 239 197 257 90 149 271 54 175 208 282 174 259 198 13 255 261 33 274 141 177 117 227 156 63 154 170 131 207 25 209 161 240 246 159 249 146 9 192 252 269 87 222 254 29 86 18 285 78 61 100 134 168 215 104 283 191 12 48 281 256 96 178 129 284 71 218 190 59 160 181 130 200 293 186 106 24 288 204 23 35 65 241 7 212 194 213 34 153 183 294 251 15 232 226 266 203 185 264 44 119 299 5 187 52 291 277 296 193 228 6 47 17 92 237 145 214 22 173 135 108 180 114 206 300 72 157 267 137 233 45 167 201 42 27 155 121 236 68 28 98 128 148 50 250 3 272 126 89 10 75 110 120 245 166 176 165 163 30 133 62 220 202 118 172 123 229 88 16 103 292 55 81 275 138 297 76 20 36 243 136 69 278 43 8 188 253 221 58 83 94 112 60 67 195 147 111 105 234 189 21 144 224 217 152 97 263 231 258 260 124 115 151 280 265 70 107 93 127 31 19 14 51 247 113 276 53 73 132 80 49 64 66 39 125 196 238 26 57 289 164 279 219 95 171 91 150 140 40 273
170: 142 173 161 175 196 146 129 195 189 167 120 132 186 152 140 147 115 133 125 117 126 136 137 151 177 135 154 128 145 127 172 141 157 150 166 143 185 156 139 134 176 159 113 163 119 170 182 164 194 149 144 131 148 181 114 124 178 188 184 193 179 169 122 180 197 123 112 168 192 162 174 121 191 118 171 158 190 153 155 116 130 187 160 138 183 165 222 12 1 289 270 292 198 275 294 17 82 54 230 205 37 220 204 42 242 98 66 208 229 63 209 246 26 73 207 288 49 4 36 266 93 202 237 59 296 249 13 261 240 274 76 57 268 24 92 219 287 263 8 29 257 81 200 28 70 79 33 34 277 110 68 20 281 293 52 247 299 286 56 256 103 298 215 45 97 282 107 41 6 100 27 51 11 21 69 278 9 65 244 102 223 71 43 39 74 239 111 61 250 212 285 243 295 248 32 216 94 104 95 271 276 254 16 80 226 35 267 87 217 235 258 15 83 105 84 290 218 280 78 50 85 23 199 106 210 213 273 236 14 88 60 206 2 75 252 91 53 77 264 255 279 72 262 233 40 25 241 47 44 253 245 5 224 291 18 38 231 259 99 90 234 269 22 238 7 221 109 3 19 283 64 46 251 108 62 201 30 67 214 297 89 300 265 272 86 260 101 232 228 55 225 31 10 284 211 48 203 96 227 58
171: 136 276 105 107 201 292 83 39 102 192 262 5 236 149 86 29 248 215 189 108 300 245 45 264 134 12 295 27 227 17 152 101 293 242 205 7 80 298 212 129 269 247 153 253 28 203 91 216 151 98 204 191 277 2 281 243 173 56 207 81 145 285 34 280 75 49 117 22 260 161 112 121 154 232 61 286 24 165 119 275 166 92 233 217 259 270 130 222 157 186 273 59 282 265 32 199 122 42 246 184 20 4 261 23 1 106 46 137 43 10 190 79 258 225 142 94 180 167 231 296 47 177 89 95 223 244 114 226 57 156 169 90 230 26 162 139 234 110 52 14 291 171 287 221 16 289 21 297 99 224 100 164 268 72 111 141 206 84 240 158 41 170 60 63 208 31 8 155 25 220 214 33 11 235 116 219 85 198 267 228 209 126 96 148 263 66 65 172 18 176 178 87 195 213 256 88 131 104 124 82 251 113 257 70 241 58 50 278 237 48 181 133 159 15 193 143 188 140 210 123 44 128 266 73 68 78 197 36 239 13 290 9 288 229 138 255 146 19 174 294 120 272 55 147 30 238 53 93 185 3 71 187 211 299 118 150 218 62 6 115 38 196 69 182 37 252 76 109 77 67 40 194 284 35 144 274 271 168 54 183 51 163 202 64 97 279 254 160 132 127 135 200 103 74 125 249 250 179 283 175
172: 110 187 179 140 75 147 162 172 49 103 274 32 176 121 270 54 183 46 245 141 202 23 238 248 18 78 61 95 85 278 38 80 66 206 190 285 199 221 291 207 68 7 21 89 123 246 272 241 50 160 113 185 276 2 71 26 24 168 20 243 208 203 8 104 223 114 159 100 277 109 195 254 35 273 132 27 97 96 30 1 288 235 137 4 250 222 264 209 47 127 205 200 247 227 55 225 72 124 9 64 87 224 60 169 192 181 298 12 40 14 216 214 236 45 41 39 293 51 65 251 275 37 215 62 99 283 36 134 17 232 252 84 135 261 155 58 136 256 173 111 73 57 152 69 83 28 213 150 287 119 230 93 13 25 101 5 289 139 117 220 42 242 79 138 171 294 154 149 229 226 259 92 240 116 282 184 300 98 268 52 280 31 10 201 180 296 144 70 115 126 174 193 297 151 233 158 244 33 237 88 16 290 219 53 6 133 74 156 48 118 86 253 166 129 255 194 125 157 153 263 217 148 260 212 188 56 164 271 106 108 239 120 292 22 34 146 63 165 15 262 67 266 218 77 29 299 163 94 204 82 267 59 102 279 122 143 249 76 197 196 234 90 286 269 3 210 198 130 231 175 43 186 257 142 170 178 281 189 182 191 177 19 112 161 167 228 295 145 81 258 11 131 107 128 91 211 265 105 284 44
173: 217 196 40 265 66 194 285 159 127 175 167 191 291 62 4 294 49 12 222 149 126 185 35 106 146 77 96 208 276 289 58 54 283 59 163 162 216 122 104 120 157 107 239 155 129 50 23 38 95 64 212 87 270 11 169 32 10 258 242 101 253 215 98 179 36 28 94 273 176 112 201 123 182 25 226 250 165 39 154 76 171 30 139 223 264 199 138 24 57 78 300 292 274 81 243 214 128 86 8 252 65 74 220 210 227 238 257 143 166 63 105 88 203 116 204 43 233 241 61 27 7 286 230 245 33 132 267 113 45 246 13 168 21 2 89 219 125 170 296 153 145 111 14 133 51 80 34 232 188 97 173 236 1 299 48 207 108 259 119 134 186 272 99 268 231 184 130 131 141 3 47 68 93 19 70 240 114 117 248 298 83 198 225 244 251 218 202 235 228 118 29 9 229 16 297 20 135 46 183 140 178 22 172 72 31 190 161 275 284 152 44 55 91 195 288 247 260 287 255 84 205 261 42 213 67 269 192 189 197 26 18 73 75 256 115 281 148 137 79 60 90 82 151 100 144 103 37 158 181 293 110 266 249 142 92 121 177 282 277 180 278 109 234 136 147 200 209 69 52 263 85 295 160 6 279 280 41 254 174 187 206 237 150 221 164 224 15 56 271 124 211 193 262 71 53 290 17 102 156 5
174: 131 158 129 184 188 119 186 164 171 151 137 117 170 167 187 174 144 159 172 156 122 134 157 146 191 130 177 173 152 189 193 120 195 183 162 161 160 139 176 178 136 116 123 194 133 148 132 192 169 166 175 180 179 168 143 153 121 127 141 165 147 142 190 138 125 115 145 197 126 114 124 150 113 149 182 154 128 196 155 181 140 163 112 185 135 118 26 81 200 289 78 264 267 277 108 35 31 90 68 41 66 279 6 299 36 262 91 300 229 224 238 87 28 284 54 17 103 205 283 38 18 8 290 7 221 94 29 202 207 250 244 21 63 65 27 237 246 106 266 233 93 254 44 5 222 268 101 263 243 76 30 92 295 272 88 252 102 274 83 199 232 10 257 291 50 82 287 95 12 98 107 235 110 275 96 64 256 72 34 204 293 210 203 52 20 230 216 2 24 46 37 236 51 9 276 80 258 53 285 281 249 15 259 201 60 271 265 62 211 255 25 48 16 43 294 261 42 273 208 227 282 86 242 4 219 75 104 59 292 71 84 225 280 49 105 47 278 209 74 217 296 3 239 57 11 218 270 23 99 100 247 67 70 19 73 240 214 198 234 111 89 39 77 260 56 40 288 241 1 269 97 206 231 226 223 13 33 109 45 248 22 212 251 85 215 61 220 14 297 228 245 79 298 213 58 286 69 32 253 55
175: 27 299 203 98 51 69 5 259 6 226 142 38 32 184 86 271 225 224 189 103 67 199 213 292 140 37 200 4 117 81 219 163 134 148 177 154 149 165 14 211 31 286 112 166 33 155 282 126 216 157 113 221 136 267 222 71 279 19 223 111 43 210 52 129 77 122 100 217 11 125 28 191 97 262 290 194 220 39 18 85 15 265 229 242 132 250 297 283 90 287 293 249 215 252 285 29 153 268 64 53 61 93 107 108 34 270 55 89 127 237 96 284 66 274 12 44 20 185 40 176 289 239 170 294 278 254 174 83 168 9 145 175 245 204 45 22 261 202 171 130 201 120 183 218 275 36 197 291 230 234 101 133 162 269 190 59 95 88 212 121 272 206 214 84 273 277 167 264 182 188 94 280 181 80 46 238 48 160 161 209 192 70 91 131 208 124 92 232 1 54 17 110 57 109 300 288 298 281 74 150 26 35 30 68 266 42 235 257 228 144 116 24 115 87 114 179 180 141 227 251 295 233 173 195 58 104 102 258 50 65 3 205 99 255 123 139 8 260 146 75 13 118 186 135 178 82 169 207 60 119 253 156 143 196 243 172 72 193 256 164 128 296 25 10 2 247 276 23 49 7 137 231 79 240 241 62 138 106 78 159 76 158 236 147 263 152 246 16 198 105 56 63 21 151 187 244 41 73 47 248
176: 135 22 231 76 100 64 150 122 288 192 71 263 244 2 208 262 258 31 125 239 172 47 39 274 153 146 189 152 73 294 187 35 290 220 289 70 238 19 43 191 12 118 176 13 197 186 196 44 103 119 59 224 78 144 215 266 75 275 226 46 129 120 253 167 7 127 23 54 85 8 291 51 163 113 10 41 109 143 179 37 96 80 93 181 204 142 89 246 87 53 52 240 124 65 278 225 110 97 272 20 130 32 134 255 102 175 94 293 207 203 107 159 15 178 213 69 140 83 98 206 126 276 82 267 4 164 177 237 3 36 18 111 297 232 24 11 190 123 300 156 5 1 16 273 170 249 9 105 265 91 279 136 42 29 285 193 60 198 104 133 254 168 199 282 194 67 200 174 180 26 223 259 229 281 292 227 235 234 247 27 201 86 171 202 90 212 166 66 252 6 221 151 106 211 145 251 195 214 50 277 160 63 216 155 154 165 182 48 132 57 21 147 77 34 185 157 205 88 149 257 184 79 112 233 84 17 99 218 287 56 116 261 217 284 81 114 92 269 260 162 68 139 117 74 188 256 55 28 219 72 250 296 241 138 131 295 183 243 128 210 299 236 271 161 268 62 45 49 25 283 121 245 148 242 222 173 14 33 169 209 141 58 108 230 248 158 40 137 38 61 101 264 30 95 286 280 298 270 228 115
177: 1 208 273 110 52 46 51 102 203 238 206 241 220 78 266 77 185 36 106 268 99 237 65 117 230 219 161 299 212 134 18 160 285 177 148 240 85 174 89 113 130 153 244 7 190 16 94 83 127 28 44 267 150 126 209 149 164 74 300 109 189 59 202 198 243 90 171 154 88 227 8 183 22 253 4 293 100 182 242 6 141 283 258 34 263 173 191 215 197 249 157 205 275 23 114 142 270 41 97 168 264 122 166 276 86 72 221 279 233 145 167 112 47 140 158 12 247 115 10 101 265 133 228 159 80 201 181 199 278 62 277 5 261 33 239 104 9 125 20 225 70 211 207 217 56 73 184 172 216 214 82 271 121 64 96 13 232 175 69 257 163 250 192 179 224 178 103 108 234 57 297 286 187 37 38 48 156 210 107 193 180 75 272 143 76 91 21 45 255 195 236 30 196 162 66 105 124 260 26 132 129 67 280 42 123 63 136 53 24 146 251 31 256 170 49 254 50 186 32 25 118 204 95 284 137 19 200 84 213 289 68 71 144 169 135 40 231 119 248 290 235 87 128 259 79 98 54 55 93 287 155 139 152 292 281 295 29 296 27 262 116 288 282 39 58 252 291 229 81 294 60 138 14 151 176 2 11 43 226 61 218 120 15 92 298 17 3 269 194 165 188 246 147 274 131 222 245 111 35 223
178: 109 38 31 275 295 206 279 184 94 150 139 55 32 27 134 257 63 53 250 157 9 280 123 175 216 159 143 231 124 190 15 164 47 30 208 133 78 122 223 82 211 37 115 183 8 151 43 77 17 264 113 266 188 289 195 222 42 158 35 180 59 154 39 205 92 100 265 50 61 269 263 181 297 294 14 271 87 242 57 137 24 52 103 19 58 182 261 11 196 120 241 286 197 141 191 268 65 108 71 86 147 7 70 76 89 72 111 171 224 4 1 174 26 75 226 102 217 93 225 299 142 67 44 33 28 49 233 153 267 126 48 107 91 98 118 129 162 198 170 73 165 6 95 178 149 187 285 166 209 283 84 13 221 148 69 131 130 270 238 46 253 168 234 185 218 105 145 186 259 177 135 54 2 160 144 252 80 173 296 152 239 5 45 16 128 236 240 90 66 114 298 88 192 274 278 110 232 287 56 193 169 291 125 292 245 10 220 200 117 161 81 260 219 34 116 99 60 262 18 29 136 85 22 25 41 288 74 276 167 140 101 3 244 146 189 199 256 21 40 12 293 273 106 36 203 127 163 272 243 64 277 237 20 119 290 207 284 235 62 202 255 176 156 104 201 121 212 227 194 96 155 251 229 248 68 254 249 282 138 132 172 97 215 228 247 258 213 214 23 51 210 204 230 246 300 179 83 281 112 79
179: 97 263 66 82 70 182 47 285 277 20 133 283 287 294 185 215 253 292 206 236 246 221 98 194 124 173 291 154 78 140 42 238 284 279 86 161 218 95 226 92 233 22 39 34 254 64 14 158 61 160 137 295 227 112 223 28 179 163 131 93 6 111 89 48 116 30 2 4 117 123 290 260 113 16 101 74 195 244 167 197 99 110 33 128 170 31 242 130 300 55 234 187 132 32 216 176 276 296 204 152 270 228 138 169 261 274 122 232 193 3 8 231 258 268 7 147 178 269 265 13 245 186 250 267 41 102 210 12 23 52 43 224 26 58 90 203 115 208 91 297 145 108 1 63 76 201 299 67 59 142 168 189 19 230 172 252 85 107 205 222 180 25 209 229 11 256 94 144 105 198 65 213 255 44 157 165 289 71 219 49 188 171 17 87 46 114 35 29 251 174 280 278 79 273 177 37 212 266 272 181 211 50 162 164 36 192 53 257 183 75 118 96 27 100 21 207 191 282 241 281 225 249 40 121 166 143 248 149 88 15 5 155 239 293 196 175 135 56 139 119 103 120 106 288 298 10 84 136 235 217 77 57 126 190 62 24 60 72 259 200 109 134 81 262 73 148 129 237 264 150 38 125 240 151 104 9 127 156 202 243 214 184 51 54 220 45 83 159 271 68 69 18 153 286 80 199 275 146 141 247
180: 262 218 213 229 295 250 224 237 300 254 265 270 280 279 222 240 263 214 296 207 230 264 261 232 284 281 221 203 220 201 245 241 268 259 247 246 249 215 257 216 289 217 266 272 227 267 283 235 276 269 212 208 234 202 200 275 294 206 236 290 198 223 282 277 292 287 297 204 253 288 251 209 211 248 278 238 260 210 252 219 255 256 291 274 243 258 298 271 242 205 239 286 226 225 231 244 228 293 273 299 233 285 199 143 6 168 29 24 65 170 187 11 73 27 14 105 34 147 12 181 156 58 52 150 176 48 32 125 185 7 157 141 103 37 18 79 160 104 172 78 36 44 80 107 152 16 188 134 64 144 183 40 90 116 191 83 41 75 4 194 158 115 61 102 110 84 59 108 159 9 196 174 47 43 184 177 132 55 51 91 112 28 148 86 45 71 162 100 190 38 60 136 126 193 163 92 153 19 130 77 135 50 113 154 167 171 127 182 95 89 1 96 17 117 82 179 35 166 49 26 124 142 54 111 87 69 39 165 146 164 189 101 175 76 70 23 2 56 20 21 33 122 180 140 178 88 137 93 85 72 97 186 22 138 161 114 195 120 42 119 133 62 31 123 173 197 13 128 98 169 118 121 25 151 63 5 15 149 109 46 53 129 139 57 30 68 81 10 99 66 67 94 8 131 155 192 145 106 74 3
181: 244 215 291 284 283 225 228 247 292 231 279 213 298 203 229 233 278 259 288 232 204 287 206 219 240 221 242 290 226 294 248 202 282 205 296 235 295 271 224 260 253 285 268 201 274 214 277 270 293 200 299 273 265 249 209 199 255 257 251 220 281 269 275 264 222 262 234 250 243 261 217 216 267 258 207 237 211 266 236 245 239 223 289 241 227 210 256 230 276 212 297 280 300 263 286 272 252 198 238 246 208 254 218 52 130 20 134 121 39 69 189 83 127 49 178 181 55 147 82 2 56 110 10 135 27 75 188 58 190 87 51 45 67 106 174 99 126 132 150 90 197 1 117 182 141 54 37 151 107 38 6 78 104 32 136 19 145 79 155 157 176 187 8 163 160 64 25 18 34 71 40 98 68 28 92 33 7 65 22 43 14 139 162 101 96 172 137 161 112 118 186 5 152 61 125 183 84 167 131 154 72 109 123 88 111 175 62 113 156 21 108 146 138 17 3 29 35 114 15 89 191 81 168 60 192 47 11 24 85 159 195 41 100 74 153 173 120 59 73 164 42 148 128 26 124 50 30 48 169 122 86 171 76 158 170 63 93 193 165 119 31 133 149 77 102 116 97 44 57 143 70 184 144 91 9 46 23 185 194 180 179 105 95 12 129 166 80 53 140 94 196 36 66 103 4 142 13 115 177 16
182: 49 92 7 53 4 35 5 101 54 62 26 111 68 3 36 21 43 78 59 14 32 1 13 38 42 84 104 100 80 67 29 44 77 50 73 33 109 110 52 15 93 88 63 23 25 61 90 81 69 79 106 48 103 108 45 105 17 31 74 94 83 76 66 16 107 102 82 40 89 72 60 98 37 12 95 64 70 71 55 41 46 11 86 28 87 10 85 22 18 9 56 2 24 8 20 96 65 51 34 27 99 58 6 97 75 91 30 39 19 47 57 187 208 262 174 233 275 209 121 165 201 217 286 116 175 141 172 283 182 155 276 255 267 139 285 259 253 237 241 169 282 180 261 292 245 280 268 159 224 203 295 164 288 202 194 236 264 163 226 158 166 223 179 269 150 215 204 281 126 231 219 266 130 193 244 234 154 212 221 186 197 242 251 274 156 168 206 134 128 297 167 185 214 191 157 235 258 248 298 246 300 189 294 199 123 147 176 125 135 263 273 196 200 293 140 161 136 287 250 144 260 131 225 183 113 118 173 153 271 252 229 178 115 256 142 299 119 160 190 254 230 228 216 137 270 278 146 213 211 205 129 265 192 289 296 222 247 145 227 210 272 277 138 148 284 127 249 279 238 257 143 151 117 207 114 243 124 198 239 132 133 177 112 120 162 195 152 188 149 220 240 291 232 184 122 290 218 171 181 170
183: 65 89 45 32 91 8 31 55 86 42 43 83 51 103 96 44 25 71 48 64 34 21 102 67 22 74 4 13 70 3 95 61 26 106 104 1 15 24 98 100 56 73 30 14 52 63 16 20 93 111 107 92 40 50 62 35 78 39 90 36 110 37 75 94 97 77 108 41 99 69 9 19 82 18 6 7 80 88 79 38 29 28 66 46 101 47 17 81 59 53 68 27 12 49 72 33 60 2 54 109 84 85 76 11 57 10 23 105 5 58 87 136 172 273 237 153 138 156 186 256 230 135 154 218 259 173 115 184 112 143 123 279 217 247 162 178 139 250 298 165 251 232 170 255 198 160 209 214 216 204 119 180 291 208 188 229 292 275 203 148 244 276 252 290 258 191 194 285 287 128 272 277 129 224 176 114 263 131 151 130 299 222 132 193 166 260 243 202 181 158 174 225 141 254 300 133 241 152 281 294 120 146 150 215 200 261 213 183 293 124 264 195 197 246 283 171 125 265 228 282 280 118 185 121 192 288 226 207 144 234 245 240 286 278 236 262 145 190 113 248 164 126 116 233 239 169 167 122 137 117 127 149 189 210 211 253 223 219 140 238 227 220 206 159 163 157 205 249 134 147 297 274 212 295 201 182 267 155 231 175 242 296 187 257 270 268 235 199 168 221 179 142 177 196 271 289 284 269 161 266
184: 116 278 7 71 42 208 153 14 41 284 163 77 39 255 188 172 296 105 117 192 95 109 289 166 281 287 220 265 13 92 288 203 136 90 86 53 27 76 293 237 275 141 165 221 124 273 181 67 190 44 130 179 240 24 123 186 118 122 239 300 68 187 229 170 75 104 226 252 129 29 52 56 31 196 178 230 247 43 228 214 180 128 242 110 285 111 199 25 291 227 138 272 167 9 34 211 98 162 102 127 264 261 206 215 232 256 1 93 269 194 152 216 168 16 81 64 234 270 177 134 78 18 132 254 143 12 108 51 258 69 33 84 235 79 297 137 139 191 114 28 156 72 47 248 198 126 212 148 294 246 62 85 23 280 243 107 260 183 151 88 82 282 298 283 103 112 61 277 251 2 89 21 146 169 74 262 73 161 65 8 253 174 15 45 140 121 80 279 236 249 54 276 164 160 38 290 22 58 223 48 245 295 50 238 142 115 17 87 209 94 154 150 113 158 182 225 96 49 259 91 195 173 219 157 201 97 286 119 213 106 99 274 197 185 66 26 19 55 144 40 125 30 46 4 263 149 250 35 224 133 217 241 271 176 131 63 11 3 37 193 10 175 233 155 204 32 200 218 145 101 83 299 59 70 60 210 20 184 135 5 6 266 268 257 189 267 57 147 205 244 120 159 207 171 100 202 222 36 231 292
185: 82 155 281 8 280 214 176 257 285 237 203 252 153 197 223 265 145 120 41 290 43 198 14 160 75 269 88 105 228 71 201 268 300 102 293 217 40 109 152 209 158 233 211 87 294 154 161 298 165 200 68 225 53 255 241 39 182 263 192 47 258 162 299 21 247 242 97 37 230 267 238 20 212 184 42 5 286 61 113 194 219 32 245 143 191 180 278 12 289 10 274 169 234 124 86 144 13 272 134 77 33 195 273 275 52 60 248 107 254 89 38 55 96 177 218 95 119 188 148 22 83 239 57 79 112 224 196 159 140 282 1 171 91 4 49 186 183 137 81 73 246 295 51 164 63 56 65 231 262 92 178 122 131 138 168 24 277 276 250 216 64 129 44 123 149 9 70 215 85 205 48 151 133 29 221 240 150 2 114 7 136 199 34 127 103 270 259 58 222 28 271 90 18 23 130 98 101 100 264 17 251 141 142 118 229 213 147 3 76 207 167 179 16 50 94 78 116 297 36 125 284 173 226 287 139 59 175 25 253 106 80 166 249 193 210 117 126 135 54 172 84 232 260 292 157 261 74 244 67 6 128 204 45 208 27 15 189 174 236 35 69 11 202 288 283 227 62 108 243 115 93 26 256 206 99 132 146 104 170 46 66 187 72 156 181 296 111 185 163 190 31 279 220 291 30 110 266 235 121 19
186: 190 104 226 294 108 230 178 138 224 208 69 16 215 189 211 89 103 159 231 206 113 14 61 40 222 123 218 116 39 228 279 88 110 122 246 236 247 59 213 201 77 252 31 65 143 172 111 181 3 58 93 179 240 47 155 195 245 126 249 2 162 265 11 237 112 270 272 262 72 183 13 19 258 136 300 160 275 49 239 291 287 285 151 129 33 109 30 250 147 281 164 41 292 171 50 24 100 76 57 267 244 55 188 212 293 177 48 175 137 132 68 32 271 251 105 102 63 5 194 29 22 44 299 223 56 145 149 156 296 4 52 153 92 66 196 36 173 144 35 71 280 60 146 233 135 254 176 210 142 115 168 83 197 17 125 10 207 7 221 53 157 51 205 128 242 9 163 114 131 225 124 127 180 288 238 90 282 199 193 106 185 241 290 220 141 46 6 260 184 216 217 118 28 234 227 187 62 232 274 84 170 148 25 86 42 23 255 209 152 276 26 297 219 154 298 73 286 259 202 192 96 27 256 20 203 97 257 139 191 150 18 117 54 243 165 167 174 91 133 204 169 87 70 34 121 295 85 119 74 99 268 261 21 253 80 284 229 200 75 277 101 15 45 8 107 235 1 263 161 67 289 182 140 248 38 12 64 266 130 79 43 95 269 283 158 134 198 278 81 98 264 166 37 273 214 82 120 78 94 186
187: 177 168 131 149 127 116 194 193 154 126 121 182 195 143 175 186 176 114 128 160 166 115 145 159 134 158 181 180 163 147 179 190 189 150 172 152 122 125 123 192 135 137 183 173 118 141 138 167 117 129 136 142 153 120 162 133 174 157 132 197 148 196 124 156 178 164 170 112 188 119 185 184 130 144 140 161 155 187 169 146 113 151 191 139 171 165 225 238 269 229 70 73 228 251 267 33 39 27 240 236 258 54 213 94 29 300 203 8 298 2 287 83 88 45 72 212 89 281 260 205 247 14 295 239 246 9 37 210 59 18 6 198 65 81 270 106 4 288 55 21 96 292 249 91 66 232 273 275 259 279 48 289 248 10 15 218 216 17 30 32 219 77 201 110 28 20 22 235 44 243 250 85 24 204 290 107 222 111 217 221 245 97 7 283 74 274 35 209 207 69 253 296 93 297 62 280 199 34 56 25 261 206 57 78 49 46 268 266 214 52 200 202 67 38 90 242 58 226 293 264 105 208 68 82 79 80 51 108 101 41 241 223 252 257 211 271 215 53 262 75 12 11 220 277 76 285 255 16 278 47 286 234 63 5 263 104 95 233 86 1 43 87 40 42 64 102 294 272 71 100 99 13 284 3 61 92 23 98 31 237 103 291 282 60 244 109 254 227 50 230 256 224 26 36 231 19 276 265 84 299
188: 299 69 263 181 25 196 254 35 189 171 106 202 290 186 285 27 289 236 212 228 84 119 224 17 241 266 111 114 298 73 83 71 295 56 33 176 67 194 281 208 1 66 150 97 52 132 39 128 81 253 180 49 53 112 274 8 61 88 226 129 240 11 37 269 260 7 259 20 74 232 185 205 41 199 157 244 170 154 246 5 57 70 58 51 265 272 43 247 163 87 156 45 264 215 229 96 76 164 249 125 19 26 139 75 135 287 54 127 90 223 219 291 286 121 283 250 151 153 182 225 92 297 16 221 172 123 130 131 256 273 142 147 101 213 300 243 173 91 237 187 109 47 30 86 126 146 155 217 136 77 257 277 158 42 23 10 166 152 211 133 36 134 191 258 60 107 64 168 192 32 34 94 242 160 238 55 227 159 262 63 200 15 115 100 220 255 184 165 117 78 120 177 103 21 104 68 12 44 239 140 169 175 113 14 95 178 267 102 251 193 80 284 40 137 99 28 214 167 145 24 141 110 31 6 234 296 89 9 271 270 93 72 79 293 124 268 197 233 248 195 85 149 230 282 2 138 116 231 65 143 118 278 207 22 29 276 204 245 188 179 48 122 108 294 3 174 98 280 288 275 190 82 279 46 203 38 198 216 210 206 144 218 235 4 252 261 292 59 62 209 18 50 148 201 13 161 183 162 222 105
189: 86 105 85 88 11 18 4 22 43 100 54 60 20 73 56 1 42 23 34 72 48 109 59 35 62 25 16 75 82 29 47 39 67 77 71 13 46 7 63 110 40 84 107 50 97 81 38 101 52 17 3 61 96 33 21 93 89 19 31 106 65 37 94 70 68 108 53 30 45 98 27 41 102 57 26 66 74 15 111 55 79 10 104 32 5 92 36 76 99 8 9 49 28 44 80 83 95 51 24 87 14 58 6 90 69 78 64 91 12 103 2 203 254 167 194 269 280 228 162 243 283 153 150 223 166 256 262 268 119 245 126 215 247 218 267 139 281 214 201 212 148 180 141 216 147 225 169 219 156 163 123 248 279 217 158 154 236 160 278 255 164 142 276 130 182 202 185 113 178 173 207 235 227 286 191 172 264 273 292 128 125 298 270 152 205 242 146 165 210 161 159 132 179 213 200 135 211 121 134 287 122 120 288 199 257 143 208 239 261 118 137 198 220 263 258 183 250 260 145 296 206 237 127 140 193 186 226 300 222 221 168 290 266 114 138 259 195 293 176 265 189 285 274 240 184 124 284 251 299 224 289 294 155 253 233 187 196 115 209 197 230 277 181 117 170 149 174 177 232 112 229 246 252 204 133 271 171 244 295 241 136 275 192 129 297 291 249 188 190 151 157 231 238 131 282 234 116 272 144 175
190: 178 193 112 143 116 120 182 187 167 118 144 165 172 163 147 161 181 162 168 153 174 132 190 149 177 169 159 122 131 135 140 188 176 141 113 195 142 121 129 155 180 150 152 117 115 175 183 114 191 189 130 124 151 197 173 185 146 136 133 138 158 125 157 170 123 119 196 184 128 156 166 154 164 194 134 126 160 137 145 179 186 127 139 171 192 148 71 14 289 256 111 102 106 220 279 41 208 83 287 25 262 22 267 258 89 50 257 283 288 29 104 77 270 250 40 43 269 272 48 74 242 207 227 68 95 99 274 60 286 295 251 37 101 225 75 201 31 11 223 282 4 52 80 246 73 249 293 263 233 39 79 237 110 65 58 275 21 218 244 34 53 19 2 209 47 98 51 200 281 277 296 91 90 103 210 85 81 229 241 20 97 271 221 290 236 35 264 62 54 84 82 18 216 259 222 204 199 26 23 238 100 33 252 69 45 59 232 224 10 13 72 64 266 46 109 215 273 202 27 294 66 211 76 61 243 38 300 36 205 57 9 92 212 297 49 93 70 265 254 86 15 30 276 67 268 239 12 87 219 88 203 107 28 105 260 198 1 55 261 278 63 8 217 280 214 299 78 108 56 253 24 42 248 298 16 94 245 235 255 3 231 284 291 234 6 44 285 226 230 247 17 206 5 7 96 240 32 213 228 292
191: 124 149 181 175 163 196 122 130 120 165 188 112 157 180 178 119 185 126 145 143 151 129 170 191 116 158 187 146 174 147 171 138 167 139 121 152 166 131 154 177 182 164 190 113 168 169 134 155 135 179 150 176 127 162 194 117 132 189 161 128 184 156 114 125 193 140 136 137 195 172 133 115 173 159 141 183 118 123 160 142 186 144 197 153 192 148 40 281 298 106 107 233 258 232 254 278 203 100 222 295 253 208 226 29 225 41 98 243 61 285 273 9 200 224 239 67 85 15 242 227 247 89 103 54 17 255 261 37 206 84 214 272 58 271 267 101 81 283 7 252 262 26 270 52 11 297 73 251 10 96 68 299 20 3 292 19 43 77 211 296 56 21 263 256 70 264 82 284 237 64 276 238 8 274 66 104 18 241 49 111 93 80 228 60 63 57 249 78 33 72 207 300 260 45 250 289 198 108 71 97 235 240 268 236 221 246 277 83 229 1 79 86 44 32 215 218 4 22 105 92 91 199 204 59 275 282 293 266 294 219 217 14 109 25 245 220 34 259 2 27 265 24 212 223 55 42 234 28 231 290 257 5 31 102 88 269 287 23 288 90 65 69 30 201 110 286 6 279 248 216 75 291 280 13 209 36 99 48 74 62 53 12 50 210 46 16 38 39 205 51 47 35 95 230 76 213 244 202 94 87
192: 53 86 55 28 68 43 81 18 12 104 67 39 96 61 40 50 33 78 6 71 34 54 8 46 3 42 84 15 23 45 37 73 99 60 93 97 48 49 57 14 27 88 70 11 1 10 108 103 24 101 91 66 47 30 92 21 63 89 72 35 80 52 17 82 106 7 62 29 75 95 77 44 105 87 2 102 64 41 83 26 100 16 9 38 13 56 76 31 94 90 69 4 19 98 36 65 20 32 111 22 107 109 59 25 85 51 79 74 110 58 5 284 230 248 285 263 224 260 269 148 133 112 120 177 225 167 238 300 146 153 258 282 283 278 239 202 131 242 124 183 233 132 221 158 184 192 149 259 145 220 150 292 231 210 200 169 298 287 255 232 160 157 297 196 195 186 288 138 180 208 235 190 165 193 115 209 139 261 257 130 226 134 189 129 188 163 141 273 289 219 114 252 265 154 254 299 237 151 240 135 214 227 175 286 215 295 281 155 173 244 223 204 197 249 185 147 294 137 143 229 159 256 245 243 127 136 201 152 268 164 126 144 122 253 234 162 217 179 168 271 218 116 119 170 182 279 140 262 203 191 236 274 212 194 171 272 267 216 275 247 266 181 228 121 276 172 205 241 174 123 117 166 207 206 113 118 198 293 296 211 246 161 277 280 176 264 270 222 187 250 125 156 128 290 178 142 251 291 213 199
193: 92 155 216 120 138 222 250 214 233 219 44 266 177 38 61 255 193 264 221 262 154 173 157 26 12 186 45 194 178 121 136 292 287 241 16 103 8 208 254 80 126 190 132 28 188 299 134 160 46 232 273 55 211 290 149 133 79 282 183 14 34 228 146 295 168 111 283 76 101 276 261 74 51 89 176 11 202 116 24 114 93 286 201 279 112 58 125 19 227 84 252 32 231 25 260 4 215 128 27 184 135 9 60 50 272 151 87 118 217 180 245 230 37 96 280 66 291 97 88 182 22 297 65 256 289 94 223 238 240 244 234 7 296 140 251 70 191 195 300 204 95 85 139 166 235 175 36 90 31 225 105 263 1 30 271 86 293 224 91 137 142 98 124 210 69 82 42 213 174 47 6 113 196 141 43 205 57 53 109 248 35 199 229 161 67 181 171 278 237 152 163 145 150 122 179 33 83 106 3 49 277 267 5 15 284 220 62 197 192 143 269 200 226 129 285 209 115 153 123 185 156 281 169 40 102 288 294 29 170 18 172 239 198 147 189 52 130 236 77 41 81 119 17 59 54 247 63 158 78 162 212 20 2 258 218 21 203 242 72 107 257 71 253 274 108 164 68 64 13 144 148 246 127 131 207 187 104 167 259 268 249 159 73 165 110 56 39 243 265 48 99 275 206 298 100 117 23 75 10 270
194: 7 39 77 240 101 56 262 42 220 85 47 61 125 209 162 81 186 135 136 156 227 253 160 180 67 283 222 155 16 100 151 8 84 282 289 40 36 26 126 249 258 90 273 300 266 133 48 27 187 153 275 254 29 118 194 297 51 234 141 276 274 178 93 263 71 174 251 63 169 214 202 149 37 13 280 286 142 264 108 235 102 20 196 241 11 116 225 76 190 226 242 49 34 53 158 50 290 164 5 79 223 28 86 15 232 217 161 231 218 87 250 168 43 192 96 285 172 19 210 73 247 69 18 44 115 256 298 10 201 58 12 38 243 107 188 207 159 105 203 146 292 130 166 68 216 89 22 278 191 120 83 17 208 131 72 154 41 97 1 46 145 277 200 62 205 171 238 25 144 284 122 237 219 165 59 236 95 295 183 70 271 127 272 138 137 60 14 35 55 206 269 288 111 281 185 140 259 170 257 54 176 245 246 74 152 270 182 113 24 221 57 150 30 114 128 64 230 181 3 82 248 294 184 9 211 291 6 75 167 66 157 121 199 239 296 143 147 78 106 204 103 299 110 198 175 252 279 213 129 287 212 33 117 88 65 45 132 139 98 189 233 32 197 134 52 109 148 267 124 177 80 261 119 112 229 99 255 163 123 173 23 244 21 193 224 92 104 2 215 94 195 265 268 31 91 293 260 179 228 4
195: 86 23 8 35 42 58 99 105 29 104 36 95 80 65 81 103 32 90 78 74 56 14 2 1 13 106 20 83 53 34 33 67 49 94 54 7 108 48 46 41 37 109 71 17 16 52 66 70 64 111 75 100 107 9 61 44 25 79 28 3 68 55 76 57 98 60 51 22 43 73 77 97 63 102 5 84 45 96 47 82 50 59 15 40 87 93 31 24 85 19 27 21 91 12 39 26 89 62 11 72 30 110 38 69 6 92 18 88 4 101 10 271 165 251 188 200 238 155 159 184 298 178 117 297 279 134 274 275 252 267 121 227 170 127 207 137 269 135 214 277 145 264 163 173 138 219 291 296 229 254 249 118 176 246 281 189 242 177 179 120 235 231 218 211 237 136 114 236 140 204 172 154 124 139 299 168 217 278 220 268 199 198 191 201 263 113 215 119 216 144 187 245 293 255 266 126 232 259 171 212 261 150 197 206 196 132 257 294 250 156 295 130 185 143 175 129 152 195 265 157 210 193 290 158 190 223 151 224 283 234 141 233 174 282 208 226 256 276 222 280 286 133 253 243 183 146 273 180 153 248 164 287 228 115 123 203 142 182 125 205 209 148 262 202 221 162 194 147 244 260 270 166 161 149 289 292 160 116 288 112 300 186 131 239 241 258 272 284 213 169 128 240 247 192 225 230 122 167 181 285
196: 282 259 269 251 274 200 210 243 297 287 286 219 235 250 239 266 198 289 299 211 293 208 199 263 237 278 296 252 203 201 227 264 285 253 242 244 258 229 225 294 238 232 220 283 284 213 215 291 249 292 273 300 222 257 262 275 255 231 233 221 223 246 256 280 279 228 202 267 216 205 290 261 209 270 268 241 207 212 288 224 204 254 277 281 230 245 260 247 240 218 276 295 298 214 265 217 206 272 248 271 236 234 226 143 189 166 10 185 100 145 40 147 57 116 148 141 193 128 42 151 102 138 130 26 20 178 152 69 25 111 2 121 36 24 4 176 137 114 96 157 18 174 47 188 12 183 195 163 110 74 97 49 60 66 90 88 160 31 153 89 68 65 133 194 104 144 192 78 11 48 106 15 35 126 39 1 21 122 187 67 94 103 46 50 71 92 158 134 76 55 117 105 124 19 59 29 125 7 64 75 135 159 82 33 131 101 197 172 70 73 107 119 99 164 170 98 5 165 30 63 169 53 87 34 93 27 140 136 154 51 190 177 184 8 23 186 123 139 79 41 132 86 91 179 16 180 77 196 115 54 156 9 175 146 168 150 95 120 127 84 52 83 13 72 191 118 22 171 167 81 28 38 44 181 62 80 61 113 17 43 32 173 108 182 56 45 109 155 129 58 6 14 112 37 162 85 142 161 149 3
197: 182 178 163 172 115 146 132 118 123 193 191 192 121 141 176 140 155 181 129 190 183 168 179 119 124 149 112 138 160 175 156 126 171 142 135 137 196 165 164 158 144 188 145 125 197 148 113 114 180 120 154 186 117 195 150 159 133 136 187 128 162 134 170 185 184 131 130 194 177 151 174 161 122 147 139 167 127 153 157 152 116 173 143 189 166 169 98 8 89 206 24 83 260 85 272 84 92 22 52 71 100 242 274 6 248 257 67 228 15 56 241 33 205 96 217 58 252 90 101 99 273 32 264 51 207 300 225 20 110 109 255 29 226 49 60 271 253 292 285 41 44 45 203 259 280 64 220 246 211 267 221 88 54 68 72 43 36 19 263 80 86 231 95 256 111 297 284 3 261 258 7 79 81 232 233 69 35 224 5 108 251 215 78 222 18 286 102 210 240 39 270 201 223 237 239 66 265 38 275 94 11 55 63 278 290 204 198 219 298 75 53 42 93 296 107 289 288 245 76 266 59 247 1 294 229 37 282 50 202 106 227 28 268 209 14 73 104 208 77 287 213 21 57 26 295 70 103 243 2 10 27 48 283 30 200 276 249 279 34 105 216 234 74 218 97 250 17 291 9 65 236 46 23 47 91 62 281 4 262 87 269 212 40 244 199 299 61 13 277 230 12 235 293 82 238 16 254 214 25 31
198: 7 120 159 220 61 296 115 26 92 284 282 113 154 36 209 156 27 271 177 257 43 122 297 273 50 175 153 69 58 84 264 208 23 86 70 51 221 151 289 83 24 195 218 128 79 37 178 21 213 15 108 281 239 129 39 174 170 247 288 136 34 192 285 124 139 105 183 119 90 118 226 299 211 67 40 300 168 206 32 62 182 140 166 210 216 185 106 229 260 191 199 95 48 38 214 104 10 165 201 236 250 268 63 259 179 188 111 230 14 2 261 169 41 137 12 262 114 172 28 275 205 171 180 228 196 235 130 298 75 91 31 144 76 147 155 88 73 160 71 135 237 60 22 292 142 133 200 161 55 203 54 164 98 244 121 249 47 167 266 212 184 103 19 149 134 87 277 263 278 44 57 80 148 33 258 49 253 162 101 197 238 4 102 252 251 74 85 223 20 222 241 157 11 202 189 152 173 198 274 291 256 107 99 56 110 242 25 13 193 42 46 143 176 181 125 29 234 78 112 204 94 132 45 66 231 290 89 116 100 16 65 146 141 93 64 3 145 123 294 109 35 1 240 270 293 243 59 53 267 126 150 81 217 186 96 215 246 295 82 265 30 127 227 255 286 280 194 233 225 272 219 18 138 158 276 131 163 8 72 68 17 207 279 248 254 9 232 245 187 117 283 97 5 52 287 77 6 190 224 269
199: 175 186 126 118 172 112 168 137 150 192 132 115 190 113 183 161 191 133 141 119 170 154 174 177 163 159 135 188 117 127 157 171 128 178 153 139 114 149 160 184 143 120 158 136 140 180 173 124 155 185 144 187 181 146 138 125 196 122 151 134 166 152 121 147 164 156 148 169 195 123 162 197 182 145 116 167 131 189 194 176 165 142 129 130 179 193 249 242 267 229 73 6 207 24 221 232 254 298 275 105 216 237 27 74 101 45 217 295 264 93 276 255 62 55 54 57 13 56 85 225 296 28 202 248 2 18 289 256 292 286 244 263 258 299 214 293 205 12 265 253 37 69 106 260 65 269 35 224 22 32 199 19 44 290 236 47 200 97 203 279 245 247 227 99 204 208 226 33 285 81 53 238 261 198 270 36 213 278 272 72 277 26 211 88 90 240 222 234 103 80 41 48 287 29 241 110 43 223 14 212 297 94 78 284 46 31 283 300 271 50 4 61 23 230 291 243 92 5 96 76 17 30 251 71 1 218 89 281 66 42 268 83 9 220 51 59 91 288 252 64 228 82 87 282 209 246 58 210 15 239 77 34 95 231 79 235 98 108 280 75 21 201 84 257 274 38 70 219 39 111 259 215 40 52 7 107 250 67 273 49 102 68 8 266 206 11 233 20 262 109 60 10 63 86 294 104 100 25 3 16
200: 165 299 103 224 184 298 270 258 255 192 269 266 217 263 119 220 173 209 283 187 246 3 206 158 11 247 218 123 95 208 125 146 7 210 253 116 44 76 1 21 13 122 79 50 97 161 137 147 154 71 201 274 244 94 236 222 179 237 249 39 89 81 199 221 74 225 153 243 66 226 295 102 68 164 272 180 228 31 223 20 110 234 177 69 55 241 276 38 212 101 114 16 82 211 121 127 124 104 49 134 23 117 86 170 293 40 268 288 286 99 257 24 140 35 17 48 193 12 163 15 57 77 91 107 262 52 70 171 19 34 202 279 47 296 169 166 92 105 98 297 167 58 130 229 144 132 63 189 182 56 14 300 294 109 239 113 120 53 238 36 203 143 242 29 145 174 75 290 37 62 112 152 118 138 235 188 273 256 27 185 261 5 148 292 277 183 248 133 22 200 108 278 41 43 213 232 83 250 285 233 219 93 230 227 84 126 264 30 128 254 195 149 6 281 100 151 178 90 9 135 172 73 72 214 46 64 191 252 106 32 87 168 190 4 155 96 150 275 194 159 136 160 207 141 131 265 8 186 60 115 197 51 245 67 205 176 267 25 291 271 139 42 80 251 65 18 282 240 85 175 181 284 204 216 287 231 142 10 33 78 2 289 129 88 54 215 162 111 280 260 28 157 196 198 45 156 61 26 259 59
201: 217 81 116 182 41 174 85 290 228 26 135 172 275 251 65 216 262 254 176 64 50 125 111 5 193 79 45 267 17 274 190 20 91 291 288 53 108 245 159 117 183 23 58 122 46 289 178 282 155 15 66 84 163 222 21 90 141 138 87 71 61 258 177 103 279 83 266 191 52 6 231 240 113 39 271 200 63 292 134 40 131 37 286 140 68 59 29 73 235 192 130 255 181 264 202 55 187 104 259 33 227 207 57 89 300 268 270 152 203 241 99 194 164 272 210 142 123 136 86 248 206 298 243 247 180 225 249 148 154 273 170 166 11 175 232 76 32 62 14 209 162 28 256 3 106 238 67 48 156 149 219 158 165 120 184 188 132 82 13 252 145 215 283 296 92 10 129 8 72 18 118 253 196 51 276 151 234 128 153 161 95 199 294 261 47 299 88 204 74 1 54 147 223 115 173 25 229 265 126 146 101 226 107 233 293 102 189 110 34 285 19 22 35 24 168 119 250 186 284 70 214 236 197 179 69 269 80 221 96 260 297 195 31 77 49 212 287 144 93 220 42 114 78 75 280 167 295 208 185 112 171 98 9 157 281 56 169 143 97 242 105 44 213 263 237 198 257 239 137 27 2 30 139 16 36 160 201 150 133 127 278 211 100 246 7 60 218 244 94 12 277 121 230 205 38 109 224 124 4 43
202: 194 152 134 132 181 158 155 192 149 179 168 124 125 170 112 193 115 140 189 130 121 176 162 154 166 196 159 161 138 183 142 147 146 187 172 126 128 137 131 180 150 129 144 135 118 188 122 139 136 169 127 114 119 182 157 165 163 156 184 116 120 113 171 148 178 190 191 174 195 167 153 143 141 160 197 177 123 173 117 164 145 175 186 185 151 133 234 31 259 243 29 202 59 68 290 72 109 254 49 298 44 20 283 284 242 209 273 250 110 63 227 18 211 260 64 105 4 248 203 249 26 225 208 40 98 267 279 255 84 221 23 53 71 96 247 94 200 266 67 287 198 293 232 108 77 222 58 38 236 97 226 291 42 32 271 50 99 16 288 57 80 286 219 24 61 258 216 244 201 6 78 289 104 3 299 35 239 205 240 296 19 246 21 56 280 213 48 7 238 70 206 92 22 62 33 11 74 54 81 27 85 41 292 37 51 55 237 106 1 65 47 76 261 275 95 12 212 224 13 251 82 86 214 91 276 274 272 229 83 264 102 297 15 103 69 8 294 43 263 233 93 217 245 75 90 204 215 235 2 46 218 269 52 66 111 199 207 28 17 285 262 281 45 265 100 5 300 256 252 223 36 25 88 89 295 101 39 253 278 107 277 257 30 34 14 231 60 241 270 87 268 282 220 230 73 9 10 79 210 228
203: 193 135 136 162 155 169 180 164 159 131 177 171 153 192 190 194 167 172 182 184 152 166 144 151 130 115 195 143 178 114 138 173 161 119 113 124 149 116 132 145 127 112 122 191 158 147 118 137 150 146 197 121 126 157 142 188 189 163 141 186 128 129 176 175 174 125 168 181 117 133 140 196 179 156 123 134 165 183 120 187 148 139 185 170 160 154 73 12 71 77 74 265 249 236 278 45 17 290 252 298 235 53 19 251 276 41 264 244 240 233 279 79 15 65 258 242 58 287 238 220 75 214 86 271 245 213 273 70 43 52 110 263 37 225 76 27 211 217 92 13 63 285 81 241 2 23 10 239 205 231 267 215 255 87 91 30 62 22 232 33 268 61 72 18 25 280 34 202 198 11 254 84 28 60 69 6 294 257 64 208 46 221 200 269 31 286 8 292 234 99 262 56 210 277 104 24 82 21 49 266 289 14 51 39 36 66 207 246 26 250 226 109 270 222 35 107 108 218 20 105 230 206 209 97 89 216 212 3 38 256 47 93 44 300 243 288 42 78 283 248 227 296 274 281 29 111 293 90 201 297 253 80 95 9 275 228 295 291 260 284 48 204 7 57 50 219 94 199 54 55 102 85 247 32 96 98 229 101 1 224 261 259 237 59 16 106 88 67 40 68 203 223 282 100 272 4 103 5 299 83
204: 124 126 130 180 194 185 135 163 184 157 146 197 188 167 177 179 156 149 141 127 113 151 138 193 147 139 121 176 118 161 155 172 117 173 164 170 192 125 128 159 116 119 134 131 152 182 166 140 120 165 186 129 115 174 123 137 153 112 181 195 171 196 168 148 162 160 114 150 136 122 189 142 191 154 145 178 143 187 132 175 158 144 183 133 169 190 66 105 210 36 83 59 25 298 279 217 11 207 263 227 209 77 16 282 69 237 260 20 12 243 283 74 267 41 51 255 65 202 4 268 238 44 31 84 15 290 221 111 72 264 247 204 211 269 43 249 79 292 38 296 199 14 98 274 230 32 280 88 276 295 52 265 203 92 76 262 62 293 9 251 244 28 17 218 272 213 226 19 81 24 257 3 46 80 291 266 27 42 285 57 93 109 254 71 102 29 250 21 68 13 205 242 110 18 215 245 223 212 270 256 297 37 63 87 58 2 104 236 208 107 94 253 64 33 103 239 200 206 225 82 99 39 278 271 61 5 300 50 220 95 89 275 231 214 30 216 248 289 54 261 240 75 277 252 287 284 23 7 40 273 1 299 22 60 35 258 97 56 234 47 86 198 34 241 78 229 219 70 233 224 91 246 6 48 108 259 49 294 286 222 10 281 45 235 100 232 85 67 8 106 96 201 288 26 53 55 228 101 90 73
205: 182 144 163 116 155 181 117 147 112 140 169 160 125 146 128 193 135 186 126 170 124 177 119 157 164 131 159 156 120 152 180 149 168 141 165 191 118 173 145 136 197 132 175 179 133 172 151 192 150 130 115 171 166 185 122 195 187 190 161 194 121 127 148 134 113 184 162 139 178 143 137 189 142 196 138 188 129 158 153 167 114 183 123 176 174 154 21 286 199 2 51 88 270 223 99 79 24 213 92 300 295 72 71 288 205 274 292 236 9 52 94 234 47 43 68 54 240 32 287 279 260 66 48 40 103 109 91 211 283 239 275 201 235 90 258 16 63 267 255 96 250 1 46 230 237 277 208 252 110 50 95 257 203 297 280 73 56 111 36 299 59 76 18 249 242 29 225 64 25 214 241 84 38 290 11 226 3 104 35 83 37 284 232 106 39 207 4 220 15 34 293 55 10 81 69 264 254 285 248 23 28 217 7 202 8 227 27 238 86 218 58 101 212 200 222 210 82 75 268 246 204 215 102 245 87 266 233 221 224 108 229 251 57 282 19 263 45 105 256 60 89 5 253 219 20 62 107 100 78 278 14 33 98 97 206 289 298 265 244 271 247 65 276 67 198 243 269 26 294 31 13 209 12 61 6 74 41 77 273 53 228 70 216 93 42 261 259 17 291 231 30 80 296 272 22 44 85 49 281 262
206: 230 257 222 238 294 214 293 212 234 260 277 262 268 206 241 209 290 285 284 254 274 265 205 221 292 240 228 242 251 216 243 298 264 232 279 223 278 295 266 297 233 275 296 219 198 201 247 286 259 263 250 226 208 211 291 204 273 282 287 213 255 280 202 256 200 283 225 203 215 252 248 236 272 281 289 269 258 239 246 235 220 253 224 299 207 300 276 267 244 231 288 237 210 249 217 199 245 261 229 271 218 270 227 143 180 190 1 193 181 128 44 4 79 152 76 171 98 189 100 92 41 186 166 161 120 156 13 101 33 83 68 65 132 35 57 127 42 38 30 168 49 160 170 187 47 82 102 109 8 194 140 121 73 108 80 176 17 91 94 183 89 99 115 39 137 116 45 131 14 144 117 69 96 50 60 9 182 130 138 118 106 87 146 197 64 139 177 32 27 134 184 162 51 185 20 40 93 90 46 12 34 164 31 3 67 84 97 25 158 24 122 11 71 148 63 114 163 37 173 136 125 155 23 18 66 36 172 196 188 77 59 86 85 19 21 142 191 15 61 111 104 113 53 5 88 119 54 129 178 78 192 174 43 16 147 28 110 179 107 58 52 159 195 153 169 75 175 135 167 81 48 145 2 154 103 141 124 22 123 56 165 26 105 70 6 157 126 95 112 149 74 62 55 151 72 150 7 133 10 29
207: 13 40 31 76 30 50 59 9 109 34 89 2 107 19 71 69 98 39 54 79 35 52 90 29 93 5 83 18 87 43 38 95 77 84 67 85 63 99 58 26 100 51 105 4 20 1 16 37 15 72 82 73 41 33 8 22 24 27 103 55 62 102 75 104 56 101 12 86 57 110 47 23 14 80 64 92 44 70 66 21 36 74 94 78 81 65 7 106 3 88 60 91 48 49 28 61 10 32 97 11 53 17 45 68 6 42 96 108 25 111 46 248 127 215 282 208 137 246 249 277 195 245 158 188 180 204 255 206 296 165 229 268 174 266 129 207 270 275 154 116 190 221 184 259 183 205 236 225 130 291 226 120 210 185 189 252 286 140 141 168 292 217 250 112 187 274 169 290 178 271 238 203 251 272 297 288 230 273 145 293 284 211 214 260 281 156 222 173 135 287 261 157 162 131 161 278 228 247 191 160 258 159 149 244 253 213 197 192 276 199 118 150 285 123 163 219 125 122 146 142 117 113 242 132 175 124 254 138 289 176 136 218 186 172 256 299 201 151 153 279 147 257 152 280 119 300 139 267 171 200 121 295 133 164 170 216 233 167 234 114 224 155 202 198 126 243 239 262 182 134 269 143 265 128 298 196 115 240 223 232 144 194 193 231 177 148 179 263 294 166 237 235 220 181 283 209 212 264 227 241
208: 283 115 160 84 287 128 253 63 167 130 91 238 241 33 56 229 156 13 220 145 90 36 196 168 209 60 62 150 50 294 205 14 225 226 269 173 53 126 94 61 256 222 106 37 260 248 41 74 182 277 54 175 295 143 120 52 32 250 286 178 122 147 200 298 288 70 127 227 95 254 193 234 282 206 104 125 97 11 265 221 87 131 186 39 10 29 2 129 15 69 279 161 289 101 163 117 170 24 259 262 73 31 157 244 40 207 149 270 114 281 140 108 51 151 20 210 113 246 66 103 195 76 148 89 132 215 71 164 30 138 58 43 243 184 181 183 240 34 25 1 72 261 18 275 213 158 65 78 121 21 236 258 218 191 190 197 252 172 142 174 9 230 214 86 59 75 231 16 8 284 292 67 291 245 201 146 88 267 109 28 45 247 102 293 12 185 171 17 44 133 42 141 96 285 48 4 77 179 83 203 268 249 235 99 105 232 136 6 211 165 169 82 80 242 219 46 26 107 198 110 296 68 274 27 118 134 166 119 276 266 228 49 177 280 155 85 223 216 239 64 299 92 290 139 251 199 7 189 297 257 204 237 3 19 124 208 5 47 264 93 153 35 224 202 176 123 194 144 152 23 180 38 272 111 55 79 100 135 188 112 300 159 116 162 255 57 263 271 217 212 273 187 22 233 192 278 137 81 154 98
209: 119 190 131 181 192 160 126 140 150 139 130 174 182 166 149 161 125 155 137 168 167 157 183 154 148 144 189 194 151 195 171 121 122 134 142 164 127 170 188 173 136 191 162 197 169 132 116 114 133 196 193 163 118 179 123 143 138 176 115 113 124 187 178 145 172 129 120 147 184 185 153 156 186 177 152 146 141 117 135 158 159 112 165 128 175 180 221 62 273 8 261 300 104 249 76 222 241 74 79 102 223 267 89 12 61 92 97 260 16 212 107 98 207 35 85 226 293 253 2 230 108 101 87 290 245 231 278 268 216 96 99 204 54 49 100 269 111 32 20 232 252 240 105 284 22 50 88 213 227 215 256 10 218 286 264 103 247 77 24 276 81 288 281 275 289 53 90 23 27 69 262 70 38 36 257 5 246 18 279 266 15 296 21 202 6 283 34 71 287 250 26 30 95 201 33 93 73 298 19 109 243 75 228 37 78 210 225 82 3 211 251 43 206 270 299 56 110 83 263 282 229 63 239 199 274 39 236 224 7 208 217 265 68 66 233 106 271 203 29 13 84 65 285 80 45 234 292 86 94 44 294 25 205 1 40 220 272 248 297 238 9 91 259 4 291 200 47 28 209 51 59 242 277 72 11 42 237 14 60 41 244 57 198 254 17 214 55 64 48 67 280 46 235 58 219 258 255 52 295 31
210: 291 204 292 288 293 225 201 280 294 300 272 222 208 244 241 279 252 255 261 236 297 217 221 198 296 240 299 243 269 267 256 239 246 227 224 262 274 231 212 245 277 226 273 199 264 205 253 232 229 295 249 283 258 207 211 285 203 289 250 235 275 213 287 228 268 223 251 209 230 206 254 284 210 242 270 220 282 214 263 276 219 259 218 247 298 290 216 234 260 237 266 281 238 215 265 248 202 278 200 271 286 257 233 194 136 86 52 122 59 110 107 179 134 163 157 147 160 184 167 70 193 84 19 85 185 39 189 156 72 49 162 24 128 92 95 4 55 25 170 155 78 94 101 114 172 140 47 17 191 11 146 192 106 38 148 3 169 131 133 105 132 71 87 48 82 108 196 166 152 43 61 127 12 99 165 125 176 42 41 9 34 197 77 35 141 150 31 75 195 36 81 67 64 40 158 171 22 186 26 139 2 8 58 33 111 100 126 109 93 20 62 121 6 50 135 124 63 130 90 174 175 187 21 123 149 181 173 137 112 1 96 74 56 69 18 27 68 44 15 76 113 154 23 5 83 164 28 180 168 102 151 143 118 144 29 178 103 190 129 188 120 89 10 60 45 177 145 65 13 46 161 153 117 182 97 57 159 91 138 66 104 53 119 80 98 88 183 79 115 14 73 37 30 16 32 7 51 54 116 142
211: 37 71 192 59 92 62 142 294 219 127 186 267 205 208 155 147 259 24 98 196 240 281 169 249 83 13 164 144 51 277 254 9 1 39 21 116 58 121 102 223 284 193 159 271 215 133 48 154 195 6 179 68 250 81 56 77 226 263 167 34 70 171 126 198 20 53 233 242 206 111 150 2 235 45 289 276 287 114 190 14 248 82 176 194 184 283 181 67 131 26 91 213 31 61 130 152 63 174 84 288 38 29 178 163 149 19 145 87 75 16 135 146 180 90 229 264 129 241 103 78 11 245 260 210 86 197 172 183 47 243 28 191 209 266 151 231 182 40 8 207 73 253 60 49 156 188 270 237 69 153 95 225 107 247 230 285 7 222 141 46 139 269 54 140 238 274 113 119 221 120 106 214 217 12 137 177 15 3 35 30 57 123 246 234 261 228 279 55 96 203 109 157 224 158 300 278 118 108 268 25 23 65 104 239 170 252 115 4 162 76 257 89 165 236 100 272 32 211 138 216 17 143 128 290 110 258 148 199 275 280 200 101 298 85 27 117 189 286 299 52 42 161 79 175 166 44 187 43 273 22 10 105 296 122 93 291 74 204 168 218 72 99 50 94 262 256 185 297 136 282 80 64 232 18 293 227 66 134 292 202 251 255 41 125 173 212 160 244 220 112 5 201 36 97 124 295 132 33 265 88
212: 199 170 181 165 175 61 141 14 10 230 21 212 145 254 166 226 71 154 115 171 265 151 209 242 229 109 95 195 43 163 148 54 128 74 234 35 48 92 232 12 125 53 68 13 108 256 40 259 214 122 291 83 177 282 42 271 59 33 156 206 231 3 110 189 167 5 280 249 298 284 75 178 223 121 187 286 227 78 150 142 217 268 79 218 23 39 41 20 262 245 36 244 281 221 194 243 147 297 269 107 146 118 296 104 160 4 112 77 46 224 236 31 9 101 26 62 136 29 44 283 119 287 16 82 279 64 174 65 87 73 288 116 251 51 247 216 80 274 193 134 294 272 45 126 63 220 202 58 60 27 235 180 38 49 155 203 7 237 290 250 106 292 205 228 17 19 52 253 91 183 144 50 102 84 168 113 130 140 127 252 276 172 266 158 219 98 138 30 22 25 300 258 233 70 239 182 135 201 67 255 131 123 37 260 18 289 278 169 96 34 1 69 270 8 267 295 299 100 222 157 197 47 81 198 105 215 273 176 132 99 207 241 173 129 159 24 93 32 6 264 186 124 103 162 117 139 161 277 263 211 275 86 114 89 210 191 120 213 28 97 208 88 200 149 152 188 225 143 185 246 133 2 257 164 261 238 248 285 94 76 57 184 11 293 179 204 137 85 190 72 153 55 15 240 66 196 56 192 90 111
213: 297 11 283 59 101 272 21 9 39 118 243 248 63 239 55 152 286 172 116 47 74 53 150 1 273 132 276 38 107 267 282 187 121 278 14 87 250 143 153 98 207 262 296 78 265 290 117 103 259 210 106 139 180 230 211 300 234 159 298 111 51 100 138 292 84 82 134 294 46 16 155 22 179 70 88 62 190 205 33 277 151 64 200 115 192 37 17 104 91 65 90 110 154 185 8 184 183 81 165 221 24 66 175 15 160 275 241 238 18 178 72 43 237 83 75 79 254 20 114 54 137 122 93 124 209 25 242 182 125 258 216 235 167 217 189 112 231 174 269 208 89 268 32 108 126 224 23 251 198 35 236 199 157 264 161 253 97 133 255 203 94 168 181 19 57 191 240 220 136 287 26 56 109 48 148 201 299 119 123 284 193 127 96 244 29 196 142 171 223 227 86 247 12 156 44 42 41 31 289 245 229 249 166 215 280 270 3 13 77 95 50 92 195 85 27 5 219 169 170 252 68 288 69 233 34 102 176 52 293 177 146 76 214 257 149 204 120 80 194 186 261 6 274 60 232 213 145 7 279 71 128 295 130 61 291 266 45 225 144 256 188 129 281 140 73 10 105 202 158 197 263 141 2 206 36 260 164 58 28 163 49 67 99 173 271 218 30 4 246 40 226 113 135 222 147 162 212 228 131 285
214: 135 138 139 126 149 182 151 152 195 117 114 189 180 133 148 187 179 175 157 172 164 193 192 154 128 136 122 116 129 191 177 131 115 162 140 155 120 165 137 188 167 184 118 159 132 142 196 153 173 197 145 171 170 112 183 166 194 121 130 144 161 123 134 186 163 150 113 176 119 174 185 143 158 169 160 147 124 141 156 125 190 127 168 181 146 178 266 294 4 240 296 8 38 57 232 87 111 228 70 99 288 219 85 252 242 58 241 88 298 44 261 262 239 299 279 255 101 2 210 269 103 47 83 56 289 292 27 63 19 62 200 260 280 95 86 258 26 49 268 17 48 46 89 223 15 39 68 107 41 218 282 213 225 94 71 72 222 43 53 21 285 276 248 291 106 5 10 35 76 251 90 105 271 287 92 37 273 243 14 274 231 61 42 245 250 246 227 293 7 40 55 34 102 12 244 238 66 235 29 104 82 270 202 215 214 81 100 290 233 108 75 221 272 6 59 226 91 32 237 84 79 278 1 208 212 217 203 73 31 256 22 110 18 277 267 78 284 51 297 25 36 257 28 13 229 98 265 16 205 50 3 283 216 300 24 20 109 52 207 65 234 209 201 77 259 93 67 236 254 286 281 199 206 54 295 45 275 74 9 247 33 264 249 230 253 96 211 263 30 198 80 69 11 64 60 220 204 97 224 23
215: 235 270 209 251 255 250 257 218 220 201 259 296 214 266 225 297 263 287 282 254 268 210 204 291 230 224 293 244 233 294 269 298 205 267 206 249 279 276 245 281 198 248 207 234 265 227 226 299 283 256 278 243 246 222 275 241 258 300 236 229 240 277 274 253 221 286 272 202 216 231 237 211 200 217 288 212 285 215 252 262 219 228 213 280 242 239 292 289 260 261 232 273 203 271 295 247 199 290 284 264 238 223 208 36 38 142 37 185 106 91 68 115 128 159 18 67 30 13 160 25 40 190 197 175 144 58 152 80 48 183 84 98 102 119 155 51 47 72 85 94 153 166 54 191 173 172 147 23 86 140 26 99 93 125 113 132 121 154 122 136 83 45 138 50 170 114 10 148 165 88 44 187 110 135 167 118 70 28 81 46 2 27 90 1 16 103 171 131 15 29 89 189 112 129 87 92 163 33 35 192 19 188 179 109 12 150 69 21 196 97 52 130 5 162 55 184 161 139 111 31 120 151 126 157 76 146 123 64 108 169 117 32 194 62 193 104 182 53 61 78 66 7 65 71 133 149 124 127 24 14 41 63 9 73 100 82 195 11 56 158 105 141 4 168 60 96 107 3 176 75 6 22 79 186 116 43 145 34 101 95 57 59 8 17 174 42 156 20 177 181 74 137 49 178 134 77 39 143 180 164
216: 90 16 198 21 121 299 144 81 36 29 59 292 110 99 214 190 112 116 199 287 136 267 133 93 175 242 18 256 275 141 246 160 230 118 41 167 288 286 11 248 269 204 215 2 104 149 140 77 293 244 100 89 126 249 15 51 201 32 155 169 229 197 107 58 188 222 147 217 68 243 264 158 279 257 234 277 181 295 221 172 46 105 45 31 125 64 78 200 297 55 223 163 254 83 296 260 123 238 63 228 233 187 224 62 170 220 218 278 182 61 111 50 142 271 276 34 289 146 205 227 108 82 156 298 131 212 84 179 157 259 235 7 92 134 291 300 252 290 103 71 194 283 72 87 161 151 74 266 265 115 174 168 96 208 207 251 262 24 54 69 129 113 183 48 88 213 70 37 117 53 33 211 137 135 124 91 268 193 8 191 122 138 154 35 196 65 209 231 43 171 152 272 210 294 56 23 145 159 42 166 139 19 162 282 106 5 22 28 284 95 109 247 143 226 97 130 40 150 240 79 26 80 216 261 180 236 85 186 285 1 4 164 258 173 73 255 237 120 38 67 6 14 101 114 25 12 153 178 30 119 102 281 232 13 10 270 52 94 239 184 9 225 253 219 86 17 273 202 192 250 176 280 20 60 148 49 44 274 195 66 132 76 27 75 177 185 3 206 189 57 263 241 39 128 127 203 165 98 245 47
217: 127 189 113 180 179 145 187 171 123 117 159 133 156 173 165 122 139 118 130 134 184 141 193 195 194 124 160 196 162 167 125 131 178 182 129 154 136 186 174 157 153 149 126 128 138 191 137 177 116 197 114 120 121 148 161 188 183 112 119 140 163 190 169 192 172 152 146 142 168 132 164 176 144 155 185 147 115 175 166 170 151 150 143 158 181 135 18 110 59 77 57 231 241 33 212 216 13 97 47 251 79 238 45 82 107 105 271 218 36 207 239 201 288 87 42 83 270 295 256 267 210 22 299 40 38 266 94 257 259 92 61 263 277 89 55 232 39 282 2 1 53 285 65 29 292 102 260 235 51 289 273 34 67 109 62 233 9 280 86 106 224 276 15 12 220 73 245 103 202 269 100 205 262 268 258 204 203 41 283 214 111 31 46 274 26 60 248 70 225 279 226 284 27 278 43 8 44 20 265 213 296 244 253 37 84 93 200 287 24 208 222 247 98 21 32 242 91 281 250 249 56 90 17 206 101 28 219 95 300 30 5 63 237 291 198 74 50 298 209 223 52 293 252 7 10 48 290 294 75 16 211 6 69 66 108 11 35 25 236 3 76 88 297 261 217 230 85 23 234 275 64 255 49 81 4 254 71 246 240 104 19 243 72 58 264 215 286 229 68 78 227 272 80 228 96 54 99 199 221 14
218: 236 240 259 291 298 220 294 254 299 212 292 265 208 199 276 272 269 264 260 201 205 253 206 295 248 239 232 268 258 200 251 233 282 255 214 278 277 263 217 281 241 202 300 285 207 284 204 213 246 229 296 243 222 224 230 256 279 228 198 266 210 211 262 283 280 226 274 252 231 250 249 289 288 225 287 290 270 203 237 227 221 235 267 219 242 293 245 216 223 261 218 286 297 238 275 215 273 234 271 257 244 247 209 140 185 191 73 37 196 132 116 179 176 112 51 155 166 117 178 105 60 129 146 145 45 83 103 42 79 133 58 141 182 75 137 154 81 10 151 174 183 121 115 120 143 153 139 88 101 164 114 197 6 90 147 187 150 106 100 36 171 136 20 91 62 98 122 11 27 23 82 24 61 188 77 32 16 156 26 190 172 65 46 30 157 31 134 2 22 189 17 180 135 95 109 47 162 128 43 8 167 14 107 195 53 160 87 177 72 85 159 9 161 170 99 169 63 181 86 33 66 138 97 148 41 49 108 1 68 57 123 118 5 52 35 144 175 94 131 165 74 29 96 70 64 78 149 28 127 130 168 173 84 54 158 76 69 126 56 119 186 21 102 34 13 38 142 193 192 194 110 4 125 12 92 44 184 15 124 111 80 89 152 48 55 50 40 25 93 7 59 18 39 113 163 67 71 19 3 104
219: 202 279 210 237 241 221 289 239 271 297 236 216 233 214 269 209 240 300 220 204 201 199 205 275 219 215 228 231 226 290 277 203 238 266 252 263 299 261 248 218 232 295 292 273 265 282 280 245 229 286 211 198 267 243 223 212 272 291 285 296 222 253 258 244 257 249 294 246 274 293 276 287 254 217 234 242 260 283 268 230 256 213 224 206 250 298 262 288 281 227 264 235 207 247 208 200 225 255 259 251 284 270 278 184 165 115 88 96 100 106 121 189 107 124 1 98 82 24 196 178 4 140 65 99 18 143 32 63 89 72 109 20 158 142 186 179 151 155 39 168 73 104 110 38 77 183 23 160 95 57 56 185 37 19 180 193 135 170 87 67 181 41 159 8 113 49 167 2 62 25 156 61 91 66 60 27 70 152 30 52 54 188 10 48 22 173 131 5 118 46 12 123 162 134 76 84 157 6 126 175 144 119 146 125 45 114 136 164 40 80 101 93 129 195 132 166 78 29 176 102 42 33 161 116 194 7 108 92 122 174 97 163 172 55 58 190 85 36 79 154 130 15 192 127 21 105 177 75 11 59 9 148 145 149 26 47 83 51 128 71 53 35 120 187 17 197 138 13 69 43 68 50 111 34 86 74 150 191 171 117 94 137 44 16 153 141 3 169 81 90 133 14 31 28 64 103 147 182 139 112
220: 281 216 283 202 224 256 239 294 204 241 219 259 220 292 265 209 262 275 221 210 293 247 260 289 230 199 222 226 249 236 299 214 223 238 198 287 218 200 253 252 261 213 237 250 285 248 240 288 258 235 280 215 274 298 233 245 205 257 228 269 267 297 282 242 255 212 272 211 206 231 284 203 271 244 296 225 254 234 279 243 268 270 286 251 300 208 201 263 295 278 276 291 232 266 246 217 277 273 207 264 290 227 229 82 38 106 41 36 138 66 101 159 170 35 69 23 93 80 168 68 81 150 196 74 42 47 17 19 84 103 28 118 185 192 197 3 145 105 184 22 58 114 194 49 73 26 29 112 131 96 157 57 173 172 125 166 149 163 33 83 60 72 92 14 11 144 95 146 59 1 193 55 87 53 139 178 117 176 71 97 154 174 51 132 179 10 12 13 182 100 148 50 18 88 76 31 171 181 5 2 113 189 9 155 135 25 34 167 99 134 142 54 43 85 160 107 158 108 126 183 129 127 63 56 188 16 141 147 46 94 165 40 152 130 156 123 151 140 191 4 111 86 195 7 116 119 24 137 21 162 110 44 104 89 77 78 120 61 161 90 64 175 65 124 30 70 164 27 45 143 109 133 79 52 98 20 75 121 48 39 15 169 37 136 128 91 122 32 67 102 6 177 115 153 187 186 62 180 8 190
221: 282 229 259 221 300 285 258 228 240 209 216 233 245 252 202 208 199 297 235 231 204 242 284 215 251 247 286 214 227 296 265 244 248 212 206 283 274 267 225 255 249 217 280 254 220 261 210 236 223 262 222 246 239 238 224 253 276 257 256 271 270 200 298 241 213 266 232 218 279 292 269 243 277 278 219 294 201 275 198 263 234 299 207 287 288 260 295 268 289 237 293 272 290 203 264 273 205 226 211 291 230 250 281 63 80 113 23 41 186 120 149 48 139 32 11 162 31 160 76 15 189 72 103 151 49 194 179 191 193 176 38 44 137 3 171 39 68 185 178 17 43 153 83 73 150 180 147 13 8 70 96 128 51 65 195 141 170 91 5 169 18 154 54 59 57 116 94 106 184 117 108 16 2 37 85 109 158 82 182 69 197 97 131 21 136 121 33 181 60 27 114 36 187 61 138 145 88 111 34 134 177 105 47 95 28 40 163 135 53 148 107 127 75 25 66 161 79 100 175 122 62 190 67 159 118 42 12 156 102 93 77 87 104 174 20 165 125 172 124 58 129 50 168 4 110 143 133 1 81 188 192 166 89 14 74 123 119 6 45 10 130 157 46 152 29 112 22 30 64 126 90 7 24 146 78 9 155 140 183 98 35 55 196 26 115 86 164 173 142 71 56 84 144 132 19 167 92 99 101 52
222: 166 146 137 136 150 181 138 192 196 112 160 117 135 183 129 120 152 195 171 186 115 154 149 173 175 124 140 190 132 184 147 163 165 194 121 182 119 177 139 174 144 191 123 114 141 127 161 155 164 185 145 157 179 176 151 133 178 116 170 169 168 126 122 188 156 125 131 128 130 162 172 134 148 167 180 159 153 142 187 158 197 118 113 143 193 189 51 237 22 263 80 24 217 28 245 105 218 211 215 46 2 50 53 279 108 292 207 249 77 74 75 11 294 272 243 239 274 65 278 297 14 92 94 258 42 61 259 1 235 64 89 291 15 280 248 222 26 96 9 271 7 264 38 68 269 79 19 99 56 45 209 213 98 21 39 227 76 252 25 52 210 101 6 212 62 44 273 59 109 253 240 281 58 290 110 234 66 295 247 107 228 16 78 286 288 254 81 200 277 267 111 63 33 199 54 30 229 102 282 47 214 27 251 236 226 87 48 49 283 100 12 206 34 55 298 97 84 250 8 293 224 69 85 296 17 82 18 13 104 289 32 220 88 223 232 275 265 287 233 244 203 91 60 93 5 71 41 216 70 20 230 40 36 270 90 35 299 242 268 72 221 73 4 23 205 285 201 300 208 255 95 29 103 57 257 219 86 10 261 241 284 262 43 260 106 31 256 204 266 83 276 225 67 3 231 198 202 238 246 37
223: 160 80 88 241 110 288 29 132 262 97 240 77 275 56 273 100 49 12 179 208 243 194 266 253 206 278 42 187 84 198 188 96 178 47 226 133 289 155 117 134 250 113 91 115 66 76 200 272 39 286 18 219 222 157 128 246 34 189 116 233 60 45 54 59 164 125 44 46 169 244 124 8 48 280 173 184 31 145 119 15 282 136 122 263 196 254 298 147 257 93 106 283 252 294 25 232 281 182 249 236 101 123 268 274 32 108 190 245 204 176 26 221 149 83 291 165 35 170 251 248 212 94 71 130 114 271 143 127 148 264 167 33 139 209 287 180 296 162 55 20 95 103 231 111 17 159 230 150 41 207 38 82 40 16 186 11 197 183 28 121 285 140 65 90 192 58 89 152 142 276 269 6 141 63 228 260 202 79 27 213 174 137 242 19 105 52 144 247 171 36 2 104 51 146 239 195 234 175 151 102 126 237 70 98 72 258 154 158 138 185 292 86 50 112 261 92 7 37 284 181 129 218 109 62 4 193 74 43 24 68 57 166 5 265 81 14 64 227 30 9 75 270 22 297 53 203 201 295 135 293 267 107 153 168 223 23 217 300 61 224 10 215 21 290 205 277 163 199 211 214 67 118 259 229 177 73 256 279 87 120 225 255 85 238 3 69 299 216 161 131 99 1 220 78 172 235 156 210 13 191
224: 284 300 290 246 295 221 250 209 282 257 299 249 289 298 234 229 261 220 213 274 230 297 215 227 272 206 286 244 283 202 240 267 252 212 211 294 270 199 259 228 273 251 204 276 208 285 218 271 225 277 237 260 269 263 253 243 256 245 200 219 232 288 207 231 216 214 291 265 217 223 287 222 296 242 264 293 233 280 254 210 201 241 248 247 266 238 239 275 224 278 203 262 255 235 236 268 292 279 281 226 258 205 198 21 155 42 13 74 55 158 110 81 133 153 192 129 70 90 122 147 62 131 132 2 73 87 17 84 128 141 157 53 69 4 48 27 166 7 196 50 86 97 95 106 109 57 14 139 197 162 58 126 72 143 60 46 160 145 67 117 43 190 116 40 51 137 8 22 188 179 161 183 38 71 16 146 56 65 9 49 112 168 99 33 154 64 29 18 127 171 93 77 75 159 45 115 194 121 82 32 186 80 44 66 123 180 113 165 78 191 124 103 176 12 114 26 150 120 172 174 151 83 88 85 144 91 35 138 3 104 76 89 6 24 28 134 185 148 25 149 105 108 47 173 96 61 98 31 59 125 181 193 5 170 23 195 20 164 152 36 102 1 39 163 187 182 52 10 111 189 79 19 11 107 178 100 15 41 34 101 136 177 118 142 140 119 94 37 184 68 92 63 135 156 175 130 54 167 169 30
225: 282 248 200 294 215 273 268 234 204 257 265 262 198 228 271 293 253 259 236 231 203 225 217 255 288 289 211 212 260 230 264 258 238 279 286 272 245 226 281 295 242 278 277 237 300 221 222 251 218 208 206 199 287 229 249 296 283 202 214 274 243 270 298 276 280 297 284 201 246 247 233 239 269 232 256 220 241 266 285 299 252 263 209 210 292 219 213 291 275 235 227 267 216 223 250 205 290 244 207 254 261 224 240 85 185 1 191 76 48 104 90 41 105 109 127 32 15 80 13 17 174 50 73 89 154 42 86 69 189 112 97 171 71 166 192 54 57 65 122 20 22 111 44 61 31 10 45 62 67 88 92 53 82 38 106 108 99 30 150 137 181 91 169 118 94 43 180 123 178 103 14 142 101 19 159 193 83 131 74 100 16 68 152 56 4 72 119 138 7 28 2 188 102 3 124 184 6 55 75 163 143 149 34 47 140 128 155 141 190 36 33 153 70 110 136 161 195 11 117 23 64 172 170 27 145 24 158 52 182 176 5 187 114 157 164 77 35 126 107 87 51 196 37 40 160 78 95 39 139 146 173 179 197 125 186 133 25 194 121 116 144 84 58 132 162 29 148 12 175 183 79 134 120 168 59 93 18 98 165 9 177 26 66 135 81 151 8 21 115 130 46 167 60 49 129 63 147 96 113 156
226: 270 229 52 168 72 183 40 245 77 60 59 258 42 265 272 173 33 213 171 87 278 123 194 154 64 244 4 220 289 28 179 17 8 132 75 283 260 262 240 147 157 300 284 175 88 9 187 235 222 172 285 151 89 267 91 65 164 200 32 242 134 160 73 62 130 23 174 259 288 219 109 165 292 296 156 140 231 228 113 294 263 114 203 143 51 116 221 142 212 25 12 50 7 225 205 128 37 274 158 204 98 122 121 268 180 186 176 224 167 169 110 227 126 271 254 85 159 239 95 133 2 144 162 125 82 214 141 16 13 124 127 34 192 216 196 102 185 101 290 287 57 20 252 81 199 93 273 153 246 103 26 261 70 53 100 201 232 161 188 66 83 299 257 97 105 170 217 223 96 276 250 46 178 71 184 48 280 269 211 76 111 237 215 230 234 18 10 150 255 5 68 197 38 177 22 118 249 189 182 74 241 21 29 3 195 119 47 149 108 54 152 107 36 69 281 139 106 291 282 6 298 61 136 63 236 253 86 19 243 39 191 115 43 92 35 163 11 145 55 210 80 207 247 277 266 14 202 45 90 293 30 146 190 79 206 155 58 94 129 248 297 193 218 135 256 286 264 181 208 251 166 226 112 56 67 27 44 120 137 78 49 198 1 131 104 117 233 148 41 295 24 99 275 209 279 238 15 31 84 138
227: 70 25 126 294 170 92 177 208 184 185 172 288 130 233 76 285 26 201 283 108 104 135 199 279 224 299 282 112 27 46 102 131 272 45 141 280 139 183 144 190 82 235 189 265 246 276 206 8 32 72 275 238 123 41 263 168 81 84 118 262 15 136 52 64 296 20 173 249 148 117 178 24 242 47 193 59 42 60 198 152 66 197 218 232 174 11 241 53 248 65 127 182 151 194 85 212 6 16 203 297 229 49 300 181 273 21 134 169 22 261 91 111 98 129 159 175 31 237 222 219 164 121 245 113 58 124 120 75 29 211 153 93 223 43 264 200 133 100 256 146 266 171 33 140 90 145 154 257 295 55 57 227 138 255 149 63 97 150 132 17 205 128 28 188 114 35 74 67 277 14 39 213 209 44 101 51 2 217 30 103 270 281 99 226 73 176 225 291 287 36 166 88 269 109 236 240 23 5 186 40 34 160 56 250 247 243 215 259 147 230 260 89 115 274 119 161 163 142 95 220 157 10 105 258 87 71 77 48 3 9 234 86 271 1 106 116 156 79 38 12 13 290 68 4 50 179 180 204 158 107 37 143 137 202 244 18 110 78 165 155 61 54 239 195 231 94 253 289 286 228 196 83 192 284 267 254 167 96 216 210 221 268 251 278 80 19 298 187 7 62 207 122 292 293 214 162 191 125 252 69
228: 256 247 240 243 242 225 293 266 268 235 269 300 275 210 281 223 258 208 200 255 202 211 283 292 260 288 277 273 229 267 257 250 199 209 294 285 297 237 265 252 253 299 214 254 198 201 207 295 271 215 204 298 263 231 261 290 232 248 227 212 246 221 274 286 213 270 236 217 259 279 238 216 251 224 282 278 220 287 280 249 226 230 284 203 289 222 244 205 245 272 218 241 233 262 239 291 228 219 234 296 206 276 264 136 88 171 86 126 113 102 24 114 111 53 105 193 77 58 115 38 43 112 48 130 120 21 78 65 57 99 23 119 82 177 179 13 144 143 62 168 153 80 59 22 11 188 97 49 189 135 50 30 32 73 17 20 63 132 133 35 176 163 67 123 71 121 75 98 162 16 194 175 182 197 55 150 74 93 169 36 165 140 45 41 29 1 192 91 64 83 3 107 148 138 174 151 134 8 46 106 195 84 70 124 12 52 66 34 128 101 158 152 79 186 95 137 92 167 149 146 15 166 190 39 154 28 85 178 183 90 157 81 14 184 44 4 109 127 60 122 26 116 7 145 56 76 118 180 19 68 6 89 18 185 164 69 187 40 181 96 147 141 191 131 9 108 155 103 159 87 37 156 54 161 139 160 31 125 170 104 196 10 25 2 61 173 142 172 47 27 129 33 100 51 110 117 94 72 5 42
229: 146 144 191 177 143 169 156 135 159 132 142 163 192 194 168 112 158 134 137 174 147 193 166 155 115 197 141 123 126 167 181 171 153 172 189 136 120 148 118 140 124 185 130 187 131 173 175 127 186 133 190 160 195 178 117 164 149 184 119 152 139 154 129 122 157 182 183 196 151 121 150 128 138 180 114 176 125 116 161 113 162 179 165 170 188 145 39 240 268 67 20 5 29 109 14 69 44 77 17 260 199 47 254 244 286 201 220 242 35 28 6 299 276 226 237 223 87 272 204 79 297 222 225 227 57 98 106 246 219 263 256 203 262 228 278 101 58 105 253 81 96 258 207 294 30 62 63 282 267 211 95 43 80 33 291 284 202 31 238 200 233 75 49 22 71 100 250 208 40 217 82 236 85 72 264 295 15 41 21 214 243 92 9 206 102 111 55 65 277 293 68 298 88 265 37 83 229 61 210 296 13 11 53 285 252 287 248 56 93 289 230 274 269 38 8 60 209 73 51 288 94 235 216 12 3 48 271 280 221 34 70 99 241 232 255 86 10 18 231 91 78 212 218 42 292 266 300 97 52 7 234 247 270 279 245 32 103 16 27 281 273 24 1 36 25 45 283 239 215 76 251 23 110 64 50 104 4 46 198 290 108 66 89 54 275 2 59 213 26 259 205 249 74 257 261 90 107 224 19 84
230: 34 29 15 43 93 10 77 74 12 2 25 17 62 89 86 94 98 71 110 75 19 5 88 96 100 48 18 73 32 67 26 27 3 44 11 95 105 65 24 40 108 7 33 102 78 87 79 22 80 104 84 111 47 99 38 51 42 59 72 107 64 4 54 66 16 61 23 53 9 1 41 39 35 52 49 101 83 57 14 63 50 103 28 13 37 91 70 97 56 45 55 109 68 76 36 21 31 8 69 81 58 6 46 106 92 60 20 85 82 30 90 207 211 198 175 267 297 129 285 246 262 172 141 230 190 144 270 279 261 174 153 257 158 235 254 268 134 251 113 116 269 186 300 202 181 195 173 124 239 187 143 206 163 221 284 263 146 142 216 185 136 286 135 223 265 259 189 114 130 281 253 226 197 287 266 118 278 256 145 155 209 290 224 119 154 212 115 210 277 203 234 275 147 199 248 128 227 120 247 299 264 232 170 131 193 122 273 213 289 177 123 169 294 176 272 217 167 191 178 151 215 121 162 271 137 161 283 166 240 229 258 244 243 205 252 133 188 139 183 140 296 168 276 149 165 241 218 159 132 260 225 156 157 150 160 117 127 236 274 201 200 255 233 245 180 184 237 288 192 126 194 152 204 292 196 220 164 179 171 219 293 208 148 282 182 125 250 231 138 298 291 295 238 112 280 228 222 214 249 242
231: 210 234 295 205 208 293 236 255 262 282 222 265 212 294 215 209 233 273 225 267 264 242 214 202 274 300 206 256 271 237 223 204 281 218 269 292 283 290 258 227 224 253 291 228 287 288 266 200 270 232 220 260 286 251 285 257 211 261 241 221 298 216 249 296 276 231 247 207 240 246 259 239 284 198 279 280 229 297 248 263 244 238 277 243 289 272 217 252 226 299 219 268 235 199 203 278 275 245 254 201 250 213 230 135 48 159 8 32 21 164 35 190 109 128 178 29 31 10 9 108 49 124 154 158 123 171 96 157 82 76 172 145 85 183 63 113 73 79 44 101 141 30 77 7 75 12 136 27 95 64 26 165 163 100 86 144 111 149 185 181 179 52 38 58 24 61 130 55 186 99 195 50 104 173 187 83 138 65 134 71 40 162 59 148 68 18 196 33 42 188 102 45 43 51 189 140 169 41 156 120 20 191 182 98 180 46 2 13 3 129 1 81 150 28 36 155 151 117 34 137 192 19 91 184 23 121 60 87 54 15 193 94 92 70 88 115 93 112 125 170 139 142 146 89 122 17 47 80 103 105 107 119 161 67 126 167 132 97 74 4 84 106 53 143 14 153 175 114 110 160 133 166 194 66 22 5 25 177 116 6 197 11 72 69 152 16 37 174 78 176 147 118 168 39 57 127 56 62 131 90
232: 86 192 23 52 40 170 271 69 116 75 95 228 89 50 167 29 227 225 102 286 194 20 232 27 103 65 135 258 45 30 48 300 137 229 17 190 181 256 26 280 164 129 206 266 58 226 56 178 158 243 142 108 1 210 64 3 267 254 263 19 284 101 250 16 63 146 88 212 200 104 233 222 248 111 100 270 117 21 8 44 217 51 46 278 265 98 195 84 6 120 291 134 133 38 230 276 82 220 244 97 80 22 83 122 149 70 160 201 92 15 292 235 273 107 166 224 211 9 223 262 290 287 151 113 72 236 126 140 277 218 161 165 94 147 114 71 7 176 255 74 66 10 298 196 42 289 61 247 93 59 128 155 12 202 78 156 60 55 172 173 174 39 4 125 189 33 279 297 283 91 249 281 112 131 25 177 171 234 219 193 159 106 215 183 13 141 198 245 188 148 261 299 73 204 240 157 251 47 295 209 239 28 269 144 18 37 282 5 67 96 274 272 191 36 31 152 180 179 43 208 296 185 257 260 231 216 203 242 105 207 175 81 259 11 121 34 205 253 115 186 68 90 110 41 138 214 238 197 264 252 2 14 85 127 162 79 241 293 32 145 136 49 77 294 150 118 246 62 169 99 288 35 285 130 119 187 139 154 87 275 132 199 24 184 182 237 153 123 163 268 213 57 76 168 143 54 124 221 53 109
233: 65 279 90 195 28 101 210 286 99 287 218 181 149 173 278 174 194 260 220 138 232 60 21 103 248 134 107 16 259 228 163 26 9 127 104 183 254 236 46 258 230 273 162 250 10 20 111 41 280 284 172 87 206 94 34 300 126 54 187 283 108 43 38 40 83 105 77 193 299 159 166 23 123 42 292 47 51 31 128 13 137 169 100 116 175 186 109 113 262 269 296 295 120 2 256 32 167 57 130 277 216 132 275 217 18 45 298 255 1 161 78 74 240 29 4 226 221 55 266 64 285 205 98 151 6 36 112 19 24 52 282 76 3 81 95 268 114 61 117 22 288 290 191 238 150 69 289 294 160 44 153 209 291 215 184 86 88 197 244 140 249 49 178 281 157 89 75 92 263 143 158 124 227 131 164 223 261 58 121 59 272 229 233 135 252 212 198 62 247 147 246 25 176 214 67 66 37 199 133 70 225 30 129 148 270 200 165 68 15 251 145 276 239 265 39 139 146 201 73 156 17 182 125 192 241 231 12 91 267 190 211 14 253 188 242 84 170 222 35 168 7 293 224 50 204 79 118 271 71 122 85 155 264 235 115 119 82 72 208 243 237 234 207 179 63 5 93 56 80 274 297 141 33 96 110 53 203 97 180 136 102 106 219 144 11 245 213 142 185 154 202 48 196 177 189 8 27 171 152 257
234: 118 24 2 117 136 232 167 218 28 290 273 79 298 243 12 58 230 65 268 115 147 15 257 292 272 23 3 282 146 1 248 241 246 201 137 175 190 262 38 223 62 181 168 244 148 52 295 182 102 82 104 299 163 269 61 173 254 291 227 170 60 196 267 89 85 271 59 212 8 215 10 211 29 194 110 37 265 9 57 294 78 283 73 192 176 131 217 99 178 11 76 222 87 107 40 165 275 270 188 48 266 159 129 94 210 158 67 296 224 229 226 186 250 44 284 251 216 231 63 242 259 120 237 169 143 123 297 202 189 197 153 134 207 101 256 114 84 177 51 238 288 264 133 277 209 281 6 111 56 184 157 278 187 55 225 252 16 208 183 68 220 285 245 36 54 236 156 161 122 126 34 32 171 113 98 26 235 221 77 240 289 93 234 90 179 21 49 103 70 274 140 88 72 286 199 119 130 116 239 17 100 198 185 14 80 219 151 20 261 69 135 39 83 204 160 109 95 19 279 71 92 195 200 66 46 22 174 45 53 139 106 125 30 260 64 205 81 253 233 42 193 145 180 25 121 47 150 127 152 105 5 154 33 50 74 97 166 13 142 162 91 112 128 276 4 41 228 191 263 138 86 108 75 132 35 155 31 255 213 149 144 172 164 27 287 293 43 280 300 96 18 214 7 258 206 141 203 124 247 249
235: 267 85 96 278 43 173 215 122 281 146 154 297 199 140 106 155 184 196 103 128 205 148 224 62 6 162 203 279 40 253 87 170 254 156 217 97 276 248 269 120 190 115 17 230 132 284 82 233 133 181 61 264 92 191 209 26 185 10 159 130 56 232 70 210 261 271 228 179 250 265 51 291 74 22 123 183 201 237 28 42 135 69 236 2 117 262 36 234 68 238 139 235 145 275 222 124 193 89 119 131 44 8 207 166 180 57 167 283 39 67 208 105 136 257 212 33 13 65 107 274 31 29 95 150 239 101 221 225 144 246 125 104 256 63 219 137 171 287 24 108 25 18 293 285 286 216 35 243 176 186 7 91 151 245 129 229 9 218 149 113 223 244 296 192 299 157 252 64 4 177 100 30 213 54 158 83 11 292 98 164 138 3 295 90 290 251 72 270 258 168 141 71 114 294 20 48 47 126 77 165 58 5 102 240 195 200 175 272 15 298 111 78 143 37 23 1 169 112 268 153 86 110 52 172 59 182 121 241 127 116 163 49 242 161 21 32 194 178 84 220 282 93 75 34 263 174 147 288 204 189 88 14 202 80 46 249 16 45 266 27 38 12 273 197 187 66 109 231 94 280 99 55 19 79 188 226 152 81 73 50 214 227 118 160 134 53 277 76 300 60 142 198 259 289 255 206 260 41 247 211
236: 115 118 176 120 170 112 195 167 186 117 123 191 188 139 113 180 141 179 134 144 189 116 173 190 147 157 122 126 169 192 140 135 149 121 166 132 175 131 125 145 168 174 161 154 182 156 152 137 114 159 177 130 142 183 163 160 153 155 185 128 184 129 158 172 148 162 194 124 197 150 133 146 181 187 127 193 136 151 196 165 119 164 171 178 138 143 243 231 29 283 266 209 74 284 256 210 299 80 104 92 214 229 281 230 224 107 242 44 26 71 241 73 84 11 14 296 79 52 5 264 24 88 103 95 236 240 269 33 285 255 13 201 22 208 47 25 287 78 19 212 233 261 248 245 106 49 235 53 102 31 75 239 65 258 68 110 39 109 35 89 222 293 253 249 292 48 277 8 66 60 298 17 46 270 57 234 232 59 87 105 215 23 101 40 291 30 218 37 43 70 279 244 227 276 51 237 83 34 259 282 69 286 55 61 274 72 254 97 220 100 207 1 20 263 295 262 205 108 18 9 96 81 58 226 297 246 216 271 275 111 99 76 278 300 294 228 213 199 38 90 202 62 203 54 219 247 63 15 211 94 45 6 86 28 252 56 85 223 225 77 204 10 280 250 41 12 32 251 36 21 42 206 238 198 16 3 265 217 93 4 64 27 67 98 50 257 272 91 2 260 273 289 290 82 267 200 288 221 7 268
237: 113 45 207 268 203 141 39 249 171 244 75 150 61 78 235 264 218 114 228 176 107 73 124 220 168 43 230 86 193 186 116 160 267 1 19 79 81 205 11 36 38 262 18 270 16 154 51 285 187 144 93 148 192 164 21 35 212 121 173 175 259 90 147 151 174 299 292 223 188 225 5 66 200 120 257 179 128 195 165 47 133 118 23 6 89 50 97 17 103 182 298 153 63 287 94 279 252 291 222 138 74 58 119 104 156 169 297 108 98 80 157 181 180 162 27 272 135 8 57 83 130 277 241 59 296 163 122 84 204 266 159 26 234 172 54 226 149 70 155 60 261 41 236 101 55 53 284 167 191 77 28 132 278 250 197 258 131 139 24 221 95 219 189 271 111 269 12 127 125 177 46 158 215 185 4 7 129 48 274 123 255 31 37 202 115 44 190 25 3 76 106 293 243 112 100 245 253 33 242 15 196 34 198 210 295 71 20 208 209 211 290 260 65 72 183 137 281 256 246 300 213 102 69 237 87 283 136 64 109 105 67 294 286 231 56 29 247 194 88 240 142 110 145 227 140 166 99 152 68 91 288 10 117 30 161 22 276 214 134 263 273 96 248 280 14 201 282 49 289 146 32 275 229 238 62 143 178 216 184 232 92 265 251 224 254 199 52 126 9 2 233 13 217 239 40 206 170 85 82 42
238: 263 238 298 198 245 207 232 283 255 223 225 295 203 202 217 257 231 300 284 297 247 216 268 234 253 241 240 205 272 273 251 260 237 239 293 285 199 277 269 244 246 215 267 280 289 204 228 294 261 212 211 222 219 296 227 278 210 229 236 286 259 279 290 271 265 274 287 206 282 249 262 258 242 226 299 224 218 270 275 220 209 230 264 288 281 235 200 201 291 208 256 213 250 292 252 248 276 254 214 266 221 233 243 88 118 113 184 162 73 186 20 85 92 46 32 152 37 137 63 48 111 15 89 42 166 1 71 93 145 75 67 13 65 122 10 33 81 135 102 66 142 74 195 143 127 129 98 134 136 173 99 144 28 12 158 115 141 64 188 168 60 90 104 179 69 78 95 6 97 155 121 96 117 149 9 29 116 77 2 57 50 130 83 14 51 55 47 192 84 109 165 128 125 167 108 3 148 147 159 175 4 58 163 190 132 86 160 138 61 70 21 169 5 112 31 156 26 196 126 131 19 72 36 189 180 120 174 30 41 182 183 56 110 161 107 22 101 25 191 62 94 79 23 68 150 53 40 11 7 80 178 87 123 114 105 45 119 151 185 170 187 44 49 54 39 139 140 52 82 27 164 124 181 16 133 17 24 177 59 197 18 157 91 8 100 106 171 35 43 34 153 103 38 176 146 194 172 193 154 76
239: 32 279 115 90 193 114 143 259 113 243 159 286 147 216 269 72 204 74 14 179 65 163 46 293 206 196 145 186 119 181 224 124 73 190 283 244 170 289 223 36 221 71 144 3 152 16 239 208 281 43 27 168 201 188 91 51 31 173 19 50 197 165 122 128 151 182 298 111 275 148 164 285 39 155 218 54 59 219 44 222 287 95 234 96 258 256 121 116 238 271 52 233 136 56 199 270 139 100 261 265 129 228 227 162 280 169 55 123 191 80 89 225 214 1 26 294 299 254 175 99 67 257 232 28 108 110 146 231 17 266 156 138 300 296 174 103 18 4 272 150 29 263 8 53 237 21 212 33 141 183 41 92 98 88 15 6 295 87 79 77 83 276 25 118 48 149 207 291 189 34 241 240 38 49 42 194 104 242 213 278 210 236 226 85 131 249 292 246 134 127 217 5 251 211 185 120 23 2 187 264 284 154 268 40 166 260 230 176 253 7 132 13 184 220 209 248 200 112 58 62 177 160 106 64 45 37 252 105 229 82 135 297 235 130 171 84 273 78 195 203 9 12 153 126 133 60 277 57 68 24 282 202 205 102 117 86 125 75 158 250 63 178 81 267 192 35 94 198 255 157 274 97 161 30 76 70 262 69 47 245 140 20 180 172 10 93 22 290 101 109 11 142 288 137 107 247 167 215 66 61
240: 97 273 247 229 269 140 143 194 79 186 280 197 266 23 82 94 63 218 292 160 4 84 122 88 230 96 286 227 20 105 65 121 22 59 29 171 61 288 95 126 32 256 152 179 93 51 125 34 131 15 252 69 66 189 133 241 110 17 214 50 235 167 232 86 73 45 101 259 293 87 193 215 169 208 2 3 57 153 219 136 78 108 287 262 173 291 5 191 283 263 60 58 264 40 185 127 176 164 271 19 102 261 298 184 196 183 282 98 195 145 161 120 213 217 6 205 135 151 198 141 190 267 44 281 210 234 221 7 209 90 21 265 255 117 107 253 76 166 31 139 112 81 188 284 182 75 272 224 26 178 300 154 220 158 260 294 226 64 149 148 104 28 202 276 68 33 144 16 91 290 41 36 299 56 37 285 187 114 10 251 225 71 201 99 297 128 150 277 246 53 275 70 199 47 204 46 177 138 13 223 207 74 100 55 30 165 11 268 236 289 85 1 39 163 9 142 92 242 174 27 203 156 49 168 228 180 270 237 159 25 249 116 134 216 170 18 118 132 42 233 48 244 77 257 8 157 89 67 52 175 35 278 137 123 43 248 239 296 72 12 274 147 83 111 243 211 238 254 54 103 129 155 119 130 106 250 124 115 222 279 231 295 200 24 80 109 192 113 206 181 172 146 14 258 212 38 245 62 162 240
241: 268 290 240 226 227 243 207 259 275 216 277 230 234 265 284 253 294 229 267 292 232 274 271 214 262 256 287 295 280 269 239 204 245 225 223 213 247 206 270 293 297 235 198 244 291 296 250 249 251 200 203 299 282 278 217 283 254 289 202 218 260 276 231 208 222 257 273 201 210 285 264 233 242 224 252 248 237 246 219 221 212 209 205 255 300 241 220 263 238 266 298 211 228 286 258 281 199 288 261 215 236 279 272 14 156 111 29 130 158 59 21 112 162 84 72 47 36 90 138 82 42 79 132 197 30 139 123 173 48 13 44 60 3 9 1 165 157 22 15 6 34 128 54 180 186 109 127 93 146 166 189 65 167 2 95 143 61 81 103 190 177 134 118 133 137 115 12 142 140 122 117 18 104 120 7 77 153 96 67 178 49 150 55 80 116 73 187 68 37 170 35 141 169 113 63 45 171 110 75 161 191 20 5 31 27 91 97 39 43 100 145 19 124 119 26 28 121 74 53 8 125 23 50 188 11 108 33 57 98 101 136 76 172 107 89 144 4 51 56 83 131 152 92 66 99 135 163 16 129 184 105 148 176 94 193 17 46 87 147 194 164 102 41 159 179 114 196 174 24 149 183 168 32 88 86 52 70 175 10 64 160 71 126 78 25 154 181 185 85 192 182 69 58 38 195 155 40 106 62 151
242: 115 131 162 130 185 126 193 167 142 163 135 133 150 176 132 136 170 149 116 125 161 129 160 118 148 146 181 151 186 168 141 153 120 113 173 175 145 196 188 117 154 194 165 114 187 127 156 179 182 124 169 190 180 189 121 177 157 119 128 166 184 192 183 144 191 122 178 137 134 158 171 147 143 174 164 152 155 138 195 140 123 112 139 197 159 172 242 222 275 75 51 99 226 48 90 298 79 78 295 37 59 3 71 62 299 33 234 199 44 251 53 18 263 61 202 12 46 274 89 300 96 4 81 291 276 85 253 268 227 98 87 201 204 7 278 95 240 56 246 1 63 262 16 64 210 22 41 269 70 14 296 5 289 77 102 17 15 265 83 101 211 248 74 258 239 280 212 21 238 217 282 42 208 49 292 29 264 285 232 286 68 225 111 36 216 45 260 80 287 47 28 10 218 52 293 107 13 104 103 86 229 221 108 283 279 34 220 54 67 198 281 60 43 261 110 206 219 76 97 209 236 266 255 69 244 237 58 247 205 245 20 243 66 252 250 72 284 235 214 92 294 223 106 88 9 256 213 8 270 271 30 230 65 231 73 105 233 84 249 257 27 241 203 254 224 273 228 100 277 91 38 215 82 40 272 6 109 288 290 32 200 25 94 55 50 24 35 267 26 207 259 2 297 39 31 19 93 57 11 23
243: 167 286 59 190 270 263 14 6 285 275 136 127 149 273 129 226 154 108 122 156 178 216 19 283 74 267 15 32 281 2 265 198 235 134 47 23 56 193 182 194 48 130 140 215 55 81 143 18 97 40 210 133 197 253 242 111 228 206 155 85 177 251 202 77 27 39 123 220 208 294 11 98 207 114 51 58 13 41 172 4 181 93 192 3 71 100 260 158 25 221 266 268 83 16 173 30 195 219 217 124 180 276 250 171 213 200 236 79 292 163 46 110 37 26 76 211 191 246 255 12 232 104 5 62 214 146 31 282 231 142 86 82 63 256 233 264 164 106 249 125 109 186 65 203 89 244 38 36 54 254 115 257 141 245 165 116 187 20 295 277 241 72 212 205 239 274 112 152 113 166 272 43 150 298 131 132 243 9 159 1 92 139 61 269 49 22 271 8 84 44 94 262 201 196 21 222 119 35 67 33 57 128 60 218 280 247 170 66 185 50 188 95 290 120 157 300 87 189 17 289 69 121 162 102 175 107 176 148 117 291 258 151 90 179 96 52 99 284 145 296 45 42 199 101 174 80 240 138 230 29 279 88 224 91 225 223 137 229 28 288 7 252 227 126 144 287 68 209 73 70 259 248 135 184 64 261 78 53 10 168 278 204 153 160 34 169 183 237 24 161 238 75 234 118 293 103 147 105 297 299
244: 143 167 165 193 192 122 184 156 126 157 132 130 178 148 170 179 191 123 173 144 141 166 150 186 128 118 197 134 189 176 175 169 174 136 187 146 160 194 125 152 147 149 190 172 138 139 185 158 153 127 135 162 145 181 161 117 133 142 137 171 129 168 151 121 112 196 195 119 155 114 154 116 177 124 182 120 113 180 115 183 131 188 164 140 163 159 227 198 69 268 226 229 105 209 230 258 203 73 239 219 53 70 50 54 233 38 92 93 241 261 222 294 287 110 245 284 85 6 30 16 9 207 240 300 28 260 14 36 270 214 83 64 1 79 15 295 22 280 235 107 286 13 34 285 221 277 220 296 293 5 262 210 17 72 51 37 4 11 109 218 63 61 78 211 52 106 288 27 208 99 25 66 278 290 202 96 44 89 272 111 265 59 216 205 12 19 249 281 276 33 46 42 274 298 269 43 104 199 8 26 204 56 282 228 263 24 23 71 100 201 58 252 87 41 35 103 97 256 86 275 90 82 84 10 31 297 237 212 3 232 102 223 244 246 231 271 267 279 67 215 247 200 21 7 266 80 47 283 224 95 248 234 213 2 299 20 81 255 68 257 57 88 259 60 74 254 91 291 206 225 98 39 264 217 48 108 94 289 32 273 76 49 62 243 251 40 75 77 236 65 45 29 292 18 250 253 238 55 242 101
245: 280 253 274 293 276 288 273 269 263 220 203 300 212 222 210 283 243 262 208 237 245 217 278 267 198 265 294 272 250 200 248 247 227 244 296 215 246 259 256 268 271 289 219 239 279 213 202 216 291 290 242 286 275 261 238 229 257 234 223 241 221 224 249 260 281 266 218 231 228 254 225 207 297 235 295 214 299 282 264 292 252 201 277 236 232 298 270 258 209 284 285 211 233 204 205 206 226 287 230 251 199 240 255 160 143 91 24 42 28 75 100 21 132 36 158 53 51 41 97 130 14 31 82 37 80 178 54 102 109 101 177 161 123 5 184 16 76 106 139 79 118 126 78 61 197 180 135 1 196 185 115 55 81 162 165 19 17 103 170 187 29 124 114 77 3 56 89 131 66 57 181 86 48 112 119 26 192 193 15 104 11 87 186 129 149 99 148 169 64 176 20 4 45 168 155 65 108 111 46 52 164 47 94 107 72 92 179 34 6 137 12 145 23 152 83 151 62 35 163 133 85 39 90 136 140 67 49 167 18 69 121 183 33 70 32 22 7 13 30 156 194 2 98 60 175 188 40 191 116 166 144 157 122 58 63 71 59 125 96 190 128 146 154 120 150 110 84 171 95 141 182 74 27 159 9 195 142 127 113 105 44 153 172 138 8 189 174 93 88 68 73 38 173 43 50 117 134 10 147 25
246: 160 247 35 223 17 125 269 246 185 91 166 245 51 220 243 267 136 168 224 262 204 177 71 31 287 131 231 298 16 121 57 141 290 217 86 8 255 203 260 291 21 191 183 59 54 211 146 142 215 137 37 28 123 201 108 100 182 229 296 76 205 280 103 47 3 40 174 151 171 256 64 265 7 294 242 50 222 198 80 281 184 24 289 39 98 77 89 78 11 20 252 32 227 258 297 197 153 85 58 60 132 87 128 187 36 292 129 115 285 26 188 250 162 63 140 277 274 25 2 138 133 10 5 165 206 169 264 90 150 66 286 105 83 101 190 27 209 111 239 232 110 266 126 218 170 29 145 248 172 112 143 249 179 69 75 149 99 109 55 127 180 228 94 82 244 212 114 106 251 13 92 238 38 195 154 275 175 213 84 120 186 207 156 104 107 158 210 34 159 164 299 240 9 12 124 135 167 230 194 30 147 157 283 181 225 192 288 43 219 276 257 49 93 18 155 1 208 33 272 261 44 117 178 48 42 259 70 119 113 96 61 293 122 22 65 15 130 235 263 199 73 148 67 189 118 95 236 23 200 53 139 46 74 72 173 19 254 268 284 88 79 216 271 221 241 273 237 282 6 161 278 4 196 116 163 202 234 45 41 214 62 176 226 68 233 56 102 52 253 270 134 295 279 97 193 152 144 300 14 81
247: 175 114 181 149 152 164 157 119 125 189 156 184 162 167 153 112 174 155 133 147 123 169 165 145 186 113 151 143 116 173 134 150 118 128 137 196 115 141 142 183 172 193 135 138 130 191 129 121 126 159 146 180 185 148 187 197 192 188 131 190 161 160 144 179 178 166 132 122 139 154 136 170 182 158 168 120 124 171 163 140 117 177 195 176 127 194 103 221 14 57 41 100 5 262 232 225 88 287 252 54 207 3 27 24 277 299 272 75 18 60 215 86 298 288 286 257 69 271 214 63 216 261 15 237 204 292 236 79 87 34 12 73 106 105 275 98 83 43 30 219 270 23 97 217 213 72 25 107 39 96 77 249 40 242 274 222 201 82 35 4 74 255 246 228 49 2 16 51 198 227 250 80 278 276 8 283 206 84 10 200 220 101 92 205 256 95 62 9 28 66 245 211 29 46 7 199 53 50 281 64 244 259 67 59 85 223 99 26 268 94 293 52 241 33 279 289 6 104 61 31 238 234 224 48 108 19 36 235 91 45 251 265 282 264 295 93 42 13 68 263 240 291 89 17 56 209 65 76 247 230 210 81 111 226 44 229 266 248 11 47 37 32 243 300 253 71 290 208 90 58 55 280 110 70 239 202 284 297 285 218 212 1 21 20 102 109 296 231 267 269 233 22 203 254 258 38 273 294 78 260
248: 53 2 39 29 82 20 11 83 62 45 110 74 61 9 68 93 30 72 27 28 26 60 44 79 19 80 63 69 95 22 88 5 106 10 46 15 90 47 65 12 99 31 36 33 24 34 8 91 42 84 38 108 97 32 35 41 100 18 64 94 111 71 40 48 57 96 103 21 49 6 3 73 37 43 89 51 105 59 81 75 14 66 98 55 23 4 58 54 76 67 77 104 70 86 50 7 1 109 25 102 107 78 101 85 87 17 16 13 56 52 92 253 145 206 299 249 288 138 300 137 215 193 191 262 293 230 203 291 207 142 270 179 232 226 130 162 276 205 284 278 209 292 248 188 237 225 213 159 234 267 258 196 126 265 186 236 175 211 290 160 200 241 144 231 153 195 246 217 289 224 197 227 161 282 165 152 156 127 171 286 242 151 233 223 121 287 132 157 158 280 260 180 177 123 255 190 182 112 170 222 178 235 228 181 147 210 192 125 176 243 141 250 185 202 128 198 124 214 297 279 201 281 245 247 259 212 118 256 140 184 148 119 199 120 268 166 294 135 218 168 204 283 298 122 129 244 240 271 296 216 229 149 189 154 273 146 266 254 221 275 257 139 167 187 277 136 239 116 164 269 174 114 194 220 134 115 117 274 251 113 295 219 150 143 208 173 252 169 133 183 285 131 272 155 163 261 264 263 238 172
249: 142 158 187 192 121 183 144 179 140 115 143 120 185 153 149 116 131 141 164 171 114 113 188 136 180 176 186 172 126 169 117 138 125 133 177 123 148 190 132 152 189 159 184 182 124 165 119 161 157 167 166 134 129 173 175 118 178 146 150 135 197 127 163 151 195 155 122 156 193 139 147 137 154 128 174 191 130 145 194 160 168 181 162 112 170 196 97 56 287 63 245 251 66 44 88 217 248 84 231 211 61 283 96 236 39 208 277 89 85 29 279 21 271 300 237 23 242 209 92 212 70 38 200 219 299 215 241 247 95 13 198 291 73 93 48 83 46 74 213 4 64 218 272 259 26 52 15 103 17 278 285 108 249 228 239 234 28 34 51 101 104 232 57 33 257 294 80 8 216 35 260 77 264 27 254 207 67 273 3 270 105 55 58 14 76 296 72 71 255 199 258 50 53 261 94 1 10 263 297 230 246 201 90 276 267 91 250 36 290 265 288 224 102 269 202 280 16 11 266 86 293 59 109 32 220 79 100 107 78 222 289 295 275 233 268 5 244 69 54 221 235 214 19 22 68 47 243 253 238 98 31 262 225 45 87 240 206 286 25 203 298 106 49 20 110 204 60 205 223 282 6 229 284 37 226 9 41 43 12 2 210 252 24 18 281 30 65 111 42 40 274 7 256 62 292 75 99 82 227 81
250: 2 205 34 154 89 21 196 274 210 251 269 244 105 156 152 69 285 45 49 116 27 185 215 168 233 19 267 249 265 26 148 146 145 15 173 295 114 130 219 143 112 279 179 24 160 184 72 225 23 97 108 231 121 275 6 119 101 298 218 84 238 204 81 182 32 287 117 66 164 91 227 270 70 88 25 60 47 247 64 38 262 73 115 110 191 297 281 273 40 30 292 82 58 271 20 33 153 93 193 223 169 221 194 178 53 201 59 172 183 11 120 190 268 85 280 41 94 209 224 46 63 37 76 95 256 56 87 239 137 77 151 195 290 192 259 162 100 131 149 18 125 99 260 163 226 155 51 203 134 263 282 261 129 216 31 289 161 83 106 296 55 187 300 181 199 28 113 8 80 176 65 127 133 86 230 229 165 13 167 57 266 264 159 10 29 236 35 276 200 240 299 278 217 245 102 14 248 252 277 189 122 61 235 141 174 9 71 241 250 222 4 139 142 136 212 293 211 158 288 197 180 258 104 79 198 253 74 1 177 96 22 170 254 3 206 147 272 12 255 123 132 283 202 109 92 208 232 50 16 62 257 220 90 138 246 286 213 214 237 98 188 144 67 140 68 242 43 39 7 175 234 17 103 128 78 44 228 186 75 126 207 111 107 5 294 118 52 135 243 36 166 54 150 291 42 171 124 157 48 284
251: 245 251 221 277 202 214 243 298 259 250 233 201 285 242 212 240 232 234 227 200 266 291 224 264 280 295 246 209 239 247 279 257 220 282 252 296 290 253 222 208 289 206 260 297 283 229 272 299 268 294 287 267 275 235 270 248 284 281 210 216 211 265 262 204 255 223 205 269 213 228 293 276 273 238 236 244 230 219 215 254 237 263 203 258 274 241 249 198 226 278 217 207 256 199 286 300 292 218 261 271 225 231 288 113 1 19 120 13 159 24 56 185 139 171 66 90 125 103 118 130 156 49 155 28 44 111 95 180 104 36 52 153 175 48 160 124 5 16 64 126 93 196 70 115 80 41 147 40 11 189 81 152 109 187 43 82 149 26 182 9 142 60 58 136 114 106 84 195 105 170 3 76 15 29 22 112 42 166 8 18 192 92 78 45 86 85 190 127 25 75 123 69 177 62 67 7 184 50 14 30 122 83 87 138 61 2 146 54 150 88 6 101 59 157 161 38 158 35 162 143 121 107 167 99 194 168 65 17 148 144 27 186 188 140 98 77 47 165 145 79 100 72 197 89 191 31 37 96 57 141 63 128 174 68 46 94 23 164 137 33 12 129 176 179 163 181 132 133 178 102 21 154 51 74 116 131 53 110 20 4 117 91 169 32 119 39 193 172 97 10 108 183 173 34 55 134 71 135 151 73
252: 196 260 33 264 29 226 251 100 254 25 105 144 120 36 10 244 202 75 45 242 248 172 150 41 163 71 139 62 55 1 127 19 77 49 275 232 201 176 147 263 215 21 142 252 287 98 14 285 90 59 206 212 141 110 132 130 73 297 81 123 74 284 155 108 269 148 47 2 167 137 134 245 113 273 58 53 80 193 216 296 213 121 162 247 38 64 99 115 243 300 138 203 221 158 157 23 54 282 280 291 57 24 44 228 91 154 52 28 87 135 129 178 131 174 267 111 22 265 217 133 184 250 222 106 16 8 48 259 288 125 231 13 214 60 289 27 104 78 146 169 204 277 118 179 218 30 278 274 156 183 17 35 15 258 168 257 177 290 42 219 253 88 181 209 220 299 170 37 69 197 239 34 26 161 205 165 262 31 171 114 234 124 186 63 4 199 39 7 140 255 164 65 293 152 103 128 194 256 195 61 70 136 117 94 101 187 211 68 20 237 9 185 223 241 233 153 56 236 276 191 102 109 270 159 281 43 95 66 18 238 166 46 207 160 272 294 12 298 188 82 149 40 6 92 96 32 51 261 198 173 180 225 145 89 268 79 116 190 182 151 175 249 279 286 72 83 230 210 112 208 11 5 200 240 227 246 3 84 93 271 189 266 224 143 119 192 122 235 295 85 229 86 67 126 76 292 107 97 50 283
253: 258 247 102 180 109 84 256 294 190 19 120 214 24 137 113 54 276 141 208 58 11 166 110 72 83 50 248 261 174 277 153 35 4 161 263 296 176 117 291 131 52 70 251 175 100 7 133 132 206 253 243 288 66 199 249 16 148 191 65 179 285 269 15 76 267 27 270 5 169 159 164 172 31 272 268 212 241 128 115 213 287 299 45 116 57 77 216 250 245 220 142 10 178 230 86 90 218 118 274 2 168 40 189 135 298 3 284 278 264 96 126 9 59 49 32 156 143 38 240 146 186 93 181 92 254 51 6 55 20 112 124 60 62 95 286 78 170 198 252 197 53 232 192 107 244 25 1 210 42 22 129 36 246 237 69 30 56 114 125 147 262 121 105 293 28 238 226 18 37 163 81 150 195 183 234 26 281 41 275 229 215 61 184 300 108 21 196 242 162 44 157 231 99 47 152 177 257 63 134 173 239 205 266 130 203 259 235 74 187 73 82 106 48 94 221 103 39 202 236 155 145 138 79 154 101 139 290 265 171 14 123 13 283 167 209 8 211 127 98 158 223 12 279 224 200 204 289 188 144 271 23 91 75 67 233 201 222 225 71 255 17 151 119 80 295 185 111 219 227 64 85 193 149 280 34 97 88 136 194 33 68 160 87 29 260 228 89 182 104 217 273 122 46 140 165 207 297 282 292 43
254: 134 115 158 114 131 148 178 152 150 188 195 174 176 192 151 182 191 138 170 162 125 165 130 193 127 185 123 112 142 145 141 155 139 128 177 124 168 166 164 161 179 181 163 184 146 187 120 175 160 171 119 169 159 143 173 132 136 194 137 196 121 167 129 117 140 144 113 122 135 118 116 189 180 149 190 147 133 157 156 183 153 172 197 126 154 186 35 290 221 40 270 11 23 286 79 273 245 66 242 293 264 248 91 83 16 258 262 104 62 24 68 256 49 2 70 211 46 108 263 92 233 235 76 277 269 10 246 300 26 45 87 60 59 237 199 107 292 4 31 201 240 206 268 61 30 219 250 224 20 97 22 88 203 225 25 65 291 73 265 239 34 228 33 85 222 1 44 213 21 72 77 296 202 284 252 57 241 236 297 36 99 215 28 229 216 64 232 209 29 102 15 7 81 27 244 289 94 281 278 55 214 255 93 42 80 226 32 71 247 78 95 257 50 56 67 13 231 299 47 54 17 82 100 207 41 110 267 39 52 37 223 6 253 261 75 19 43 279 5 105 86 275 205 200 8 51 266 38 96 249 101 238 208 109 106 274 288 48 12 103 111 285 98 283 287 234 276 9 282 212 74 218 259 230 210 280 204 220 243 69 272 18 53 227 298 84 251 260 63 295 254 294 198 58 90 14 3 89 217 271
255: 221 206 291 243 264 205 258 212 240 292 217 256 252 290 268 204 298 222 260 285 284 273 200 242 238 275 233 270 250 236 286 263 293 262 296 248 226 232 278 295 220 287 289 277 244 282 203 199 281 215 288 300 245 283 249 246 229 214 211 271 219 239 227 237 280 210 279 223 202 299 234 231 208 228 265 241 274 255 294 297 272 213 266 235 224 225 269 247 230 254 276 216 218 207 253 267 201 209 251 259 257 261 198 179 174 195 59 88 186 35 7 125 106 37 170 72 143 81 129 145 58 6 51 80 47 79 86 66 9 132 114 63 161 144 77 68 62 164 53 61 92 8 134 17 101 15 181 185 138 178 70 48 160 46 137 31 98 166 172 107 182 141 191 50 3 135 1 121 162 167 32 21 2 176 130 13 94 189 60 128 142 83 49 120 18 16 131 43 111 20 103 29 55 180 148 24 78 149 14 126 188 118 97 4 45 93 171 165 75 136 184 197 41 146 36 57 122 42 71 5 89 64 52 155 124 99 28 150 194 74 44 173 85 156 177 169 87 116 54 152 109 151 38 110 157 104 23 26 84 27 196 108 113 30 183 40 33 192 12 105 190 82 65 154 76 127 34 11 39 96 100 10 140 112 22 102 163 90 147 67 56 117 168 91 73 95 158 115 193 139 69 119 133 159 187 19 123 153 25 175
256: 287 30 175 39 137 276 68 286 104 289 298 270 83 22 209 125 162 91 184 198 13 50 149 28 136 280 240 34 235 297 31 121 9 188 51 90 143 225 26 48 69 142 229 181 200 14 255 231 275 94 128 124 62 282 138 218 263 183 129 238 66 119 107 163 127 161 74 199 248 25 164 168 170 120 92 141 207 122 60 166 96 40 169 72 17 157 262 241 70 243 185 186 99 155 2 36 12 58 292 242 201 53 180 101 126 272 293 7 232 44 230 43 108 273 195 174 204 284 205 158 253 139 159 190 246 295 281 236 299 277 19 147 116 212 197 24 140 73 227 113 87 134 182 290 84 23 33 268 5 252 148 111 27 274 77 112 32 135 251 78 189 97 1 80 21 29 237 82 291 154 145 45 165 81 210 226 213 144 133 178 172 215 283 63 16 132 211 250 224 3 153 110 152 6 192 109 93 193 79 217 41 267 11 15 35 278 156 8 20 146 117 105 46 151 4 61 265 260 54 179 75 206 258 208 88 49 65 176 256 296 59 98 76 71 64 106 191 173 285 234 67 18 254 264 300 123 244 271 269 86 118 288 214 100 247 167 57 114 228 150 187 171 203 219 223 257 89 55 233 38 52 131 259 202 10 37 222 249 266 294 47 196 160 42 279 85 177 130 239 115 194 216 261 220 103 245 221 102 56 95
257: 213 285 296 294 129 257 284 95 158 279 190 230 85 288 293 186 153 164 224 241 162 154 102 275 46 277 268 111 70 209 223 136 170 119 142 222 9 244 171 61 160 179 270 60 138 140 133 59 184 27 219 262 144 258 134 151 32 297 207 29 168 182 267 65 105 206 131 189 273 243 124 185 188 96 122 251 204 202 290 201 150 52 173 156 130 274 266 3 211 63 64 91 263 62 146 73 104 181 200 7 57 299 215 97 247 34 71 75 152 276 231 233 250 183 197 205 291 261 58 253 114 298 23 194 92 167 86 176 48 19 295 14 286 280 242 88 50 126 101 83 38 94 55 282 87 15 218 24 31 30 74 54 159 149 256 20 216 265 1 220 16 56 269 53 42 18 82 259 110 180 281 229 178 292 33 177 208 37 163 272 6 193 192 77 249 81 11 246 278 44 5 198 125 127 128 237 118 115 195 47 172 79 254 155 21 107 84 240 228 51 117 120 103 72 148 39 221 40 166 210 287 26 238 123 112 22 68 147 161 289 25 145 174 139 239 217 157 41 17 90 12 245 80 93 141 2 99 203 214 45 235 132 67 271 106 175 66 255 169 236 98 212 89 69 232 264 225 196 100 143 283 116 43 191 113 300 4 35 10 108 137 78 187 234 49 36 135 109 8 165 227 260 13 252 121 28 76 199 226 248
258: 168 170 114 183 179 143 152 121 115 147 163 187 166 162 154 139 150 116 177 129 169 191 182 140 197 194 155 192 142 151 125 181 190 146 159 167 171 128 195 123 118 186 158 112 161 136 175 141 184 174 119 180 156 165 164 160 124 157 178 144 132 127 135 134 117 153 137 196 193 173 120 122 149 188 185 113 130 126 189 138 176 145 133 148 172 131 199 77 291 248 233 70 209 206 245 235 52 1 236 107 64 73 56 286 266 111 44 76 40 295 290 68 212 215 58 250 31 72 28 15 46 234 238 78 224 26 110 92 63 258 229 284 294 241 203 228 11 66 253 205 80 98 43 207 67 47 288 24 292 204 100 256 105 30 109 83 102 97 279 88 5 293 275 86 237 20 61 21 217 280 3 60 91 12 84 262 45 90 2 19 89 99 201 242 221 255 57 74 298 104 35 300 42 274 225 252 219 51 251 263 81 265 299 22 48 85 230 273 37 210 69 246 259 226 6 211 23 17 214 93 271 222 94 276 296 261 269 53 95 239 55 285 9 65 38 283 49 7 8 14 10 32 59 260 13 25 200 33 257 101 278 103 18 82 218 216 34 231 227 249 268 75 220 264 244 29 71 287 213 277 223 297 243 87 282 198 254 41 247 232 16 240 208 4 62 50 79 108 96 54 289 36 270 27 39 281 202 267 106 272
259: 79 124 31 297 6 8 265 55 59 280 185 143 263 42 72 57 201 250 156 100 92 251 155 35 173 161 206 190 230 43 278 205 93 150 183 237 78 107 76 22 299 203 175 242 134 199 272 41 221 181 174 210 191 200 19 86 48 141 229 28 291 102 225 129 73 34 2 219 236 82 60 171 226 126 170 123 198 152 172 36 140 259 30 289 51 61 264 262 38 135 176 98 151 271 116 68 269 75 216 115 17 145 130 32 267 177 46 119 211 146 178 147 286 235 168 241 232 182 144 12 282 106 204 45 65 97 208 298 169 29 275 214 23 15 52 158 94 207 154 180 89 39 270 274 163 128 121 293 266 222 167 224 256 213 189 209 187 114 27 218 243 87 101 99 212 103 137 279 16 248 26 20 284 258 5 24 64 104 125 254 244 131 69 253 160 290 136 83 84 40 277 127 300 194 239 77 58 113 13 166 164 247 139 109 285 47 249 165 120 184 220 138 228 159 133 91 149 283 14 197 53 157 118 9 217 56 186 66 294 110 276 231 188 67 227 71 202 252 195 18 37 240 196 260 148 85 238 33 233 74 108 273 63 11 90 281 234 162 142 132 193 4 112 268 288 7 25 10 287 295 95 44 70 3 153 117 96 245 179 80 62 257 21 215 223 88 246 81 49 292 192 261 255 122 50 1 111 105 54 296
260: 130 155 196 139 160 163 165 197 152 125 158 116 168 188 166 135 151 159 112 189 126 122 153 142 192 123 161 183 193 175 177 194 176 157 191 145 195 120 140 141 171 185 144 187 133 180 121 136 148 178 138 127 143 154 184 118 170 132 172 173 186 182 134 131 174 137 190 147 150 179 124 119 113 164 114 128 181 169 156 146 129 162 117 115 167 149 220 201 286 291 55 43 28 288 10 290 24 296 82 95 252 5 62 258 83 209 52 216 35 58 295 270 224 109 267 22 45 297 7 248 56 17 277 284 70 273 264 9 198 14 239 93 79 29 34 90 205 250 2 13 86 8 19 233 247 283 223 204 222 232 104 41 292 23 49 253 243 256 281 103 71 87 202 200 100 260 46 47 4 65 217 94 244 242 227 92 214 210 262 257 32 208 285 96 300 230 246 199 206 84 78 1 207 31 51 74 59 249 99 53 15 272 42 91 254 85 235 33 39 261 40 287 275 274 278 60 64 20 251 219 229 255 97 25 221 67 203 76 271 294 21 108 218 88 226 240 259 44 3 225 280 263 77 293 12 26 73 269 107 106 81 265 105 111 236 234 80 75 241 102 68 101 54 72 6 299 298 279 213 266 228 110 89 69 66 98 27 238 211 231 215 268 276 63 61 37 50 282 18 48 11 57 237 30 289 36 38 212 16 245
261: 208 238 253 228 294 265 251 219 262 245 222 241 296 242 286 235 237 243 213 233 223 209 221 234 240 277 231 274 272 249 266 204 260 256 214 298 267 284 281 201 291 202 218 295 300 278 230 271 259 263 290 276 292 200 279 250 216 226 285 210 227 282 198 215 232 207 297 220 264 229 261 258 205 239 280 248 269 252 293 288 268 199 270 224 289 246 236 273 203 206 275 212 225 254 247 287 255 283 217 299 244 257 211 37 97 181 22 189 177 137 148 32 193 159 183 197 195 152 113 168 191 68 14 145 119 44 45 190 47 29 77 20 83 80 64 162 2 117 105 158 40 125 120 16 95 48 136 21 172 169 186 46 176 75 72 144 17 88 23 151 155 111 173 41 52 192 108 25 18 50 67 142 34 154 57 163 157 123 60 9 126 185 19 167 87 85 54 63 118 73 128 92 139 66 4 55 70 65 10 133 124 94 3 140 59 11 53 149 56 196 110 12 156 6 129 102 153 147 146 7 76 26 82 182 71 90 161 138 103 24 36 96 79 165 5 130 131 122 81 86 62 99 175 28 15 121 39 194 150 8 160 164 170 78 179 178 101 38 171 143 30 98 141 91 31 93 134 132 61 174 116 100 13 33 1 180 184 49 115 69 112 43 89 74 166 84 109 42 27 104 187 107 35 58 106 188 127 135 114 51
262: 126 104 294 127 100 238 2 289 206 189 200 59 136 282 75 48 281 272 129 107 202 255 222 60 135 175 185 161 94 224 287 267 208 86 20 27 47 128 297 96 42 44 69 81 235 73 156 145 166 271 276 250 296 83 37 213 147 241 257 261 99 56 263 55 223 38 285 278 216 273 286 115 225 7 192 178 258 119 111 211 122 35 237 76 165 110 220 190 120 84 68 140 16 148 133 199 299 9 187 155 132 106 198 25 3 49 266 274 43 256 154 176 171 253 131 231 251 179 41 117 292 62 39 262 74 207 66 234 71 92 149 17 236 123 152 275 70 177 183 102 293 45 137 143 95 160 40 10 63 182 142 34 227 264 134 215 29 51 295 248 228 290 50 246 87 53 112 105 13 78 259 114 103 6 98 30 233 169 90 218 195 291 64 19 14 300 89 283 88 85 163 174 243 139 172 18 141 170 77 203 93 168 260 118 214 144 108 219 254 116 288 61 162 65 209 72 217 180 204 184 269 33 58 113 188 4 91 239 201 196 244 125 21 36 23 5 158 46 210 226 8 121 150 212 245 284 151 194 157 197 146 240 191 205 22 109 97 1 67 24 54 298 32 15 12 28 247 80 277 167 232 124 193 130 181 173 265 242 280 57 26 230 31 252 270 249 164 221 279 229 79 153 186 52 268 11 159 138 101 82
263: 188 132 151 166 195 154 185 191 142 139 183 175 148 180 150 162 152 177 138 193 122 127 190 146 178 136 114 171 157 143 117 137 189 130 182 161 131 140 170 120 172 197 174 169 160 128 141 119 135 129 163 186 116 187 125 155 159 156 123 149 134 167 118 179 192 168 184 173 113 147 145 158 144 126 164 165 115 194 196 121 112 181 124 133 153 176 55 202 259 293 204 205 295 52 19 287 11 49 1 276 257 254 46 22 231 109 239 23 221 220 240 299 244 5 26 218 246 270 212 282 290 102 31 61 267 73 278 86 13 91 258 84 206 40 85 87 104 227 98 83 228 70 219 20 29 208 60 36 71 215 300 65 268 33 297 277 82 21 238 198 7 15 38 69 66 289 47 2 283 8 262 281 37 77 250 271 99 251 225 107 211 207 286 253 50 274 75 9 78 237 279 248 4 111 230 214 242 106 89 241 108 90 223 294 74 247 88 209 30 280 266 58 226 41 95 51 249 39 285 24 110 232 256 10 263 213 42 72 45 43 284 260 56 234 252 288 291 222 265 210 44 261 48 217 272 59 3 25 269 54 273 27 67 264 76 275 12 34 17 100 94 236 216 92 296 235 96 229 255 201 64 203 28 63 233 79 6 16 62 243 57 80 200 103 292 18 53 245 224 298 14 97 35 93 199 68 81 32 101 105
264: 212 257 273 284 199 293 228 277 225 283 222 291 278 275 242 237 265 198 250 208 223 298 243 266 238 219 295 247 296 251 230 268 209 215 213 287 206 202 221 234 224 205 233 256 203 241 204 255 210 229 253 299 248 260 289 288 249 246 264 286 245 263 297 292 282 226 269 240 217 285 252 258 270 200 294 231 211 280 276 218 281 201 239 259 232 267 274 254 236 261 290 220 244 262 214 216 227 279 207 235 300 272 271 153 101 156 70 81 18 56 136 59 172 167 102 197 168 54 152 63 183 60 91 13 144 48 75 78 190 1 85 92 141 128 94 80 22 53 177 67 24 154 43 143 98 165 57 35 9 64 88 164 73 123 25 171 157 58 166 186 161 115 113 192 151 109 114 118 105 82 3 108 61 189 191 79 19 159 176 10 76 62 129 127 46 158 30 163 193 77 47 131 119 41 83 184 194 32 11 110 55 6 31 17 87 97 173 21 39 93 169 112 116 187 195 117 124 175 138 188 68 74 174 84 16 37 34 182 185 180 66 14 49 120 7 178 26 162 28 38 137 65 36 52 40 148 125 95 146 132 140 4 5 27 142 155 96 130 170 139 20 150 44 149 33 106 196 122 135 134 45 100 181 126 133 179 111 104 72 107 42 86 8 103 12 145 51 147 15 23 89 29 121 69 71 90 99 2 50 160
265: 220 171 181 260 137 67 158 132 10 63 215 286 41 199 56 252 212 217 164 222 99 58 117 97 247 17 170 72 70 218 124 168 238 37 294 109 243 19 244 125 228 101 143 113 205 153 107 23 193 76 175 213 144 195 47 258 140 149 155 237 198 251 120 43 133 280 147 185 103 268 264 60 265 88 106 53 278 75 29 204 74 242 182 69 134 209 146 292 227 83 245 224 48 225 4 40 196 180 167 118 112 45 183 266 5 116 95 59 93 111 26 223 262 42 96 108 55 233 216 296 270 173 62 148 151 184 14 115 194 202 38 145 159 130 32 22 94 289 31 92 189 179 121 52 20 187 142 279 2 39 293 18 54 73 77 28 277 186 174 231 250 98 230 281 91 114 176 157 188 214 236 13 82 211 65 165 36 105 161 86 295 139 172 257 123 136 253 299 160 235 154 206 274 276 66 246 81 190 283 290 178 122 249 85 119 30 138 234 275 226 127 192 3 71 288 80 141 282 248 163 16 284 298 267 240 210 89 207 27 100 15 300 126 12 87 261 8 110 6 272 131 191 201 291 200 79 49 102 46 44 203 256 25 285 269 78 208 51 156 21 287 68 219 162 232 166 61 34 64 33 129 229 273 177 1 221 169 84 50 197 271 259 239 35 24 241 255 57 152 135 7 254 150 128 9 11 263 90 297 104
266: 240 190 226 211 244 174 127 173 142 118 66 148 58 297 83 205 120 8 9 63 64 198 68 73 168 290 170 88 300 114 109 135 286 259 89 96 77 85 125 128 192 7 57 264 185 194 39 161 70 234 117 1 193 47 153 178 169 10 277 149 76 4 46 292 75 29 224 206 164 121 274 140 111 145 293 35 42 94 131 204 81 215 15 219 152 69 61 275 272 200 54 132 280 220 260 43 147 207 11 261 22 196 24 51 90 288 60 30 285 227 265 41 155 263 276 92 27 137 65 17 201 222 12 251 184 278 122 67 182 23 282 33 79 249 271 141 218 134 253 289 221 93 124 217 25 188 189 18 40 246 19 3 247 238 133 45 55 202 270 5 13 181 175 115 268 255 84 214 102 252 216 56 258 106 146 180 26 71 256 291 154 262 213 150 245 87 269 294 6 167 138 105 99 171 78 266 113 110 248 86 101 52 38 237 32 53 243 139 212 129 37 95 112 156 119 104 158 160 230 116 165 231 159 130 21 279 197 34 195 203 103 183 228 267 91 209 72 80 284 296 187 144 176 31 16 191 235 100 98 136 179 257 44 233 299 143 14 107 281 59 62 2 28 287 48 126 273 172 199 239 151 242 162 223 123 208 298 177 50 157 283 241 210 186 163 36 229 250 108 225 232 236 166 97 20 74 49 254 295 82
267: 280 95 36 216 39 161 256 240 270 296 165 295 183 220 79 201 102 184 81 47 162 90 264 227 62 195 98 200 139 94 259 103 156 197 242 35 53 146 11 223 243 193 97 168 284 236 185 214 170 123 213 66 51 239 44 199 45 163 257 113 147 175 149 136 152 88 266 64 57 238 106 76 252 61 72 155 121 158 245 93 282 18 298 237 99 38 16 108 275 196 255 261 119 208 52 283 144 118 23 74 177 218 58 224 299 37 268 65 249 189 71 143 12 164 41 278 277 137 285 107 229 20 110 265 49 3 132 279 181 134 246 104 126 288 125 92 234 222 43 287 248 68 207 80 176 269 174 135 69 166 112 29 219 138 133 101 114 70 124 131 262 85 6 205 276 31 24 28 247 180 202 192 84 235 120 258 217 179 151 60 17 209 206 172 140 77 271 297 221 272 286 130 274 78 46 82 2 67 115 244 34 160 73 21 19 263 30 145 50 253 122 25 15 1 167 22 32 105 273 55 233 215 154 100 54 116 141 89 111 83 292 117 291 14 75 148 109 228 128 59 5 254 210 87 8 173 281 212 250 211 169 178 129 232 157 225 194 231 33 230 26 150 187 191 171 267 260 293 7 241 56 4 198 182 42 9 300 86 40 203 289 251 48 204 10 127 159 294 186 153 27 226 190 290 142 13 96 63 91 188
268: 34 9 200 19 52 177 107 61 140 40 169 226 288 79 254 271 184 110 230 50 183 220 72 261 219 238 41 234 186 45 80 92 243 12 265 85 223 300 84 147 144 241 115 125 258 131 149 134 142 260 209 106 67 83 74 60 156 159 95 233 14 248 128 64 75 152 167 43 23 151 55 296 8 192 141 56 51 272 135 81 150 138 298 257 17 270 22 112 205 189 54 164 116 5 132 240 171 127 129 29 160 231 196 42 130 222 249 21 11 185 4 224 63 269 126 292 190 154 294 91 259 165 244 49 27 3 104 69 285 266 82 289 195 1 97 278 102 225 32 58 287 20 39 291 162 213 277 123 57 251 206 31 87 250 120 188 136 290 253 18 113 28 44 122 105 88 178 198 180 155 35 96 284 203 174 176 98 109 25 283 201 187 146 172 46 30 182 111 221 168 133 71 33 275 158 263 16 179 26 218 163 264 137 199 212 170 216 210 268 273 197 295 236 235 193 143 247 86 217 89 279 232 37 239 161 242 118 2 255 262 119 65 68 70 117 10 100 66 214 293 157 208 227 15 211 175 282 77 121 124 36 246 38 299 276 7 286 229 237 94 53 47 194 145 24 93 207 202 59 48 13 148 73 114 256 204 173 78 6 90 99 215 267 181 108 280 62 274 153 281 297 228 76 139 252 101 245 103 191 166
269: 167 173 176 146 130 149 179 120 159 121 129 158 128 124 136 155 122 153 175 182 135 134 112 193 133 140 188 196 194 162 161 171 141 127 148 195 177 172 164 197 119 151 166 150 116 114 191 152 181 169 117 147 145 118 165 137 178 174 163 115 126 138 139 143 183 185 190 187 125 192 123 157 144 142 156 168 186 184 154 131 170 160 132 189 113 180 246 85 6 269 82 263 223 18 226 289 250 233 52 87 55 264 209 216 30 25 62 81 247 95 257 19 240 252 110 35 90 229 100 106 4 104 283 92 260 77 33 211 214 109 217 47 73 46 20 294 201 296 262 285 88 248 276 13 99 108 36 256 243 200 56 53 89 280 11 26 199 93 242 41 273 245 54 267 284 45 219 239 231 58 7 107 34 50 83 270 230 76 15 207 101 286 212 57 69 94 234 71 51 290 210 288 91 70 29 64 266 238 300 97 299 21 204 241 281 3 258 237 221 98 1 282 220 297 67 72 111 49 16 222 27 2 68 31 96 60 12 75 79 287 84 65 103 63 272 39 254 298 291 74 271 66 259 213 40 22 43 292 205 275 268 80 86 253 255 44 206 102 32 202 244 37 42 105 228 208 251 38 28 265 232 293 5 225 198 59 61 218 274 48 17 14 9 203 279 224 23 295 227 24 78 215 235 261 277 236 10 8 249 278
270: 217 242 264 252 288 240 275 277 203 208 300 281 251 236 294 226 246 215 278 211 297 200 206 225 259 209 272 207 228 221 260 234 247 230 220 233 218 248 232 253 258 238 199 270 243 237 198 271 210 268 282 279 235 273 262 255 229 241 254 223 245 222 289 224 296 285 283 299 219 293 286 292 298 257 267 261 204 266 256 274 290 249 295 287 202 291 214 227 201 212 276 263 280 231 216 244 213 284 250 269 239 265 205 95 43 16 195 109 7 101 147 23 17 76 108 146 151 104 161 19 179 33 62 187 47 166 26 169 110 24 163 116 3 12 10 175 71 182 41 88 162 22 63 46 34 68 21 61 8 45 50 31 177 18 170 153 133 134 53 99 1 87 114 42 72 78 141 89 4 188 159 154 79 143 54 150 85 180 11 140 13 157 25 82 172 58 121 122 44 173 64 118 107 38 56 90 66 168 55 32 139 93 113 137 190 60 92 105 135 48 112 69 96 184 80 131 52 165 97 192 167 83 178 15 37 130 155 9 189 148 6 181 73 132 94 102 57 115 39 29 59 111 2 5 117 124 35 194 86 183 142 75 127 191 186 156 91 176 149 70 49 30 128 174 20 84 129 193 119 185 197 158 51 136 123 164 81 74 106 145 100 77 65 103 120 171 98 125 160 67 144 138 196 14 27 28 126 40 36 152
271: 26 127 56 297 130 167 80 251 128 219 110 115 279 296 216 3 173 280 182 35 203 81 96 293 34 246 265 202 185 102 151 156 8 95 243 113 197 155 52 62 229 238 290 131 200 207 254 211 125 157 154 190 294 137 46 277 168 180 58 255 236 84 87 150 146 65 286 179 10 158 48 159 269 209 181 268 220 171 100 59 271 244 234 272 161 83 242 208 39 63 252 295 97 122 192 225 227 93 257 162 30 228 89 195 282 160 285 116 71 260 233 163 288 145 250 270 78 278 38 258 298 224 72 64 92 2 196 73 214 239 17 119 231 201 91 123 140 275 193 60 212 98 126 105 149 111 226 66 136 263 79 198 299 264 284 69 121 114 33 54 261 132 13 42 222 5 41 187 67 109 90 15 6 178 20 235 177 253 153 70 85 183 245 18 184 76 55 206 164 141 104 237 266 47 232 289 44 273 129 103 108 1 300 88 147 77 274 21 134 148 68 205 213 174 248 27 191 281 199 166 31 9 276 82 241 37 210 133 142 138 292 165 240 86 24 247 118 57 4 287 12 139 230 40 169 45 135 143 28 217 16 259 50 291 22 194 61 106 19 218 188 223 11 215 176 36 75 283 186 221 144 124 29 189 152 101 170 94 120 49 25 172 204 249 99 74 53 43 175 107 112 32 262 256 14 51 23 267 7 117
272: 234 261 269 238 253 257 248 289 240 212 263 209 285 290 272 295 205 251 280 254 283 231 204 232 224 246 256 275 210 202 230 201 229 268 222 211 236 264 300 252 206 203 287 214 250 286 259 281 274 226 242 199 255 297 288 299 271 207 265 273 208 233 282 220 225 213 247 276 296 227 262 216 239 218 200 243 241 221 298 244 235 294 245 266 278 258 292 219 291 237 223 277 270 284 279 260 198 217 267 293 215 249 228 39 144 139 152 130 96 100 147 88 177 126 18 159 137 190 24 87 92 104 7 196 72 54 195 135 191 67 8 129 167 173 131 89 189 174 188 28 178 166 30 19 79 21 47 118 2 68 168 41 3 134 64 44 179 73 164 94 69 185 20 78 58 95 138 194 52 35 66 136 98 162 76 56 122 105 143 141 99 175 108 29 113 181 97 36 49 171 33 161 14 75 172 124 154 120 5 40 127 9 142 61 109 111 50 128 133 160 176 80 34 63 116 91 123 117 110 180 51 183 93 57 22 101 158 153 81 15 65 74 71 46 149 13 42 115 170 140 121 48 90 155 169 107 150 27 84 182 45 193 157 148 6 11 197 59 119 103 163 1 102 43 16 112 53 23 12 85 186 38 187 37 70 125 151 77 62 25 17 114 10 156 146 165 31 82 55 132 145 106 26 4 86 184 192 60 83 32
273: 149 217 175 97 46 186 244 79 74 155 292 35 232 55 142 226 132 91 163 145 5 73 170 84 161 131 228 258 28 47 203 59 76 12 287 27 254 152 241 171 1 36 225 49 102 34 17 135 294 10 255 275 104 16 230 66 30 126 240 134 192 238 213 295 195 89 3 299 279 220 237 15 221 182 117 178 31 159 23 208 138 54 199 205 156 130 204 265 293 214 6 120 194 56 2 86 201 239 251 167 146 273 296 141 291 298 276 202 96 278 82 114 169 95 60 43 67 197 69 147 4 283 268 259 177 206 39 193 183 235 150 187 223 71 106 267 224 191 280 57 277 179 300 88 110 122 53 98 62 94 128 33 129 103 247 160 263 116 64 40 272 14 61 139 45 65 108 13 231 269 37 137 72 200 297 209 52 216 219 87 92 249 24 158 234 151 80 253 51 148 248 11 256 26 136 112 282 123 212 176 250 70 29 243 242 289 190 85 271 185 196 174 48 245 77 162 99 100 133 140 281 75 124 107 68 93 7 25 111 227 229 285 83 264 115 222 172 266 121 143 113 81 188 20 168 260 236 153 157 252 8 210 189 9 63 42 270 233 215 184 44 198 211 164 218 125 119 290 101 58 288 109 21 18 180 181 90 22 173 166 41 118 286 207 154 127 32 246 284 78 19 262 261 105 144 274 257 165 38 50
274: 251 27 207 226 269 272 83 236 184 20 94 34 186 295 235 210 59 280 134 187 17 96 19 116 6 63 270 39 42 227 103 193 241 141 5 38 233 119 89 178 55 291 166 281 182 114 56 242 154 209 259 258 237 165 290 108 93 211 183 142 299 74 37 135 172 68 130 250 248 185 201 46 198 213 2 143 44 80 171 132 260 289 124 262 215 247 155 81 179 222 192 97 26 151 90 160 297 203 275 62 61 58 24 279 214 147 11 95 28 163 285 238 228 191 232 25 190 128 4 144 129 252 115 255 121 177 102 138 98 150 133 256 136 296 175 205 267 101 32 23 50 127 64 162 88 65 107 220 168 86 268 84 245 202 257 239 99 181 156 30 266 57 253 146 82 75 131 223 277 79 47 284 70 22 230 161 60 87 117 73 109 287 18 137 69 265 254 159 231 170 7 169 106 123 271 194 293 52 224 78 273 221 219 189 196 158 200 13 125 197 43 176 1 145 71 54 31 216 286 66 225 21 243 206 153 167 278 8 264 261 139 212 105 288 48 120 45 16 29 234 294 10 229 118 217 35 85 204 112 77 122 249 298 164 91 240 76 67 113 33 126 152 111 100 110 282 15 173 41 276 49 104 157 300 40 244 92 149 9 51 263 174 3 72 274 246 36 208 53 188 12 140 218 283 195 292 148 14 199 180
275: 185 172 189 119 116 184 158 148 173 124 139 132 178 163 182 177 160 161 157 136 170 155 181 145 152 149 125 141 195 190 126 183 117 113 153 169 123 127 187 167 134 188 180 146 164 120 129 196 156 121 174 147 142 143 122 154 171 159 135 112 197 166 168 193 144 175 118 137 179 151 114 186 130 191 176 128 115 133 131 194 165 138 192 140 150 162 298 84 102 226 295 274 288 13 261 99 37 81 38 97 216 220 246 91 7 11 98 237 31 108 29 204 247 55 281 10 103 16 236 60 235 290 206 72 92 40 101 75 43 83 250 20 232 111 53 215 203 44 211 292 41 259 258 69 265 89 1 262 47 79 90 253 59 66 2 15 219 26 63 210 30 21 269 272 209 287 62 25 19 71 205 200 70 34 266 8 299 96 251 95 214 36 252 241 256 249 271 291 46 282 228 297 201 289 270 35 257 255 76 285 106 234 32 4 77 278 24 86 240 264 9 52 110 23 73 87 279 229 61 286 104 80 293 33 277 263 88 207 273 48 109 51 3 243 17 49 199 260 74 198 64 284 294 254 202 280 244 296 300 39 233 231 56 221 22 45 5 275 224 93 239 217 208 85 212 238 6 27 58 42 242 230 28 225 100 223 107 248 54 218 276 213 67 105 68 267 65 283 12 14 18 50 227 78 268 82 57 222 245 94
276: 253 199 260 294 279 244 214 268 261 280 245 297 223 233 251 209 231 295 225 227 256 212 259 252 267 265 270 292 298 246 220 290 239 210 219 240 232 249 262 282 300 278 235 275 288 229 272 208 287 296 250 234 205 263 284 201 203 241 242 264 271 224 274 204 291 211 254 222 286 289 236 293 226 200 248 266 243 255 202 283 237 273 285 277 258 247 299 221 228 269 230 215 198 216 218 281 238 257 206 213 207 217 276 134 108 169 163 194 92 149 33 29 127 47 83 189 158 115 110 17 186 117 64 30 160 116 80 171 37 24 155 192 128 126 122 184 104 97 138 182 46 69 183 3 90 153 109 102 133 197 131 13 61 67 154 142 118 150 166 22 70 93 145 73 98 161 174 156 44 5 103 32 170 105 35 87 54 162 167 66 51 31 159 187 96 68 14 125 43 72 82 173 39 12 62 164 2 25 193 58 143 1 56 101 59 151 180 190 124 36 123 107 52 165 141 79 55 148 10 140 60 63 137 77 38 49 152 9 20 28 53 4 27 196 129 112 121 139 74 111 175 11 78 7 84 95 157 26 144 50 85 177 18 86 132 88 75 176 136 8 45 100 179 195 119 94 113 42 19 168 172 21 178 57 15 130 89 71 181 48 191 146 106 185 6 188 40 16 120 76 41 81 91 114 65 99 34 135 147 23
277: 275 284 255 206 210 217 300 213 239 211 281 237 280 262 260 246 244 268 277 287 223 232 269 265 263 212 231 203 272 215 226 251 201 202 238 224 253 278 209 247 219 256 267 233 259 289 242 199 230 261 207 200 236 228 292 248 222 258 214 220 295 252 266 249 216 229 293 271 274 276 296 285 241 297 294 208 221 245 291 290 257 283 282 288 298 270 204 235 205 279 227 234 240 198 273 299 225 243 286 264 218 250 254 101 48 142 144 63 117 42 162 80 128 185 197 179 32 178 148 83 149 68 9 75 44 55 67 18 126 105 60 181 31 33 171 174 4 168 109 49 122 70 94 20 163 5 194 35 39 34 71 28 96 81 102 147 124 170 61 16 15 1 27 103 108 24 84 184 14 19 135 129 3 11 52 37 183 188 46 169 100 154 137 193 196 64 150 51 76 146 21 177 12 138 180 91 58 120 130 107 65 131 133 38 140 166 118 153 104 43 22 57 139 191 10 40 155 29 95 114 79 123 106 172 195 189 30 93 111 112 26 136 25 119 7 69 78 87 47 89 82 121 41 17 62 97 159 192 6 157 8 116 113 165 156 53 59 50 99 132 158 152 85 92 54 90 23 176 143 66 72 160 45 175 151 36 74 187 134 98 145 2 86 164 161 73 125 88 141 190 186 167 77 56 182 127 13 110 173 115
278: 233 297 256 259 286 258 221 268 209 230 296 216 214 271 222 231 281 246 226 289 280 253 236 300 215 254 198 248 273 225 205 199 211 247 237 240 206 252 294 235 255 249 251 202 276 272 213 239 223 242 270 267 250 212 229 234 210 278 241 232 291 262 203 298 293 218 208 260 219 295 257 244 263 238 282 275 277 264 285 243 287 299 266 269 279 288 265 292 207 220 283 261 228 284 201 217 274 204 245 200 227 290 224 136 166 87 11 105 16 70 81 125 12 193 156 187 83 19 45 153 76 114 168 110 177 5 48 3 104 184 88 92 169 71 39 148 139 30 67 106 117 174 32 149 141 115 179 138 90 101 96 108 146 143 158 183 6 28 26 124 61 150 140 171 89 194 15 72 109 18 37 102 17 147 95 55 188 123 80 133 33 91 165 111 99 186 66 57 191 4 197 40 112 145 64 132 93 134 185 69 128 154 182 29 155 10 176 172 157 38 161 175 49 159 24 44 74 85 23 151 196 54 86 116 25 8 22 56 180 34 130 195 173 42 31 20 58 53 97 27 46 103 190 7 60 126 160 119 137 170 163 43 107 192 121 135 1 73 21 131 167 178 84 164 9 94 189 13 52 122 14 100 2 162 68 144 75 82 41 51 152 118 63 59 78 142 47 62 79 77 129 35 50 181 98 127 65 113 36 120
279: 26 106 101 87 149 35 134 39 204 1 94 23 242 120 8 202 271 153 32 108 181 135 274 117 62 198 173 206 129 300 54 162 128 199 194 76 90 152 287 37 166 80 12 18 223 168 109 264 251 25 156 88 258 210 107 150 292 44 245 73 66 236 118 246 265 256 151 68 83 158 239 208 293 232 30 266 45 188 290 196 124 72 49 55 221 5 81 21 157 275 183 226 155 296 24 235 160 175 218 281 233 217 203 131 13 74 178 180 20 243 143 141 91 161 16 78 299 284 51 148 95 167 100 29 52 230 297 105 270 250 262 238 64 67 182 277 6 186 27 96 38 279 171 278 288 170 17 2 75 213 289 205 10 244 69 47 273 132 227 92 231 71 7 42 268 113 48 209 276 79 191 214 174 147 248 139 260 261 136 56 34 189 70 85 197 272 93 190 97 222 211 99 234 130 255 3 119 125 220 60 192 200 15 185 215 77 53 254 112 127 4 138 126 249 104 229 177 121 224 57 98 65 195 115 22 285 201 146 86 282 283 165 172 33 241 133 259 46 179 82 110 280 142 31 61 207 252 145 225 263 84 212 11 50 116 9 286 219 40 228 122 137 237 247 253 240 184 163 59 36 114 41 19 164 111 298 63 267 257 169 144 295 269 43 216 294 14 140 159 28 103 291 58 154 123 89 193 176 102 187
280: 201 37 260 250 106 177 86 4 174 47 149 141 65 218 163 109 5 88 42 233 225 207 276 83 46 273 32 101 49 268 20 231 191 257 66 68 127 270 199 259 272 208 131 274 194 137 183 58 36 246 238 195 193 73 133 145 69 112 89 110 19 128 300 176 269 92 115 3 148 267 31 28 91 44 200 100 147 228 279 150 23 235 198 56 213 130 278 107 74 152 12 248 157 234 55 117 96 252 125 266 280 290 136 97 78 13 81 219 53 284 79 226 220 203 202 24 43 178 239 242 146 216 211 39 286 179 11 204 247 166 135 171 254 241 297 54 154 38 77 70 94 170 156 102 93 26 214 292 6 285 212 123 159 253 223 15 209 249 221 29 275 72 84 45 271 122 265 197 129 296 71 190 155 182 33 263 244 294 116 67 205 298 8 172 114 161 255 196 175 291 2 51 181 158 82 144 48 245 173 162 185 283 27 293 75 40 262 119 287 103 261 126 210 187 9 14 164 240 264 237 277 165 30 104 186 243 232 52 289 35 153 63 188 121 281 251 184 132 87 118 168 167 76 142 22 59 140 180 62 98 95 258 60 85 295 41 21 282 17 10 217 57 99 299 120 108 80 90 25 151 256 227 189 1 61 224 134 124 230 288 222 215 105 236 34 229 7 139 192 169 16 64 113 206 18 50 111 143 160 138
281: 62 102 250 49 184 178 27 80 222 20 47 179 232 182 198 196 119 213 75 54 292 187 162 30 143 218 4 135 202 284 69 279 272 127 23 97 58 247 208 244 297 274 285 41 64 24 151 148 43 262 289 51 169 152 8 206 25 185 106 165 73 248 92 113 13 163 226 137 94 87 236 239 219 268 96 168 295 278 33 209 161 100 15 254 107 22 34 129 2 77 76 180 3 229 44 281 296 46 253 125 205 270 83 147 123 81 136 186 256 133 174 111 16 91 10 240 149 71 65 271 217 288 118 146 98 124 266 112 207 203 176 287 99 275 230 126 17 160 145 103 216 231 171 159 150 63 7 260 1 29 195 45 79 53 170 177 121 144 36 74 265 242 50 267 117 56 197 101 70 110 300 72 298 193 286 61 32 245 293 212 200 214 258 104 188 261 115 90 173 276 192 52 255 122 199 66 181 251 269 141 257 225 12 78 282 299 215 37 210 158 234 273 220 67 26 291 224 157 86 82 108 85 88 166 294 35 246 40 249 252 277 9 128 57 189 48 114 120 142 140 134 139 227 223 228 237 191 31 39 167 95 259 194 263 68 11 175 105 190 172 183 154 221 155 233 6 153 42 164 60 283 18 93 264 59 243 55 290 138 38 19 211 5 201 280 204 84 235 28 130 116 131 109 14 89 132 21 241 238 156
282: 78 103 109 213 176 113 25 77 76 192 1 151 171 271 86 125 201 223 118 152 265 137 114 6 17 84 141 91 16 63 284 130 156 162 220 11 62 41 48 82 93 149 237 160 273 266 132 224 116 150 286 172 174 72 159 253 236 288 45 206 227 101 99 260 205 89 169 295 80 126 58 8 110 257 120 2 185 54 70 52 61 204 214 60 20 39 197 230 124 280 55 282 252 232 200 10 234 170 92 261 202 50 53 67 46 268 111 274 153 276 203 135 190 250 15 107 119 212 270 207 187 71 238 199 104 222 285 36 98 189 164 64 35 186 177 277 56 79 167 195 139 251 178 184 57 255 299 122 88 27 3 128 23 131 259 148 291 38 198 258 96 275 219 133 242 216 248 244 183 26 73 66 262 33 296 105 127 68 74 136 100 194 229 140 256 30 145 42 43 106 51 115 29 44 298 293 279 47 65 233 294 182 225 287 217 102 95 218 231 210 154 144 13 297 40 281 9 83 165 59 188 4 166 123 21 193 90 19 24 290 117 267 85 134 215 179 155 249 228 241 142 31 108 180 18 97 175 147 157 246 283 245 12 22 32 129 173 254 49 243 121 28 146 81 143 211 181 196 163 69 191 300 235 94 87 247 168 239 226 112 7 161 221 37 158 138 272 292 34 264 208 14 75 5 240 263 209 278 269 289
283: 232 244 201 246 205 222 236 285 279 276 264 238 203 226 214 250 281 208 261 242 296 297 228 282 298 262 275 294 287 252 289 268 284 215 224 223 257 256 206 266 278 272 237 229 219 253 292 216 260 280 200 243 283 233 239 221 286 231 211 220 248 258 207 213 291 267 295 199 235 263 293 259 230 210 269 290 227 209 299 251 271 273 217 212 218 249 198 204 241 247 288 234 265 245 270 225 254 255 202 274 300 277 240 72 188 77 108 5 80 166 62 195 46 43 163 33 168 81 34 99 85 52 148 120 17 19 96 31 186 88 187 174 116 53 126 71 170 123 158 7 103 61 115 94 151 124 161 54 104 177 51 189 106 146 155 128 82 35 44 23 102 141 26 22 18 197 93 50 119 109 127 132 117 68 196 40 29 97 79 41 9 49 100 143 87 169 95 86 30 118 191 112 37 6 27 25 167 105 114 38 140 14 154 122 75 181 69 171 129 162 125 182 113 149 185 142 91 15 13 173 153 90 3 89 2 164 12 20 28 145 190 67 101 144 1 176 39 64 59 42 70 8 157 47 194 56 10 36 131 63 136 32 84 175 4 65 16 73 165 57 83 55 21 111 139 147 121 134 183 45 160 180 66 184 138 152 178 150 192 172 156 24 58 92 193 135 133 76 60 98 48 179 159 137 130 11 110 78 74 107
284: 48 274 1 82 220 12 289 176 8 172 209 6 154 285 300 187 67 236 250 7 140 132 161 258 42 92 5 16 61 130 299 277 293 155 111 131 135 158 156 141 162 245 178 96 91 234 257 228 106 167 160 201 58 112 89 72 84 144 10 116 52 78 38 27 294 265 45 251 98 267 90 29 127 60 153 189 50 66 88 49 226 219 46 146 182 183 271 87 175 292 266 268 253 191 3 261 34 55 2 239 93 180 196 139 221 241 242 125 233 71 229 203 185 222 216 129 57 202 122 26 181 225 19 117 298 192 18 204 80 101 194 136 147 295 119 64 103 269 108 199 223 134 217 114 166 186 25 291 193 4 31 238 190 102 30 262 231 283 28 200 290 244 51 148 270 247 230 224 59 259 36 214 243 164 83 62 171 169 163 14 252 280 123 179 276 177 168 281 124 260 151 105 235 188 121 115 22 157 100 278 70 165 79 138 53 212 264 81 237 197 39 152 110 11 145 32 263 33 120 227 47 207 65 215 104 297 173 205 232 284 248 76 56 23 206 149 15 170 142 68 256 195 213 17 246 43 288 272 97 286 143 128 95 107 85 109 73 99 74 40 211 240 218 282 37 9 137 35 273 94 20 174 126 249 69 24 13 210 54 287 184 77 198 296 279 41 254 275 21 133 44 113 150 75 159 255 118 63 208 86
285: 235 209 276 271 230 120 146 268 258 101 44 169 96 25 114 170 76 239 140 228 200 237 122 218 281 51 289 9 68 65 179 269 298 198 58 13 141 196 231 7 278 174 78 85 117 14 208 134 164 290 93 181 82 267 272 21 129 242 291 32 39 87 213 113 27 147 159 193 293 33 95 211 67 80 287 166 60 22 297 119 46 162 86 224 103 23 135 81 183 106 34 223 160 149 99 5 66 59 226 127 168 131 48 136 232 98 123 37 165 295 24 139 188 30 171 137 109 172 184 40 133 207 77 74 94 70 244 104 300 292 253 156 69 288 220 73 296 248 255 28 56 186 161 138 299 112 52 199 128 151 18 294 216 64 285 225 247 111 163 212 283 1 251 63 201 142 107 266 286 190 274 249 92 53 187 167 91 262 194 189 29 217 89 173 219 185 11 280 229 257 88 270 204 71 221 49 116 240 233 121 83 57 26 273 31 238 41 264 132 43 118 203 110 75 180 4 210 241 148 61 10 222 150 143 279 263 102 214 154 277 178 19 62 16 234 105 275 2 42 254 100 8 155 144 3 130 126 55 35 215 202 12 282 256 284 54 243 182 125 84 72 175 90 195 245 191 17 108 157 197 47 153 15 152 259 6 176 260 265 36 227 261 79 97 50 252 192 145 20 246 115 124 205 158 206 177 236 250 38 45
286: 94 95 174 123 270 75 204 53 71 138 271 106 19 67 6 248 283 293 186 77 159 226 208 96 220 68 203 298 232 210 108 64 173 82 230 141 196 20 216 13 222 180 259 291 7 247 100 140 228 286 273 21 46 136 115 182 249 276 183 127 26 11 3 189 93 39 176 187 145 237 137 224 257 66 279 223 36 172 178 45 91 284 254 235 198 246 160 35 17 194 239 229 231 24 185 200 164 241 44 139 50 43 56 41 109 121 244 240 163 191 119 152 129 101 5 206 253 112 69 87 30 92 12 195 212 157 62 165 296 250 238 99 211 282 128 265 144 153 31 97 263 219 48 49 171 65 192 1 113 47 217 151 122 38 134 207 260 292 42 245 190 268 295 98 104 184 90 170 300 83 130 289 272 201 269 27 161 55 25 32 81 167 299 288 16 264 117 22 221 79 162 175 197 213 277 15 168 242 225 126 118 205 58 148 8 158 78 72 149 251 74 155 243 262 125 142 267 233 188 252 116 114 143 51 54 40 285 147 236 202 33 14 111 59 255 57 193 297 156 218 209 215 181 84 10 290 234 102 287 2 37 4 88 154 227 120 135 52 9 28 124 132 278 146 105 166 89 70 61 150 18 23 266 258 256 63 34 294 85 133 103 261 131 86 177 80 107 60 73 29 179 110 169 214 76 275 281 280 274 199
287: 233 145 140 8 223 64 122 113 148 273 92 5 275 126 175 295 79 258 143 100 77 59 269 141 260 36 205 277 4 280 60 292 197 290 225 230 244 265 40 282 251 266 286 255 118 178 57 97 185 76 94 171 66 245 29 121 41 45 204 106 20 217 196 2 10 256 289 232 168 27 84 11 271 91 104 174 211 262 33 93 58 238 54 135 216 288 68 183 184 200 110 250 90 73 137 264 240 119 202 246 278 71 219 179 50 14 22 151 128 114 6 285 173 134 69 169 193 274 222 190 249 117 214 215 3 109 212 188 268 146 252 195 26 65 19 31 67 61 13 96 42 294 267 133 15 227 229 139 127 149 83 35 161 39 189 164 47 82 226 166 16 129 18 296 186 28 154 221 228 209 299 192 9 25 37 155 176 63 124 101 162 157 70 75 263 125 107 272 78 136 160 284 170 187 163 48 138 220 261 87 241 177 52 72 132 297 115 181 172 108 98 234 231 49 144 131 237 24 210 99 88 89 283 80 56 180 150 199 152 270 235 291 242 55 165 224 203 120 218 253 74 105 279 62 191 34 248 112 1 116 7 236 51 130 142 167 17 281 81 300 53 32 123 38 147 207 156 201 153 12 259 30 102 213 198 257 23 111 43 159 86 21 95 194 293 103 287 247 46 254 206 85 158 298 208 276 44 243 239 182
288: 215 56 195 150 159 275 201 281 123 274 155 32 212 12 247 168 238 223 174 284 282 38 237 207 292 59 244 249 82 96 227 33 55 160 91 88 210 180 130 161 35 122 53 5 152 217 14 146 289 108 36 75 286 232 13 260 134 222 48 37 11 139 57 261 198 255 194 175 251 300 24 81 190 171 70 235 20 273 214 182 54 39 84 296 199 21 102 133 111 243 148 252 188 105 116 225 101 25 257 177 44 104 140 2 271 287 89 172 164 86 60 127 293 1 240 265 144 10 248 92 204 205 103 259 216 124 142 193 47 18 184 45 97 136 290 49 76 95 185 165 65 263 173 15 110 17 90 120 295 22 262 151 74 41 73 169 270 147 206 106 27 231 211 46 178 208 203 202 176 28 23 157 220 209 117 197 85 224 166 228 279 153 226 170 7 93 239 132 118 298 156 71 200 6 253 179 99 145 229 9 119 192 8 78 63 126 230 34 277 50 181 43 128 30 64 191 94 264 154 68 258 241 107 278 299 58 267 31 100 254 283 285 234 112 297 143 256 272 113 87 138 19 187 3 80 129 98 288 121 245 196 186 52 72 67 4 135 158 266 115 246 167 16 137 162 62 291 221 236 77 250 163 219 189 276 213 42 268 109 79 114 233 131 269 183 294 125 83 61 141 29 66 218 40 242 149 51 26 280 69
289: 140 155 149 159 123 117 121 181 153 126 147 174 144 173 124 161 175 171 154 182 152 128 170 162 135 139 137 179 134 180 116 114 183 157 187 125 115 192 197 112 150 131 189 132 185 136 118 188 120 138 151 146 122 184 172 186 129 141 145 133 165 169 177 130 148 127 168 191 142 163 113 178 158 190 143 193 166 156 167 195 164 119 160 196 194 176 43 52 89 280 32 3 92 275 242 25 235 35 205 18 41 109 229 269 247 209 23 268 69 61 211 230 70 260 72 6 227 67 291 237 270 298 48 238 93 44 83 15 300 226 272 2 203 273 91 274 234 206 222 278 77 255 53 296 200 59 283 257 87 29 295 256 277 279 261 21 286 28 216 11 108 282 288 65 248 250 16 45 251 9 7 212 103 97 66 207 79 80 99 47 40 208 84 94 36 54 287 265 218 258 266 75 240 62 64 12 239 294 297 293 49 198 110 252 51 214 233 245 254 284 85 96 30 46 55 39 244 199 243 22 210 262 201 31 56 221 76 101 24 33 232 225 42 253 219 71 90 215 50 19 78 111 37 271 73 259 58 204 289 98 57 5 107 60 223 100 292 34 63 74 10 38 213 220 202 105 246 104 241 285 14 236 217 276 68 86 263 4 224 106 26 281 13 88 17 249 20 82 299 95 8 290 228 81 231 102 267 264 27 1
290: 161 154 184 191 132 114 176 168 131 178 135 171 118 175 173 139 130 128 167 115 116 160 185 117 140 153 151 187 177 127 137 164 145 133 183 146 136 149 138 150 125 144 142 169 180 182 166 190 156 189 147 196 192 186 123 162 158 112 119 179 188 172 141 120 193 143 126 152 124 159 155 197 165 170 195 174 157 121 194 113 181 163 122 134 129 148 247 68 206 217 12 201 250 18 93 204 261 220 58 14 222 198 292 298 237 244 209 270 282 87 40 253 45 218 260 111 295 263 105 22 294 286 36 296 10 90 3 66 73 77 276 89 62 213 88 51 203 94 46 49 275 208 219 255 299 211 289 216 246 98 268 76 85 249 97 230 245 258 50 228 5 69 84 80 67 48 235 271 288 26 33 32 212 81 100 266 64 287 44 207 82 259 60 199 19 232 63 278 229 91 239 59 65 231 283 75 274 42 25 280 41 236 243 17 210 107 233 223 291 240 256 38 37 34 39 269 234 285 281 279 95 4 110 24 227 27 277 200 101 215 273 57 28 1 31 248 15 205 251 86 109 238 74 9 20 92 254 284 300 265 264 70 272 6 103 79 8 214 78 96 29 290 47 226 297 55 99 262 56 35 23 267 43 224 72 221 202 21 104 83 11 293 2 242 108 53 7 71 30 252 54 106 52 13 61 225 16 102 241 257
291: 124 299 62 179 200 173 243 128 163 64 171 151 21 237 271 165 220 235 119 293 291 205 244 153 223 126 169 32 191 167 212 81 216 292 232 230 13 60 129 194 73 80 290 91 177 22 156 139 47 104 250 122 75 231 51 175 202 86 38 272 170 183 69 239 245 241 130 217 248 273 158 1 213 133 190 197 203 113 188 294 210 274 247 105 253 298 41 96 286 88 140 155 219 123 258 208 55 34 118 184 23 143 142 17 3 9 7 221 206 295 199 52 149 251 5 103 268 135 127 57 48 254 90 107 101 172 82 131 25 35 174 39 265 110 92 218 4 94 95 201 181 186 8 211 144 166 16 121 180 24 287 67 147 65 264 19 53 259 83 255 18 125 44 132 78 33 87 10 50 185 262 242 85 204 20 192 138 296 77 196 93 154 109 71 160 215 136 278 281 193 114 40 56 72 99 297 150 84 289 146 229 97 222 164 240 225 195 207 263 37 256 46 98 280 11 198 117 249 283 152 42 28 260 226 134 15 288 233 252 74 161 61 70 277 238 227 106 112 120 45 49 31 276 26 36 246 224 300 116 257 14 54 176 145 236 267 157 89 29 108 285 76 12 30 228 261 159 115 59 187 102 178 27 79 214 111 43 282 270 58 2 6 234 168 162 269 284 182 63 209 100 275 66 141 279 68 137 148 266 189
292: 258 245 207 134 36 223 181 206 169 209 7 135 202 255 51 220 78 171 146 101 16 128 19 35 33 3 164 114 204 193 170 62 21 252 25 40 189 187 99 141 295 293 50 219 235 56 229 154 254 300 94 9 65 63 120 145 66 67 277 10 163 243 61 126 182 113 112 42 156 153 167 275 233 283 88 24 196 247 256 20 140 89 239 168 77 217 253 149 268 152 106 131 59 183 282 160 73 1 129 48 159 2 264 289 71 191 30 139 79 41 11 6 18 257 82 290 296 201 96 270 250 174 43 230 92 68 287 249 232 165 5 103 137 57 8 81 127 195 211 107 175 188 45 299 47 28 32 55 75 53 138 13 251 118 123 212 190 246 294 4 260 186 27 279 234 185 180 179 228 91 278 242 105 224 38 95 266 90 222 121 117 285 97 172 261 297 244 60 205 284 162 178 100 291 133 274 292 280 136 288 54 12 216 15 110 17 104 203 125 225 119 111 273 231 236 74 298 238 46 214 213 44 269 208 271 144 108 198 286 267 142 226 102 210 98 221 86 93 116 147 87 173 176 262 281 227 83 161 197 132 76 143 80 155 52 248 151 184 34 199 22 14 240 166 130 148 276 218 215 39 259 26 69 157 177 158 23 72 237 272 265 241 200 194 122 29 115 263 84 37 124 64 70 109 192 58 31 150 49 85
293: 180 18 33 167 150 294 249 198 123 119 112 298 35 24 125 146 117 152 183 178 272 221 256 47 25 215 70 219 106 182 99 191 67 153 278 17 193 2 100 262 50 42 240 9 214 73 290 280 103 271 160 131 258 56 3 95 101 55 113 162 134 199 53 54 1 72 23 292 260 170 189 246 75 122 282 188 6 213 185 269 266 284 46 197 108 85 30 293 268 244 43 109 40 203 52 175 222 206 51 261 29 58 207 253 297 166 259 88 229 242 116 94 144 184 228 120 79 37 227 224 151 201 31 300 63 194 230 220 279 57 270 234 61 231 158 28 174 142 149 126 90 154 49 65 64 68 141 283 159 168 186 129 285 143 14 179 115 211 102 82 136 225 86 275 96 251 218 291 263 232 59 77 237 295 157 76 267 235 124 22 4 45 36 34 299 78 32 10 15 121 137 210 83 208 128 27 89 127 274 238 296 202 217 8 164 38 252 145 245 91 26 21 140 273 241 87 190 69 105 200 265 48 255 93 11 19 138 97 243 177 287 173 71 147 288 205 80 156 39 223 209 7 62 286 216 204 107 276 5 226 192 104 181 248 239 135 176 277 172 233 169 264 92 133 195 254 236 114 281 13 20 66 161 84 212 98 16 110 44 165 250 171 247 130 148 60 196 155 139 41 81 12 74 257 163 111 187 132 289 118
294: 191 100 268 106 241 292 33 166 56 86 131 256 216 117 281 196 134 283 6 121 242 79 2 250 209 200 92 85 62 243 289 38 82 164 113 284 118 185 273 225 163 203 217 133 249 247 43 53 233 44 36 11 151 97 59 277 182 234 15 130 205 32 154 37 71 219 278 174 101 4 261 55 137 35 220 147 161 22 5 25 258 262 34 271 48 155 67 129 208 293 202 269 41 246 270 197 248 157 229 90 253 104 257 297 175 190 28 103 30 213 136 254 111 93 146 172 194 83 124 77 76 189 142 236 237 152 65 210 227 98 274 108 143 245 207 230 300 51 176 91 78 141 148 265 272 96 259 184 31 3 52 47 226 294 120 69 1 288 27 218 239 128 232 50 16 26 9 149 279 165 160 29 63 94 7 116 298 87 72 168 295 18 20 19 132 145 286 73 206 193 199 282 251 126 260 264 42 296 170 153 195 180 224 10 12 198 266 8 60 173 263 188 179 64 109 181 290 127 13 81 107 89 49 159 24 228 280 267 54 171 187 144 140 167 105 122 186 110 102 40 14 66 119 114 139 287 275 57 204 192 68 99 215 211 299 235 23 156 115 84 39 70 244 255 222 240 291 80 169 221 162 74 21 123 112 95 135 231 17 75 177 45 252 150 212 276 223 285 158 238 58 183 138 214 61 201 178 88 125 46
295: 73 79 64 62 93 50 97 31 95 69 43 96 89 55 37 39 25 100 88 47 108 11 91 82 5 85 22 44 9 103 10 83 3 57 51 80 53 58 74 28 92 45 60 107 101 102 30 76 61 106 26 105 67 111 32 84 8 40 34 99 94 42 52 14 98 27 15 36 2 59 110 35 29 70 7 68 13 77 63 46 109 6 41 104 54 4 48 87 17 71 18 16 33 78 65 20 21 24 49 12 90 1 81 38 75 66 56 72 19 23 86 180 296 183 262 247 297 135 278 292 163 264 279 145 299 252 298 170 157 112 206 150 263 171 275 193 257 179 189 152 178 209 129 174 260 126 134 137 196 276 204 140 246 191 238 136 220 185 211 146 237 159 118 256 139 188 281 225 240 144 274 186 218 221 254 242 190 265 142 200 248 271 175 236 230 155 228 216 133 128 229 153 273 195 165 222 245 286 244 285 234 258 288 266 115 290 187 277 156 121 239 138 268 176 300 164 207 158 249 253 280 172 181 219 291 223 270 154 130 241 214 120 235 169 166 160 232 167 143 149 123 267 215 125 212 233 282 251 192 168 294 224 205 148 197 284 295 194 259 173 198 287 243 217 199 283 201 122 161 113 289 269 131 127 117 177 132 255 124 210 208 119 141 182 213 114 231 261 227 272 151 162 184 202 116 226 203 250 147 293
296: 118 188 119 163 140 128 114 135 179 120 152 186 159 177 147 121 178 191 115 167 143 195 153 192 142 116 160 173 197 170 175 161 122 193 129 124 156 158 181 136 168 165 125 154 131 134 180 196 169 182 146 184 138 190 148 150 174 194 171 133 117 157 183 123 144 141 155 172 187 145 176 185 139 151 164 166 127 132 137 113 189 112 149 162 126 130 269 240 244 89 72 94 9 225 259 207 53 43 77 84 63 92 74 86 214 243 252 68 210 295 232 6 11 85 271 292 249 78 248 236 261 242 300 227 276 8 215 280 262 247 97 26 235 99 55 250 5 202 56 233 3 201 223 265 220 2 88 245 16 222 264 224 42 14 217 50 287 297 274 25 106 275 76 41 95 104 291 246 54 91 47 31 218 278 283 10 70 105 51 198 37 277 281 90 1 110 39 36 81 293 67 22 256 254 299 82 203 260 4 96 48 258 101 19 34 98 40 87 239 209 52 73 208 38 103 35 49 79 212 24 7 33 237 270 298 289 12 15 65 28 107 102 204 286 257 282 200 290 30 234 109 57 21 83 75 62 238 17 108 221 13 296 111 285 263 64 69 267 230 206 251 231 20 228 27 205 18 219 241 59 213 58 100 266 226 294 255 80 71 284 44 279 93 61 211 229 253 66 23 272 60 288 45 46 29 216 268 32 273 199
297: 184 129 124 169 193 195 121 112 183 130 163 170 188 122 172 141 125 159 115 194 175 160 173 120 186 155 148 161 117 192 187 164 185 114 167 128 196 191 132 123 134 176 131 138 126 168 151 162 137 116 143 158 174 178 197 153 145 181 189 140 152 135 127 177 171 179 136 118 157 149 165 113 144 166 146 147 119 150 154 133 182 139 180 190 156 142 111 247 273 70 232 62 81 270 257 22 105 269 53 20 40 243 95 242 293 266 225 205 299 292 249 92 265 237 223 98 37 43 85 216 203 227 80 103 26 233 272 91 296 51 35 298 239 86 13 104 32 259 248 281 300 78 110 106 58 60 66 107 280 217 44 14 17 19 10 72 230 45 262 82 68 31 24 198 94 240 36 47 49 7 65 55 214 200 108 231 15 202 4 23 211 287 109 295 57 210 201 207 267 73 38 229 69 12 18 263 215 76 102 226 228 290 294 75 3 276 271 288 234 87 279 199 29 100 71 238 254 297 56 275 2 256 284 268 209 206 25 88 9 219 83 101 224 90 27 34 282 278 89 286 283 291 67 96 260 212 213 93 39 241 246 48 252 289 52 61 274 54 84 74 245 28 77 46 236 250 261 277 42 33 1 30 41 204 5 97 50 220 244 218 59 21 64 221 79 235 258 222 208 6 251 16 99 255 8 264 253 11 63 285
298: 125 162 300 245 109 223 165 179 108 21 207 5 248 29 44 199 191 107 141 139 192 8 176 104 87 186 106 210 6 133 238 18 166 287 282 75 295 216 89 209 219 11 172 2 281 68 181 158 233 102 73 265 277 51 85 168 180 237 47 122 227 50 37 205 66 34 28 299 259 297 177 174 280 62 38 197 30 35 124 288 83 283 206 272 22 244 286 93 136 129 7 63 138 239 76 74 183 152 64 225 161 57 134 46 229 159 228 236 171 147 135 241 116 220 13 204 232 112 99 178 155 25 82 249 94 90 23 86 126 54 289 65 80 200 60 33 293 150 292 56 222 169 72 278 284 71 113 49 269 252 218 92 208 276 48 262 184 212 130 224 202 97 273 213 260 101 1 230 188 10 274 19 240 110 119 114 144 77 78 235 163 31 69 55 95 45 146 79 156 143 81 279 271 149 203 294 234 182 118 217 247 41 14 137 20 167 115 52 131 261 194 39 132 140 264 258 211 127 298 170 59 61 36 145 263 58 32 201 267 128 164 270 285 214 120 40 242 154 123 117 53 24 275 195 196 198 253 254 88 215 153 255 193 148 189 296 243 226 98 70 96 266 12 67 100 246 257 256 42 185 290 27 84 111 121 43 17 16 26 105 187 221 151 251 4 9 231 160 142 157 15 103 91 175 173 3 291 268 250 190
299: 166 8 57 225 69 81 182 61 13 221 279 128 55 265 124 140 285 226 214 102 107 106 277 74 210 289 67 19 246 161 62 68 268 165 196 22 77 222 162 266 38 24 16 138 241 110 227 163 174 141 209 111 257 150 239 235 254 4 119 76 98 5 168 272 202 282 186 228 127 149 229 3 83 47 2 52 251 35 144 21 270 236 195 34 242 59 284 164 224 51 30 192 72 112 223 299 153 66 176 27 33 216 278 136 82 274 91 181 183 95 173 151 293 60 175 148 240 245 122 273 219 104 11 43 90 39 130 117 23 147 9 292 142 101 53 64 155 42 238 286 116 275 45 217 179 184 131 218 259 288 190 220 233 199 156 99 46 123 49 29 234 191 44 232 113 300 103 177 298 193 237 96 58 211 73 108 20 121 125 283 252 291 250 137 185 7 262 180 36 17 244 197 146 261 18 56 105 31 1 25 243 213 75 86 80 203 48 188 178 120 118 159 114 280 97 207 264 157 129 206 26 154 71 189 37 92 143 249 290 41 84 160 79 200 126 10 133 93 14 100 94 15 6 89 40 85 139 145 294 115 152 276 256 187 201 271 253 172 65 171 263 247 248 135 269 204 255 260 231 109 281 132 194 54 12 32 88 287 295 258 170 230 63 169 208 28 158 296 297 78 215 198 134 212 267 167 205 50 70 87
300: 12 71 43 15 4 72 14 6 73 100 94 39 35 51 18 84 30 60 48 38 5 7 90 91 32 103 22 24 79 37 110 93 33 50 46 98 68 81 23 13 96 82 59 31 40 62 69 58 85 107 3 80 2 76 86 99 55 20 95 109 74 65 53 104 57 61 36 92 10 101 88 28 56 21 42 25 9 77 29 83 66 16 97 54 63 47 1 41 8 45 34 78 102 70 64 19 67 75 111 26 49 87 52 11 44 106 89 27 105 108 17 197 211 216 230 254 198 279 257 285 172 123 286 189 179 199 170 163 202 176 166 296 249 247 260 287 251 265 162 218 224 269 175 270 193 190 116 150 222 186 113 242 295 277 227 268 240 220 203 208 297 181 167 114 140 250 283 284 275 174 126 262 196 122 204 243 144 276 299 207 128 282 214 184 159 223 245 138 272 273 266 119 171 155 188 226 187 147 200 125 153 221 132 178 288 294 206 185 205 134 146 130 236 135 261 142 124 154 191 152 151 157 253 239 300 248 121 238 228 161 292 234 281 148 129 263 131 231 133 237 241 215 136 143 271 127 139 149 217 235 192 201 164 195 232 274 246 252 229 183 280 290 264 293 168 118 219 120 145 180 117 267 156 160 182 244 225 256 213 177 255 298 210 137 115 259 169 173 291 141 158 165 289 112 233 212 258 194 278 209
